"idCedente","idGrupoEconomico","dataCadastro","dataValidadeInicial","dataValidadeFinal","valorLimiteGlobal","flagRecuperacaoJudicial","dataEntradaRJ","nmSegmento","UF","nmRegiao","nmCidade","nmBairro"
1,0,"2021-08-11","2025-06-09","2025-11-30",2000000000,Não,,"Bancos múltiplos, com carteira comercial",DF,Centro Oeste,BRASÍLIA,Asa Norte
2,333,"2021-08-10","2022-10-10","2022-10-30",440000000,Não,,Fabricação de álcool,GO,Centro Oeste,ITAPACI,CENTRO
3,0,"2018-07-30","2020-01-06","2020-02-06",0.0,Não,,Fabricação de embalagens metálicas,SP,Sudeste,GUARULHOS,Jardim Nossa Senhora Aparecida
4,354,"2021-12-20","1900-01-01","2022-09-30",18000000,Não,,"Comércio atacadista de mercadorias em geral, sem predominância de alimentos ou de insumos agropecuários",SP,Sudeste,SÃO PAULO,Canindé
5,0,"2018-11-26","1900-01-01","1900-01-01",0.0,Não,,"Transporte rodoviário de carga, exceto produtos perigosos e mudanças, intermunicipal, interestadual e internacional",MG,Sudeste,BELO HORIZONTE,Santa Terezinha
6,0,"2019-01-18","2025-10-30","2026-02-28",2500000.0,Sim,"2024-04-18",Comércio atacadista de óleos e gorduras,MG,Sudeste,CAETÉ,PITO ACESSO
7,0,"2020-03-06","1900-01-01","1900-01-01",0.0,Não,,Preparação e fiação de fibras de algodão,PR,Sul,TOLEDO,Jardim Coopagro
8,0,"1900-01-01","1900-01-01","1900-01-01",0.0,Não,,Montagem de estruturas metálicas,SP,Sudeste,GUARUJA,CING
9,0,"2021-07-26","1900-01-01","1900-01-01",0.0,Não,,Fabricação de artefatos de material plástico para usos industriais,PR,Sul,CURITIBA,CIDADE INDUSTRIAL
10,0,"2021-09-08","2021-09-06","2022-03-05",0.0,Sim,"2022-02-21",Curtimento e outras preparações de couro,GO,Centro Oeste,TRINDADE,ZONA RURAL
11,302,"2019-09-04","2021-03-29","2021-09-28",0.0,Não,,"Construção de redes de transportes por dutos, exceto para água e esgoto",SP,Sudeste,MOGI DAS CRUZES,Caputera
12,13,"2018-04-23","2022-01-31","2022-01-31",1.0,Sim,"2022-02-21",Serviços combinados de escritório e apoio administrativo,SP,Sudeste,SÃO PAULO,Jardim Jabaquara
13,13,"2018-07-16","1900-01-01","1900-01-01",1.0,Sim,"2022-02-21",Fabricação de outros produtos de metal não especificados anteriormente,SP,Sudeste,JUNDIAÍ,Jardim Guanabara
14,13,"2018-07-16","1900-01-01","1900-01-01",1.0,Não,,Produção de artefatos estampados de metal,SP,Sudeste,JUNDIAÍ,Jardim Guanabara
15,277,"2022-01-17","2022-01-17","2022-01-17",8500000.0,Não,,Sem Segmento,SP,Sudeste,MOCOCA,CENTRO
16,131,"2020-05-07","2020-04-01","2020-08-01",0.0,Não,,Fabricação de outros produtos alimentícios não especificados anteriormente,PR,Sul,CURITIBA,JARDIM SOCIAL
17,131,"2020-03-05","1900-01-01","1900-01-01",0.0,Não,,Fabricação de outros produtos alimentícios não especificados anteriormente,PR,Sul,CASTRO,Bom Sucesso
18,0,"2018-12-21","1900-01-01","1900-01-01",0.0,Não,,"Fabricação de equipamentos hidráulicos e pneumáticos, peças e acessórios, exceto válvulas",SP,Sudeste,JUNDIAÍ,Distrito Industrial
19,0,"2018-11-05","2019-08-16","2019-08-17",0.0,Não,,Fabricação de materiais para medicina e odontologia,SP,Sudeste,ARUJÁ,Portão
20,0,"2019-09-17","2025-08-04","2025-11-30",10000000,Não,,Fabricação de azulejos e pisos,SP,Sudeste,CORDEIRÓPOLIS,Centro
21,31,"2018-08-20","2018-08-20","2018-12-19",300000.0,Não,,Laboratórios clínicos,BA,Nordeste,FEIRA DE SANTANA,Centro
22,0,"2019-09-10","2023-01-27","2023-04-30",10000000,Sim,"2024-02-08",Fabricação de álcool,MT,Centro Oeste,SÃO JOSÉ DO RIO CLARO,ZONA RURAL
23,0,"2021-05-28","1900-01-01","1900-01-01",14000000,Não,,"Fabricação de máquinas e equipamentos para uso industrial específico não especificados anteriormente, peças e acessórios",RS,Sul,CAXIAS DO SUL,Santa Catarina
24,238,"2019-11-26","2025-09-30","2026-01-31",19000000,Não,,Processamento industrial do fumo,RS,Sul,SANTA CRUZ DO SUL,Distrito Industrial
25,0,"2021-04-08","1900-01-01","1900-01-01",0.0,Não,,Caixas econômicas,DF,Centro Oeste,BRASÍLIA,Asa Sul
26,0,"2021-05-03","1900-01-01","1900-01-01",0.0,Não,,Comércio atacadista de cereais e leguminosas beneficiados,TO,Norte,ALVORADA,QUADRA40 LOTE 02
27,409,"2021-11-11","2022-11-08","2025-11-30",5000000.0,Não,,"Transporte rodoviário coletivo de passageiros, com itinerário fixo, municipal",RS,Sul,SANTA CRUZ DO SUL,Várzea
28,0,"2022-02-04","2022-02-11","2022-08-10",0.0,Não,,Limpeza em prédios e em domicílios,GO,Centro Oeste,APARECIDA DE GOIANIA,VILA BRASILIA
29,220,"2019-07-22","2025-10-10","2026-02-28",3500000.0,Sim,"2022-02-21","Fabricação de adubos e fertilizantes, exceto organo-minerais",SP,Sudeste,BATATAIS,Bela Vista
30,0,"2021-06-04","1900-01-01","1900-01-01",0.0,Não,,Comércio atacadista de máquinas e equipamentos para uso industrial; partes e peças,"","","",""
31,209,"2021-04-26","2025-10-30","2026-02-28",2520000.0,Não,,Comunicação ,SP,Sudeste,BARUERI,Jr Bela Vista
32,209,"2021-04-29","2021-04-26","2021-10-25",2520000.0,Não,,Comércio varejista especializado de equipamentos de telefonia e comunicação,RJ,Sudeste,RIO DE JANEIRO,Jacarepaguá
33,209,"2021-04-26","2025-10-30","2026-02-28",2520000.0,Não,,"Fabricação de equipamentos transmissores de comunicação, peças e acessórios",SP,Sudeste,SOROCABA,Jardim Gonçalves
34,209,"2021-04-29","2021-04-26","2021-10-25",2520000.0,Não,,Comércio atacadista de componentes eletrônicos e equipamentos de telefonia e comunicação,CE,Nordeste,SÃO PAULO,Pedras
35,153,"2020-10-02","2020-10-19","2021-04-18",35000000,Não,,Cultivo de melão,CE,Nordeste,ARACATI,ZONA RURAL
36,0,"2019-10-21","2022-07-07","2022-12-30",2000000.0,Não,,Atividades técnicas relacionadas à engenharia e arquitetura não especificadas anteriormente,SP,Sudeste,MAIRIPORÃ,Centro
37,32,"2018-05-14","2020-08-03","2020-12-02",1.0,Não,,Comércio atacadista de outras máquinas e equipamentos não especificados anteriormente; partes e peças,SP,Sudeste,SÃO PAULO,Lapa
38,0,"2018-07-23","2018-07-23","2018-11-24",1500000.0,Não,,Fabricação de embalagens de material plástico,SP,Sudeste,MARÍLIA,Distrito Industrial
39,0,"2022-01-06","1900-01-01","1900-01-01",0.0,Não,,"Aluguel de outras máquinas e equipamentos comerciais e industriais não especificados anteriormente, sem operador",SP,Sudeste,VARZEA PAULISTA,JD PAULISTA
40,37,"2020-07-14","2020-07-13","2020-11-12",1700000.0,Não,,Produção de ferroligas,SP,Sudeste,PIRACICABA,Saltinho
41,0,"2021-12-10","1900-01-01","1900-01-01",0.0,Não,,"Transporte rodoviário de carga, exceto produtos perigosos e mudanças, intermunicipal, interestadual e internacional",SP,Sudeste,CUBATAO,VILA NATAL
42,0,"2021-09-27","2023-07-25","2023-12-31",1000000.0,Não,,Desenvolvimento de programas de computador sob encomenda,SP,Sudeste,SÃO PAULO,Vila Mariana
43,0,"2021-08-10","2022-03-29","2022-09-25",18000000,Não,,Fabricação de conservas de frutas,PR,Sul,JAPURÁ,PQ INDUSTRIAL
44,0,"2021-07-29","1900-01-01","1900-01-01",0.0,Não,,"Fabricação de produtos de trefilados de metal, exceto padronizados",SP,Sudeste,SOROCABA,Parque Campolim
45,0,"2020-05-26","1900-01-01","1900-01-01",0.0,Não,,Fabricação de embalagens de material plástico,RJ,Sudeste,NOVA IGUAÇU,Carolina
46,144,"2020-09-17","2021-11-29","2022-05-28",5000000.0,Não,,"Depósitos de mercadorias para terceiros, exceto armazéns gerais e guarda-móveis",SP,Sudeste,SAO PAULO,VILA JAGUARA
47,0,"2021-06-28","2021-06-28","2021-06-29",0.0,Não,,Fabricação de outras peças e acessórios para veículos automotores não especificadas anteriormente,MG,Sudeste,ITAÚNA,Universitário
48,0,"2021-11-18","1900-01-01","1900-01-01",0.0,Não,,Fabricação de artefatos de material plástico para outros usos não especificados anteriormente,RS,Sul,TRES COROAS,SANDER
49,0,"2020-08-19","1900-01-01","1900-01-01",0.0,Não,,"Representantes comerciais e agentes do comércio de produtos alimentícios, bebidas e fumo",MG,Sudeste,UBERABA,Parque das Américas
50,0,"2018-12-18","1900-01-01","1900-01-01",0.0,Não,,Fabricação de produtos de trefilados de metal padronizados,SE,Nordeste,ARACAJU,Centro
51,0,"2020-03-09","1900-01-01","1900-01-01",0.0,Não,,Frigorífico - abate de bovinos,SP,Sudeste,BOITUVA,RETIRO
52,0,"2020-09-08","1900-01-01","1900-01-01",0.0,Não,,Perfuração e construção de poços de água,SP,Sudeste,ARARAQUARA,Portal das Laranjeiras
53,181,"2021-03-08","1900-01-01","2022-03-10",40000000,Não,,"Comércio varejista de mercadorias em geral, com predominância de produtos alimentícios - supermercados",MT,Centro Oeste,SORRISO,INDUSTRIAL
54,0,"2020-03-09","1900-01-01","1900-01-01",0.0,Não,,Comércio atacadista de outras máquinas e equipamentos não especificados anteriormente; partes e peças,SP,Sudeste,SANTOS,Vila Matias
55,155,"2021-04-16","1900-01-01","2021-07-26",5000000.0,Não,,AGRO,"","","",""
56,84,"2021-03-08","1900-01-01","2022-10-10",10000000,Não,,Comércio varejista de material elétrico,SP,Sudeste,SÃO PAULO,Parque Industrial Tomas Edson
57,112,"2020-02-21","2020-03-09","2022-08-01",10000000,Sim,"2022-02-21",Produção de tubos de aço com costura,CE,Nordeste,CAUCAIA,Genipabu
58,155,"2021-04-16","1900-01-01","1900-01-01",5000000.0,Não,,Holdings de instituições não-financeiras,"","","",""
59,247,"2019-04-10","2024-06-28","2024-11-30",3000000.0,Sim,"2024-08-01",Serviços combinados de escritório e apoio administrativo,SP,Sudeste,SÃO JOSÉ DOS CAMPOS,Vila Ema
60,0,"2021-08-26","1900-01-01","2022-01-04",0.0,Não,,"Atividades de intermediação e agenciamento de serviços e negócios em geral, exceto imobiliários",SP,Sudeste,SÃO PAULO,Sé
61,0,"2021-10-26","2021-10-25","2022-04-24",10400000,Não,,Fabricação de peças e acessórios para o sistema de direção e suspensão de veículos automotores,RS,Sul,PORTO ALEGRE,ANCHIETA
62,0,"2019-12-05","2022-04-04","2022-10-01",3000000.0,Não,,Manutenção e reparação de equipamentos de transmissão para fins industriais,SP,Sudeste,APIAI,ALTO DA TENDA
63,0,"2021-11-22","2022-11-23","2025-08-31",9000000.0,Não,,Fabricação de embalagens de material plástico,PR,Sul,APUCARANA,Parque Industrial Zona Norte
64,316,"2018-11-16","2021-03-15","2021-09-14",1950000.0,Não,,Outras obras de instalações em construções não especificadas anteriormente,BA,Nordeste,CAMAÇARI,ALTO DO TRIANGULO
65,0,"2020-03-09","1900-01-01","1900-01-01",0.0,Sim,"2024-07-18",Comércio atacadista de outros produtos químicos e petroquímicos não especificados anteriormente,SP,Sudeste,COTIA,Parque Industrial San José
66,0,"2019-09-16","1900-01-01","1900-01-01",0.0,Não,,"Fabricação de tintas, vernizes, esmaltes e lacas",SP,Sudeste,GUARULHOS,Cidade Aracilia
67,0,"2018-12-26","2020-06-08","2020-10-07",800000.0,Não,,Fabricação de embalagens de material plástico,RJ,Sudeste,SÃO JOÃO DE MERITI,Parque Analândia
68,160,"2020-09-22","2020-11-23","2022-08-01",2000000.0,Não,,Transporte rodoviário de produtos perigosos,PR,Sul,PARANAGUÁ,Serraria do Rocha
69,834,"2021-07-06","2023-10-02","2024-02-29",20000000,Sim,"2024-09-30","Comércio atacadista de defensivos agrícolas, adubos, fertilizantes e corretivos do solo",PR,Sul,LONDRINA,Igapó
70,0,"2018-12-18","1900-01-01","1900-01-01",0.0,Não,,Comércio varejista de outros produtos não especificados anteriormente,SP,Sudeste,SÃO PAULO,Vila Maria Alta
71,0,"2022-02-11","2025-05-19","2025-09-30",15000000,Não,"2025-06-06",Fabricação de peças e acessórios para o sistema motor de veículos automotores,PR,Sul,CURITIBA,Cidade Industrial
72,40,"2018-09-17","2019-07-02","2019-07-03",1.0,Não,,Comércio atacadista de ferragens e ferramentas,SP,Sudeste,SÃO PAULO,Parque Novo Mundo
73,191,"2021-03-15","2024-08-13","2025-10-31",10000000,Não,,AGRO,PR,Sul,PINHAIS,Atuba
74,59,"2018-12-11","2022-05-02","2022-10-29",0.0,Não,,Fabricação de refrigerantes,SP,Sudeste,SANTA GERTRUDES,Parque dos Jequitibás
75,0,"2020-03-06","1900-01-01","1900-01-01",0.0,Não,,Fabricação de móveis com predominância de metal,SC,Sul,INDAIAL,ENCANO
76,41,"2018-09-17","2020-12-07","2021-06-06",1.0,Não,,Fabricação de embalagens de papel,SP,Sudeste,GUARULHOS,Vila Aeroporto
77,52,"2022-01-17","2022-01-17","2022-01-17",4767000.0,Não,,Moagem e fabricação de produtos de origem vegetal não especificados anteriormente,"","","",""
78,0,"2020-02-18","1900-01-01","1900-01-01",0.0,Não,,Fabricação de laminados planos e tubulares de material plástico,SP,Sudeste,MOGI GUAÇU,Parque Industrial Getúlio Vargas
79,0,"2020-03-10","2020-03-16","2020-04-16",1.0,Não,,Fabricação de laticínios,MG,Sudeste,POÇO FUNDO,Centro 
80,222,"2021-10-18","1900-01-01","1900-01-01",50000000,Não,,"Fabricação de adubos e fertilizantes, exceto organo-minerais",SP,Sudeste,CUBATÃO,Jardim das Indústrias
81,191,"2020-10-05","2024-08-13","2025-02-28",10000000,Não,,Transporte,SP,Sudeste,BEBEDOURO,Distrito Industrial III
82,0,"2021-07-16","1900-01-01","1900-01-01",0.0,Não,,Fabricação de artefatos de material plástico para usos industriais,SP,Sudeste,JUNDIAI,PQ INDUSTRIAL JUNDIAI III
83,114,"2020-01-09","2025-09-16","2026-01-31",2000000.0,Não,,Atividades de apoio à agricultura não especificadas anteriormente,SC,Sul,SÃO MIGUEL DO OESTE,Linha Bela Vista das Flores
84,114,"2019-12-06","2020-01-06","2020-05-05",2000000.0,Não,,Fabricação de laticínios,SC,Sul,SÃO MIGUEL DO OESTE,..
85,114,"2020-01-09","1900-01-01","1900-01-01",2000000.0,Não,,"Comércio varejista de mercadorias em geral, com predominância de produtos alimentícios - supermercados",SC,Sul,SÃO MIGUEL DO OESTE,..
86,114,"2020-01-09","1900-01-01","1900-01-01",2000000.0,Não,,Comércio atacadista de leite e laticínios,SC,Sul,SÃO MIGUEL DO OESTE,..
87,0,"2021-09-13","2022-04-12","2022-09-30",10000000,Não,,"Fabricação de óleos vegetais em bruto, exceto óleo de milho",PR,Sul,LONDRINA,CAMPO BELO
88,0,"1900-01-01","1900-01-01","1900-01-01",0.0,Não,,Produção de artefatos estampados de metal,"","","",""
89,0,"2021-10-14","1900-01-01","1900-01-01",0.0,Não,,"Comércio atacadista de álcool carburante, biodiesel, gasolina e demais derivados de petróleo, exceto lubrificantes, não realizado por transportador retalhista (TRR)",SP,Sudeste,CIANORTE,ZONA 03
90,0,"2019-06-13","1900-01-01","1900-01-01",0.0,Não,,Comércio varejista de outros produtos não especificados anteriormente,SP,Sudeste,TABOÃO DA SERRA,Jardim Wanda
91,306,"2019-12-10","2025-10-21","2026-03-31",10000000,Não,,"Fabricação de outros produtos do fumo, exceto cigarros, cigarrilhas e charutos",RS,Sudeste,VENANCIO AIRES,LINHA ESTRELA
92,1105,"2020-01-30","2025-06-26","2025-09-30",5755000.0,Sim,"2025-07-15",Comércio atacadista de bebidas não especificadas anteriormente,SP,Sudeste,GUARULHOS,Jardim Madeirense
93,157,"2020-08-28","2023-07-31","2024-05-31",5500000.0,Não,,"Transporte rodoviário de carga, exceto produtos perigosos e mudanças, intermunicipal, interestadual e internacional",DF,Centro Oeste,BRASÍLIA,Vila Vicentina (Planaltina)
94,162,"2021-05-03","1900-01-01","2022-09-30",7000000.0,Não,,Criação de bovinos para corte,PA,Norte,ANANINDEUA,Distrito Industrial
95,0,"2019-12-26","1900-01-01","1900-01-01",0.0,Não,,Administração de obras,SP,Sudeste,SÃO PAULO,Vila Santo Antônio
96,233,"2021-06-28","2022-08-15","2023-02-28",1000000.0,Não,,Fabricação de outras peças e acessórios para veículos automotores não especificadas anteriormente,PR,Sul,CURITIBA,Cidade Industrial
97,27,"2018-07-30","2025-10-10","2025-11-30",82000000,Não,,"Produção de relaminados, trefilados e perfilados de aço, exceto arames",AM,Norte,MANAUS,Distrito Industrial I
98,200,"2021-04-05","1900-01-01","1900-01-01",1200000.0,Não,,"Serviços de acabamentos gráficos, exceto encadernação e plastificação",SP,Sudeste,"",""
99,0,"2019-11-18","1900-01-01","1900-01-01",0.0,Não,,"Comércio atacadista de álcool carburante, biodiesel, gasolina e demais derivados de petróleo, exceto lubrificantes, não realizado por transportador retalhista (TRR)",RJ,Sudeste,RIO DE JANEIRO,Centro
100,0,"2021-07-19","1900-01-01","1900-01-01",0.0,Não,,Fabricação de outros produtos de metal não especificados anteriormente,SP,Sudeste,MAUÁ,CAPUAVA
101,1096,"2020-03-12","2025-06-06","2025-09-30",3000000.0,Não,,Produção de tubos de aço com costura,SP,Sudeste,BARUERI,Jardim Belval
102,0,"2019-01-16","1900-01-01","1900-01-01",0.0,Não,,"Comércio atacadista de instrumentos e materiais para uso médico, cirúrgico, hospitalar e de laboratórios",MG,Sudeste,BELO HORIZONTE,São Francisco
103,156,"2022-02-23","2022-08-09","2022-08-30",11000000,Não,,"Fabricação de cabines, carrocerias e reboques para caminhões",PR,Sul,SÃO JOSÉ DOS PINHAIS,Ipê
104,0,"1900-01-01","1900-01-01","1900-01-01",1.0,Não,,Tecelagem de fios de fibras artificiais e sintéticas,SP,Sudeste,AMERICANA,SITIO MANICOBA
105,0,"1900-01-01","1900-01-01","1900-01-01",0.0,Não,,Tecelagem de fios de fibras artificiais e sintéticas,PE,Nordeste,CABO DE ST AGOSTINHO,PONTE DOS CARVA
106,0,"2021-08-31","2021-08-30","2021-08-31",1.0,Não,,Moagem de trigo e fabricação de derivados,GO,Centro Oeste,LUZIÂNIA,Centro
107,0,"2019-01-21","1900-01-01","1900-01-01",0.0,Não,,Holdings de instituições não-financeiras,SP,Sudeste,PIRACICABA,Santa Rosa
108,0,"2020-03-27","1900-01-01","1900-01-01",0.0,Não,,Comércio atacadista de cereais e leguminosas beneficiados,MG,Sudeste,PARACATU,NOSSA SENHORA DE FATIMA
109,320,"2021-05-25","2025-04-23","2026-02-28",10000000,Não,,Comércio atacadista de cereais e leguminosas beneficiados,MS,Centro Oeste,ANTONIO JOÃO,CENTRO
110,244,"2020-10-01","2025-09-29","2026-01-31",3000000.0,Não,,"Transporte rodoviário de carga, exceto produtos perigosos e mudanças, intermunicipal, interestadual e internacional",SP,Sudeste,AGUDOS,Distrito Industrial
111,0,"2018-11-16","2018-12-03","2019-04-02",500000.0,Não,,Construção de edifícios,PR,Sul,CURITIBA,Cidade Industrial
112,0,"2020-01-28","1900-01-01","1900-01-01",0.0,Não,,"Bancos múltiplos, com carteira comercial",PR,Sul,CURITIBA,""
113,0,"2018-05-08","2018-05-07","2018-09-07",3000000.0,Não,,Frigorífico - abate de bovinos,MG,Sudeste,ITAJUBA,Açude
114,0,"2018-10-30","2019-08-26","2019-12-25",500000.0,Não,,Comércio varejista de materiais de construção não especificados anteriormente,SP,Sudeste,VÁRZEA PAULISTA,Área Industrial
115,0,"2018-12-20","1900-01-01","1900-01-01",0.0,Não,,"Confecção de roupas profissionais, exceto sob medida",MG,Sudeste,UBERABA,Amoroso Costa
116,0,"2020-06-30","1900-01-01","1900-01-01",0.0,Não,,"Atividades de consultoria em gestão empresarial, exceto consultoria técnica específica",SP,Sudeste,SANTANA DE PARNAÍBA,Alphaville
117,0,"2021-09-08","2024-08-20","2025-01-31",13200000,Não,,Fabricação de defensivos agrícolas,SP,Sudeste,SÃO PAULO,Vila Cruzeiro
118,0,"2018-11-29","1900-01-01","1900-01-01",0.0,Não,,Outras atividades de serviços prestados principalmente às empresas não especificadas anteriormente,SP,Sudeste,VINHEDO,SAO JOAQUIM
119,54,"2018-11-27","2021-09-20","2021-09-21",1.0,Não,,Comércio atacadista de matérias-primas agrícolas não especificadas anteriormente,PR,Sul,TOLEDO,Jardim Porto Alegre
120,54,"2019-05-10","2020-03-16","2020-07-15",1.0,Não,,"Fabricação de óleos vegetais em bruto, exceto óleo de milho",PR,Sul,MARECHAL CÂNDIDO RONDON,CENTRO
121,248,"2021-05-04","2021-05-03","2021-11-02",10000000,Não,,Outras obras de acabamento da construção,SP,Sudeste,SÃO PAULO,Vila Hamburguesa
122,0,"2019-01-09","2019-01-09","2019-05-08",500000.0,Não,,Comércio atacadista de produtos alimentícios em geral,SP,Sudeste,SÃO PAULO,Brás
123,0,"1900-01-01","1900-01-01","1900-01-01",260000.0,Não,,Serviços advocatícios,SP,Sudeste,SAO PAULO,JARDIM PAULISTA
124,0,"2021-11-01","2021-11-22","2022-05-21",10000000,Não,,"Transporte rodoviário de carga, exceto produtos perigosos e mudanças, intermunicipal, interestadual e internacional",PR,Sul,MARINGÁ,Parque Industrial 200
125,142,"2020-09-17","2021-02-01","2021-07-31",400000.0,Sim,"2022-02-21",Sem Segmento,SP,Sudeste,SÃO PAULO,Vila Sofia
126,142,"2020-11-23","2021-02-01","2021-07-31",400000.0,Não,,Fabricação de outras peças e acessórios para veículos automotores não especificadas anteriormente,SP,Sudeste,SÃO PAULO,Vila Romano
127,33,"2018-08-27","2019-07-02","2023-01-01",1.0,Não,,Fornecimento e gestão de recursos humanos para terceiros,PE,Nordeste,JABOATÃO DOS GUARARAPES,Prazeres
128,0,"2020-06-08","2024-12-17","2025-04-30",500000.0,Não,,Fabricação de alimentos para animais,MS,Centro Oeste,VALENTINA,Prolongamento
129,0,"2019-10-21","2019-11-11","2020-03-10",1500000.0,Não,,Construção de edifícios,BA,Nordeste,PAULO AFONSO,Setor Industrial
130,0,"2021-03-29","2021-03-29","2021-03-30",0.0,Não,,Construção de estações e redes de telecomunicações,"","","",""
131,0,"2018-12-21","1900-01-01","1900-01-01",0.0,Não,,Manutenção e reparação de máquinas e equipamentos para uso geral não especificados anteriormente,SP,Sudeste,PIRAPORA DO BOM JESUS,SITIO MORRO BRANCO
132,87,"2019-07-02","2019-07-01","2019-11-01",5.0,Não,,"Comércio atacadista de produtos siderúrgicos e metalúrgicos, exceto para construção",SP,Sudeste,LIMEIRA,BAIRRO DA GEADA
133,0,"2021-11-03","1900-01-01","1900-01-01",0.0,Não,,Comércio atacadista de cereais e leguminosas beneficiados,MG,Sudeste,UNAI,KAMAYURA
134,0,"2021-07-22","1900-01-01","1900-01-01",0.0,Não,,Produção de artefatos estampados de metal,SP,Sudeste,SANTO ANDRE,VILA PIRES
135,20,"2018-05-15","2019-02-11","2019-06-10",30000000,Não,,Frigorífico - abate de bovinos,MT,"",GUARANTÃ DO NORTE,GLEBA BRAO SUL
136,20,"2018-06-11","1900-01-01","1900-01-01",30000000,Não,,Sem Segmento,MT,Centro Oeste,ARAPUTANGA,ZONA RURAL
137,20,"2018-06-11","1900-01-01","1900-01-01",30000000,Não,,Sem Segmento,MT,Centro Oeste,CASTANHEIRA,ZONA RURAL
138,20,"2018-06-11","1900-01-01","1900-01-01",30000000,Não,,Comércio atacadista de carnes bovinas e suínas e derivados,SC,Sul,NAVEGANTES,Volta Grande
139,20,"2018-06-11","1900-01-01","1900-01-01",30000000,Não,,Frigorífico - abate de bovinos,MT,Centro Oeste,BARRA DO BUGRES,RAIZAMA
140,20,"2018-05-15","2019-02-11","2019-06-10",30000000,Não,,Curtimento e outras preparações de couro,MT,Centro Oeste,JANGADA,ZONA RURAL
141,0,"2021-09-09","1900-01-01","1900-01-01",0.0,Não,,Produção de tubos de aço com costura,SC,Sudeste,GARUVA,URUBUQUARA
142,322,"2021-02-22","2021-02-22","2021-05-21",500000.0,Não,,Preparação do leite,MG,Sudeste,MUZAMBINHO,""
143,171,"2021-06-15","2024-10-28","2025-02-28",2000000.0,Não,,Fabricação de outros brinquedos e jogos recreativos não especificados anteriormente,MG,Sudeste,TRÊS PONTAS,INDUSTRIAL
144,0,"2018-09-10","2018-09-10","2018-09-11",0.0,Não,,Fabricação de laminados planos e tubulares de material plástico,SP,Sudeste,BARUERI,Jardim Belval
145,0,"2018-08-28","2019-12-09","2020-04-08",300000.0,Não,,Preparação de massa de concreto e argamassa para construção,SP,Sudeste,AVARÉ,sede
146,0,"2021-08-31","2025-03-14","2025-07-31",3000000.0,Sim,"2024-05-09",Fabricação de artefatos de material plástico para usos industriais,SP,Sudeste,SÃO PAULO,Jardim Pereira Leite
147,0,"2019-12-19","2020-01-27","2022-08-30",800000.0,Não,,Fabricação de artefatos para pesca e esporte,RS,Sul,SAPIRANGA,SANTA FE
148,0,"2021-08-31","2021-08-30","2022-03-01",15000000,Não,,"Comércio atacadista de álcool carburante, biodiesel, gasolina e demais derivados de petróleo, exceto lubrificantes, não realizado por transportador retalhista (TRR)",GO,Centro Oeste,SENADOR CANEDO,RES JD CANEDO II
149,0,"2020-01-30","2024-12-23","2025-04-30",2500000.0,Não,,Fabricação de vidro plano e de segurança,SP,Sudeste,GUARULHOS,Parque Industrial Cumbica
150,0,"2019-12-02","2020-01-13","2020-05-12",300000.0,Não,,"Edição integrada à impressão de cadastros, listas e outros produtos gráficos",SP,Sudeste,COTIA,JD. da Glória
151,0,"2021-06-14","1900-01-01","1900-01-01",0.0,Não,,Sem Segmento,MG,Sudeste,STA RITA DO SAPUCAI,JD DAS PALMEIRAS
152,194,"2021-03-22","1900-01-01","2022-02-08",1.0,Não,,Comércio varejista de produtos alimentícios em geral ou especializado em produtos alimentícios não especificados anteriormente,MG,Sudeste,IGARAPÉ,VETERINARIA
153,0,"2020-03-10","1900-01-01","1900-01-01",0.0,Não,"2024-01-24","Fabricação de sucos de frutas, hortaliças e legumes, exceto concentrados",SP,Sudeste,SÃO PAULO,Cidade Monções
154,0,"1900-01-01","1900-01-01","1900-01-01",0.0,Não,,Fabricação de calçados de materiais não especificados anteriormente,MG,Sudeste,NOVA SERRANA,PARK D. G. MART
155,334,"2021-08-24","1900-01-01","2022-07-01",26000000,Não,,Sem Segmento,SP,Sudeste,SÃO PAULO,Parque Industrial Tomas Edson
156,0,"2020-03-06","1900-01-01","1900-01-01",0.0,Não,,Comércio atacadista de outros equipamentos e artigos de uso pessoal e doméstico não especificados anteriormente,SC,Sul,BLUMENAU,Itoupavazinha
157,333,"2021-08-10","2022-10-10","2022-10-30",440000000,Não,,Incorporação de empreendimentos imobiliários,SP,Sudeste,VARGEM GRANDE DO SUL,Jardim Brasilia
158,186,"2021-03-09","1900-01-01","1900-01-01",2700000.0,Não,,Fabricação de produtos de carne,"","","",""
159,333,"2020-04-08","2025-08-11","2025-11-30",440000000,Sim,"2022-02-21",Fabricação de açúcar em bruto,PE,Nordeste,CORTÊS,ZONA RURAL
160,181,"2021-03-08","1900-01-01","2022-03-10",40000000,Não,,"Atividades de consultoria em gestão empresarial, exceto consultoria técnica específica",SP,Sudeste,SÃO PAULO,Indianópolis
161,0,"2018-12-06","1900-01-01","1900-01-01",0.0,Não,,Consultoria em tecnologia da informação,SP,Sudeste,LAURO DE FREITAS,BURAQUINHO
162,0,"2019-05-14","2019-05-20","2019-09-19",600000.0,Não,,Instalação e manutenção elétrica,SP,Sudeste,MOGI DAS CRUZES,Centro
163,0,"2021-08-10","2021-08-10","2021-08-11",0.0,Não,,"Comércio varejista de cosméticos, produtos de perfumaria e de higiene pessoal",SP,Sudeste,GUARULHOS,Vila Endres
164,162,"2021-05-03","1900-01-01","2022-09-30",7000000.0,Não,,Sem Segmento,PA,Norte,ANANINDEUA,Distrito Industrial
165,51,"2018-11-05","2018-10-25","2019-02-24",1000000.0,Não,,Atividades de profissionais da área de saúde não especificadas anteriormente,SP,Sudeste,SÃO PAULO,Jardim Everest
166,116,"2020-03-20","2020-07-13","2020-11-12",1000000.0,Não,,Fabricação de chapas e de embalagens de papelão ondulado,MG,Sudeste,ARCEBURGO,DISTRITO INDUSTRIAL
167,0,"2018-04-11","2018-04-10","2018-08-10",2000000.0,Não,,"Fabricação de outras máquinas e equipamentos de uso geral não especificados anteriormente, peças e acessórios","","","",""
168,0,"1900-01-01","1900-01-01","1900-01-01",0.0,Não,,Fabricação de calçados de material sintético,RS,Sul,TRES COROAS,CENTRO
169,470,"2020-03-10","2025-10-21","2026-01-31",236000000,Não,,Fabricação de medicamentos alopáticos para uso humano,BA,Nordeste,SANTO ANTÔNIO DE JESUS,Salgadeira
170,0,"2018-12-11","1900-01-01","1900-01-01",0.0,Não,,Montagem de estruturas metálicas,SP,Sudeste,CAÇAPAVA,Piedade
171,0,"2021-10-06","1900-01-01","1900-01-01",0.0,Não,,Fabricação de embalagens de material plástico,PR,Sul,CURITIBA,Cidade Industrial
172,0,"2021-01-26","2021-01-26","2021-01-27",1.0,Não,,Comércio atacadista de embalagens,SP,Sudeste,SÃO PAULO,Vila Clementino
173,386,"2021-12-01","2025-03-13","2025-08-31",120352000,Sim,"2024-08-01",Fabricação de adubos e fertilizantes organo-minerais,PR,Sul,MANDAGUARI,GLEBA RIB. VITORIA
174,0,"2021-08-28","2022-05-18","2022-11-30",3600000.0,Não,,Outras obras de engenharia civil não especificadas anteriormente,GO,Centro Oeste,GOIÂNIA,Parque Oeste Industrial
175,0,"2020-05-14","1900-01-01","2022-01-01",0.0,Não,,Fabricação de produtos químicos orgânicos não especificados anteriormente,SP,Sudeste,CUBATAO,PIACAGUERA
176,241,"2018-07-03","2024-06-11","2024-08-31",4200000.0,Sim,"2022-02-21","Fabricação de fios, cabos e condutores elétricos isolados",RJ,Sudeste,VASSOURAS,CANANEIA
177,0,"2018-07-10","2018-07-10","2018-11-11",500000.0,Não,,"Fabricação de transformadores, indutores, conversores, sincronizadores e semelhantes, peças e acessórios",SP,Sudeste,DIADEMA,Centro
178,0,"2021-05-10","2021-05-10","2023-01-02",0.0,Não,,Preparação e fiação de fibras de algodão,PE,Nordeste,PETROLINA,Atrás da Banca
179,0,"2020-11-06","1900-01-01","1900-01-01",0.0,Não,,Comércio atacadista de cereais e leguminosas beneficiados,GO,Centro Oeste,ITUMBIARA,Setor Planalto
180,350,"2021-11-30","1900-01-01","2022-10-30",12000000,Não,,Comércio atacadista de cereais e leguminosas beneficiados,SP,Sudeste,VARGEM GRANDE DO SUL,Zona Rural
181,0,"2022-02-01","1900-01-01","1900-01-01",0.0,Não,,Comércio atacadista de alimentos para animais,GO,Centro Oeste,GOIÂNIA,Setor Campinas
182,258,"2020-05-11","2022-10-03","2022-12-31",20000000,Não,,Comércio atacadista de soja,MT,Centro Oeste,CUIABA,ALVORADA
183,93,"2019-07-23","2023-06-06","2023-09-30",3000000.0,Não,,Produção de outros tubos de ferro e aço,SP,Sudeste,SÃO PAULO,Vila Maria Baixa
184,0,"2018-05-02","2020-07-06","2020-11-05",500000.0,Não,,Comércio atacadista de embalagens,SP,Sudeste,GUARULHOS,Jardim Ottawa
185,333,"2021-08-10","2023-08-25","2023-10-31",440000000,Não,,"Atividades de intermediação e agenciamento de serviços e negócios em geral, exceto imobiliários",RN,Nordeste,NATAL,Capim Macio
186,333,"2020-04-14","2025-08-11","2025-11-30",440000000,Sim,"2024-09-24",Fabricação de álcool,GO,Centro Oeste,ANICUNS,CENTRO
187,213,"1900-01-01","2022-09-27","2023-03-30",3000000.0,Não,,Comércio atacadista de cereais e leguminosas beneficiados,MA,Sudeste,BALSAS,SAO FELIX
188,355,"2021-12-20","1900-01-01","2022-12-30",6000000.0,Não,,Aluguel de imóveis próprios,SP,Sudeste,SÃO PAULO,Parque Industrial Tomas Edson
189,0,"2021-05-18","1900-01-01","1900-01-01",0.0,Não,,Limpeza em prédios e em domicílios,SP,Sudeste,SÃO CAETANO DO SUL,Santa Paula
190,0,"2018-12-21","1900-01-01","1900-01-01",0.0,Não,,"Fabricação de outras máquinas e equipamentos de uso geral não especificados anteriormente, peças e acessórios",SP,Sudeste,SÃO PAULO,República
191,427,"2020-04-16","2023-03-23","2024-11-30",5000000.0,Não,,"Fabricação de tanques, reservatórios metálicos e caldeiras para aquecimento central",MG,Sudeste,ARAXÁ,Micro Distrito Santa Rita
192,0,"2018-11-16","1900-01-01","1900-01-01",0.0,Não,,Fabricação de outros produtos de metal não especificados anteriormente,SP,Sudeste,GUARULHOS,Vila Nova Cumbica
193,0,"2021-10-28","2022-03-15","2022-09-11",2000000.0,Não,,"Transporte rodoviário coletivo de passageiros, com itinerário fixo, municipal",GO,Centro Oeste,CATALÃO,Residencial Vereda dos Buritis
194,0,"2019-09-27","2025-09-22","2026-02-28",100000000,Não,,Indústria,SP,Sudeste,PAULÍNIA,Morumbi
195,0,"2020-11-10","2020-11-09","2020-11-11",0.0,Não,,"Fabricação de sucos concentrados de frutas, hortaliças e legumes","","","",""
196,0,"2021-08-04","1900-01-01","1900-01-01",0.0,Não,,"Fabricação de máquinas e aparelhos de refrigeração e ventilação para uso industrial e comercial, peças e acessórios",SP,Sudeste,TABOAO DA SERRA,Parque Santos Dumont
197,167,"2020-08-13","1900-01-01","1900-01-01",0.0,Não,,Seleção e agenciamento de mão-de-obra,SP,Sudeste,SÃO PAULO,Planalto Paulista
198,167,"2020-12-03","1900-01-01","1900-01-01",0.0,Não,,Sem Segmento,SP,Sudeste,BARUERI,Centro Comercial
199,416,"2022-02-23","2025-09-23","2026-01-31",1771000.0,Sim,"2022-06-09",Fabricação de chapas e de embalagens de papelão ondulado,RJ,Sudeste,SAPUCAIA,ANTA
200,0,"2020-04-06","1900-01-01","1900-01-01",0.0,Não,,"Fabricação de material elétrico e eletrônico para veículos automotores, exceto baterias",SP,Sudeste,POÁ,Centro
201,52,"2018-11-05","2021-06-14","2021-12-13",4767000.0,Sim,"2024-08-01",Comércio atacadista de produtos alimentícios em geral,RJ,Sudeste,RIO DE JANEIRO,CAMPO GRANDE
202,0,"1900-01-01","2018-05-07","2017-05-07",1.0,Não,,Fabricação de artefatos de material plástico para outros usos não especificados anteriormente,SP,Sudeste,IBATE,PQ. IND. ANTONI
203,0,"2020-05-16","2020-06-05","2020-10-04",100000.0,Não,,"Comércio atacadista de defensivos agrícolas, adubos, fertilizantes e corretivos do solo",MG,Sudeste,PIRAJUBA,SETOR INDUSTRIAL
204,159,"2020-11-11","2021-03-15","2021-09-14",400000.0,Não,,Comércio varejista de outros produtos não especificados anteriormente,RJ,Sudeste,RIO DE JANEIRO,Benfica
205,0,"2019-03-18","1900-01-01","1900-01-01",0.0,Não,,Outros transportes rodoviários de passageiros não especificados anteriormente,SP,Sudeste,CUBATÃO,Vila Ponte Nova
206,162,"2021-05-03","1900-01-01","2022-09-30",7000000.0,Não,,Sem Segmento,PA,Norte,ANANINDEUA,Distrito Industrial
207,224,"2021-05-31","2025-11-04","2026-01-31",2400000.0,Sim,"2022-05-13",UTI móvel,SP,Sudeste,SÃO PAULO,Parque Industrial Tomas Edson
208,0,"2019-09-02","2021-07-27","2021-07-28",1.0,Não,,Construção de edifícios,BA,Nordeste,CAMAÇARI,Centro
209,95,"2019-10-29","2020-03-09","2022-07-01",10000000,Não,,"Comércio atacadista de produtos siderúrgicos e metalúrgicos, exceto para construção",SP,Sudeste,LEME,Jardim Nova Leme
210,95,"2019-11-12","2020-03-09","2020-07-08",10000000,Não,,Produção de artefatos estampados de metal,MG,Sudeste,BETIM,Casa Amarela
211,95,"2019-11-12","2020-03-09","2020-07-08",10000000,Não,,"Comércio atacadista de produtos siderúrgicos e metalúrgicos, exceto para construção",SC,Sul,ARAQUARI,Ponto Alto - ARI
212,0,"2019-09-11","1900-01-01","1900-01-01",0.0,Não,,"Aluguel de outras máquinas e equipamentos comerciais e industriais não especificados anteriormente, sem operador",MG,Sudeste,ARAXÁ,Santa Mônica
213,0,"2018-11-13","1900-01-01","1900-01-01",0.0,Não,,Outras atividades de serviços prestados principalmente às empresas não especificadas anteriormente,SP,Sudeste,SÃO PAULO,República
214,0,"2021-03-15","2021-03-15","2021-03-16",0.0,Não,,Comércio atacadista especializado em outros produtos intermediários não especificados anteriormente,"","","",""
215,0,"2021-06-08","1900-01-01","1900-01-01",0.0,Não,,Produção de laminados de alumínio,SP,Sudeste,SÃO JOSÉ DOS CAMPOS,EUGENIO DE MELLO
216,162,"2021-05-03","1900-01-01","2022-09-30",7000000.0,Não,,"Transporte rodoviário de carga, exceto produtos perigosos e mudanças, municipal",PA,Norte,ANANINDEUA,Distrito Industrial
217,0,"2021-12-07","2022-11-16","2025-12-31",10000000,Não,,"Fabricação de outras máquinas e equipamentos de uso geral não especificados anteriormente, peças e acessórios",SP,Sudeste,TABOÃO DA SERRA,Parque Industrial das Oliveiras
218,0,"2020-07-17","2020-07-27","2022-09-01",2000000.0,Não,,"Fabricação de óleos vegetais refinados, exceto óleo de milho",PA,Norte,BONITO,ZONA RURAL
219,0,"2019-11-19","2019-11-18","2020-03-17",500000.0,Não,,"Atividades de consultoria em gestão empresarial, exceto consultoria técnica específica",SP,Sudeste,BARUERI,ALPHAVILLE
220,89,"2019-07-23","2020-08-10","2023-02-01",7000000.0,Não,,Frigorífico - abate de bovinos,MG,Sudeste,IBIRITE,CENTRO
221,0,"2019-01-17","1900-01-01","1900-01-01",0.0,Não,,Serviços de engenharia,SP,Sudeste,TAUBATÉ,Central Parque
222,0,"1900-01-01","1900-01-01","1900-01-01",1000000.0,Não,,Produção de laminados de alumínio,MG,Sudeste,JACUTINGA,SEM DENOMINACAO
223,0,"2020-03-11","1900-01-01","1900-01-01",0.0,Não,,Fabricação de medicamentos alopáticos para uso humano,SP,Sudeste,DIADEMA,Serraria
224,0,"2020-07-21","1900-01-01","1900-01-01",0.0,Não,,Fabricação de medicamentos alopáticos para uso humano,"","","",""
225,0,"2020-02-18","2020-02-17","2020-06-16",600000.0,Não,,"Fabricação de máquinas e equipamentos para uso industrial específico não especificados anteriormente, peças e acessórios",SP,Sudeste,MAUA,""
226,342,"2021-08-10","2021-08-09","2022-02-08",2000000.0,Não,,Frigorífico - abate de suínos,PR,Sul,TOLEDO,Conjunto Barão do Rio Branco II
227,0,"2020-03-06","1900-01-01","1900-01-01",0.0,Não,,Comércio varejista de artigos médicos e ortopédicos,SC,Sul,SÃO JOSÉ,Fazenda Santo Antônio
228,0,"2021-08-24","2021-08-23","2022-02-22",0.0,Não,,Curtimento e outras preparações de couro,PR,Sul,UMUARAMA,Zona II
229,0,"2019-08-23","1900-01-01","1900-01-01",0.0,Não,,Atividades técnicas relacionadas à engenharia e arquitetura não especificadas anteriormente,MG,Sudeste,BELO HORIZONTE,Sion
230,197,"2020-08-24","2022-05-27","2026-03-31",5000000.0,Não,,Fabricação de aparelhos e equipamentos para distribuição e controle de energia elétrica,GO,Centro Oeste,ITUMBIARA,Setor Nossa Senhora da Saúde
231,227,"2018-10-02","2021-06-17","2022-07-30",5000000.0,Não,"2025-05-02",Comércio atacadista de cereais e leguminosas beneficiados,MT,Centro Oeste,CUIBÁ,Porto
232,71,"2019-02-26","2023-04-28","2023-08-31",5000000.0,Não,,Comércio atacadista de cereais e leguminosas beneficiados,MS,Centro Oeste,NOVA ALVORADA DO SUL,ZONA RURAL
233,71,"2019-02-26","1900-01-01","2023-08-30",5000000.0,Não,,Comércio atacadista de cereais e leguminosas beneficiados,MT,Centro Oeste,LUCAS DO RIO VERDE,""
234,71,"2019-02-26","2023-04-28","2023-08-31",5000000.0,Não,,Comércio atacadista de matérias-primas agrícolas não especificadas anteriormente,MT,Centro Oeste,ÁGUA BOA,JD TROPICAL
235,71,"2019-02-26","2023-04-28","2023-08-31",5000000.0,Não,,Comércio atacadista de matérias-primas agrícolas não especificadas anteriormente,GO,Centro Oeste,RIO VERDE,Jardim Goiás
236,71,"2019-02-26","2023-04-28","2023-08-31",5000000.0,Não,,Moagem e fabricação de produtos de origem vegetal não especificados anteriormente,MT,Centro Oeste,VALE DE SÃO DOMINGOS,ZONA RURAL
237,71,"2019-02-26","2023-04-28","2023-08-31",5000000.0,Não,,Serviços combinados de escritório e apoio administrativo,SP,Sudeste,ASSIS,Centro
238,71,"2019-02-26","2023-04-28","2023-08-31",5000000.0,Não,,Comércio atacadista de cereais e leguminosas beneficiados,PR,Sul,PARANAGUÁ,Costeira
239,71,"2019-02-26","2023-04-28","2023-08-31",5000000.0,Não,,Comércio atacadista de cereais e leguminosas beneficiados,SP,Sudeste,ASSIS,Vila Progresso
240,71,"2019-02-25","2023-04-28","2023-08-31",5000000.0,Não,,Comércio atacadista de cereais e leguminosas beneficiados,SC,Norte,IMBITUBA,CENTRO
241,71,"2019-02-26","2023-04-28","2023-08-31",5000000.0,Não,,Atividades do Operador Portuário,ES,Sudeste,VITÓRIA,Enseada do Suá
242,71,"2019-02-26","2023-04-28","2023-08-31",5000000.0,Não,,Comércio atacadista de cereais e leguminosas beneficiados,RS,Sul,PORTO ALEGRE,Centro Histórico
243,71,"2019-02-26","2023-04-28","2023-08-31",5000000.0,Não,,Comércio atacadista de cereais e leguminosas beneficiados,RS,Sul,PORTO ALEGRE,Centro Histórico
244,82,"2020-11-24","2022-03-21","2023-01-30",30000000,Não,,Fabricação de embalagens de material plástico,SP,Sudeste,GUARULHOS,Jardim Brasil
245,21,"2018-05-17","2025-05-26","2025-08-31",2800000.0,Não,,"Transporte rodoviário de carga, exceto produtos perigosos e mudanças, intermunicipal, interestadual e internacional",SP,Sudeste,CAJAMAR,Empresarial Mirante de Cajamar (Polvilho)
246,21,"2018-05-29","2025-05-26","2025-08-31",2800000.0,Não,,Sem Segmento,SP,Sudeste,SOROCABA,Jardim Ibiti do Paço
247,21,"2018-05-29","2025-05-26","2025-08-31",2800000.0,Não,,Sem Segmento,SP,Sudeste,SUMARÉ,Jardim Aclimação (Nova Veneza)
248,0,"1900-01-01","1900-01-01","1900-01-01",0.0,Não,,Sem Segmento,SP,Sudeste,GUARULHOS,VILA NOVA BONSU
249,0,"2020-12-01","1900-01-01","2025-11-30",5000000.0,Não,,Construção de edifícios,SP,Sudeste,DIADEMA,Centro
250,51,"2018-10-08","2020-11-30","2021-05-29",1000000.0,Não,,"Serviços de acabamentos gráficos, exceto encadernação e plastificação",SP,Sudeste,BARUERI,Tamboré
251,21,"2018-05-29","2025-05-26","2025-08-31",2800000.0,Não,,"Transporte rodoviário de carga, exceto produtos perigosos e mudanças, intermunicipal, interestadual e internacional",SP,Sudeste,ARAÇATUBA,Chácaras Califórnia
252,0,"2018-07-23","2019-08-16","2019-08-17",5.0,Não,,Comércio atacadista de cosméticos e produtos de perfumaria,SP,Sudeste,INDAIATUBA,Helvétia
253,0,"2020-02-03","1900-01-01","1900-01-01",0.0,Não,,"Comércio atacadista de mercadorias em geral, sem predominância de alimentos ou de insumos agropecuários",SC,Sul,ITAJAI,CORDEIROS
254,280,"2021-02-01","2021-02-01","2021-05-31",3000000.0,Sim,"2024-06-26",Obras de terraplenagem,CE,Nordeste,EUSÉBIO,SANTA CLARA
255,48,"1900-01-01","2018-08-27","2018-08-28",1.0,Não,,Serviços combinados de escritório e apoio administrativo,SP,Sudeste,SANTANA DE PARNAIBA,FAZENDINHA
256,201,"2021-04-07","2021-11-01","2022-04-30",10500000,Não,,Atividades de teleatendimento,SP,Sudeste,SAO PAULO,BELENZINHO
257,201,"2021-04-06","2021-11-01","2022-04-30",10500000,Não,,Atividades de cobrança e informações cadastrais,RJ,Sudeste,RIO DE JANEIRO,CENTRO
258,201,"2021-04-06","2021-11-01","2022-04-30",10500000,Não,,Atividades de teleatendimento,SP,Sudeste,SAO PAULO,VILA ARICANDUVA
259,201,"2021-04-06","2021-11-01","2022-04-30",10500000,Não,,Atividades de cobrança e informações cadastrais,SP,Sudeste,SANTANA DE PARNAIBA,ALPHAVILLE
260,8,"2018-03-27","2019-12-24","2020-04-22",600000.0,Não,,Comércio por atacado de peças e acessórios novos para veículos automotores,SP,Sudeste,SÃO PAULO,Tatuapé
261,0,"2018-05-21","2018-05-21","2018-05-22",0.0,Não,,Comércio atacadista de madeira e produtos derivados,PR,Sul,PIRAQUARA,Guarituba
262,160,"2020-09-22","2020-11-23","2022-08-01",2000000.0,Não,,Transporte rodoviário de produtos perigosos,PR,Sul,PARANAGUÁ,Serraria do Rocha
263,0,"2020-09-25","1900-01-01","1900-01-01",0.0,Não,,Fabricação de artefatos de borracha não especificados anteriormente,SP,Sudeste,ITUPEVA,PAINEIRAS
264,0,"1900-01-01","2018-10-30","2018-10-31",1.0,Não,,Fabricação de produtos de carne,MG,Sudeste,CAMBUÍ,RIO DO PEIXE
265,203,"2021-04-12","1900-01-01","1900-01-01",0.0,Não,,Comércio varejista de outros produtos não especificados anteriormente,SP,Sudeste,SÃO PAULO,Vila Ema
266,0,"1900-01-01","1900-01-01","2023-02-01",0.0,Não,,Fabricação de azulejos e pisos,SP,Sudeste,CORDEIROPOLIS,FAZENDA ITAPORA
267,116,"2020-03-23","2020-07-13","2020-11-12",1000000.0,Não,,Fabricação de papel,SP,Sudeste,TAMBAÚ,TERRA VERMELHA
268,0,"2019-09-24","2019-09-23","2020-01-22",0.0,Não,,"Transporte rodoviário de carga, exceto produtos perigosos e mudanças, intermunicipal, interestadual e internacional",MG,Sudeste,SÃO JOSÉ DA LAPA,chacarras reunidas sao vicente
269,474,"2020-03-11","2022-12-26","2023-04-25",2000000.0,Não,,"Transporte rodoviário de carga, exceto produtos perigosos e mudanças, intermunicipal, interestadual e internacional",SP,Sudeste,GUARULHOS,Esplanada das Bandeiras
270,91,"2019-08-06","2019-08-05","2022-06-02",1500000.0,Não,,"Manutenção e reparação de equipamentos hidráulicos e pneumáticos, exceto válvulas",SP,Sudeste,ITAPIRA,Vila Izaura
271,312,"2022-02-22","2024-06-28","2024-10-31",3000000.0,Não,,AGRO,SP,Sudeste,PRESIDENTE PRUDENTE,Conjunto Habitacional Ana Jacinta
272,0,"2020-03-10","1900-01-01","1900-01-01",0.0,Não,,Fabricação de peças e acessórios para o sistema motor de veículos automotores,SP,Sudeste,SÃO JOÃO DA BOA VISTA,Vila Santa Edwirges
273,0,"2018-12-19","1900-01-01","1900-01-01",0.0,Não,,Manutenção e reparação de outras máquinas e equipamentos para usos industriais não especificados anteriormente,SP,Sudeste,SÃO SEBASTIÃO,TOPOVARADOURO
274,0,"2020-06-23","2020-06-22","2020-10-21",0.0,Não,,Administração de obras,SP,Sudeste,BARUERI,Alphaville Industrial
275,155,"2021-04-16","1900-01-01","1900-01-01",5000000.0,Não,,Sem Segmento,"","","",""
276,227,"2021-06-18","2021-06-17","2022-07-30",5000000.0,Não,,Comércio atacadista de cereais e leguminosas beneficiados,PR,Sul,MARINGÁ,Zona 03
277,0,"1900-01-01","1900-01-01","1900-01-01",0.0,Não,,Comércio atacadista de materiais de construção em geral,SP,Sudeste,SAO PAULO,CHACARA MAFALDA
278,0,"1900-01-01","1900-01-01","1900-01-01",0.0,Não,,"Fabricação de tintas, vernizes, esmaltes e lacas",RJ,Sudeste,RIO DE JANEIRO,NOVA IGUACU
279,3,"1900-01-01","2025-10-31","2026-02-28",9500000.0,Não,,"Fabricação de óleos vegetais em bruto, exceto óleo de milho",MT,Norte,SORRISO,DIST. DE PRIMAVERA
280,3,"1900-01-01","2025-10-31","2026-02-28",9500000.0,Não,,Fabricação de alimentos para animais,GO,Centro Oeste,SANTA HELENA DE GOIA,Setor Industria
281,0,"2018-08-07","2019-07-02","2019-07-03",0.0,Não,,Educação superior - graduação e pós-graduação,SP,Sudeste,SÃO PAULO,Bela Vista
282,0,"1900-01-01","1900-01-01","1900-01-01",0.0,Não,,"Confecção de peças do vestuário, exceto roupas íntimas e as confeccionadas sob medida",SC,Sul,GASPAR,BELCHIOR CENTRA
283,163,"2020-11-19","2021-07-19","2022-01-18",15000000,Não,,Moagem de trigo e fabricação de derivados,SP,Sudeste,SANTO ANDRÉ,Santa Teresinha
284,163,"2020-10-21","2021-07-19","2022-01-18",15000000,Não,,Moagem de trigo e fabricação de derivados,BA,Nordeste,SALVADOR,Comércio
285,163,"2021-04-06","2021-07-19","2022-01-18",15000000,Não,,Comércio atacadista de produtos alimentícios em geral,PE,Nordeste,SALVADOR,Imbiribeira
286,0,"2020-03-27","2025-03-28","2025-08-31",2500000.0,Não,,Moagem e fabricação de produtos de origem vegetal não especificados anteriormente,RS,Sul,LAGOA VERMELHA,DISTRITO INDUSTRIAL
287,72,"2018-11-13","2020-03-02","2020-07-01",1.0,Não,,"Confecção de peças do vestuário, exceto roupas íntimas e as confeccionadas sob medida",SP,Sudeste,SÃO PAULO,Brás
288,72,"2019-03-01","2020-03-02","2020-07-01",1.0,Não,,Comércio varejista de artigos do vestuário e acessórios,SP,Sudeste,SÃO PAULO,Brás
289,354,"2021-12-20","1900-01-01","2022-09-30",18000000,Não,,Comércio atacadista de outros equipamentos e artigos de uso pessoal e doméstico não especificados anteriormente,SP,Sudeste,SÃO CAETANO DO SUL,Mauá
290,138,"2021-03-08","1900-01-01","1900-01-01",1200000.0,Não,,Outras atividades de serviços prestados principalmente às empresas não especificadas anteriormente,SP,Sudeste,SÃO PAULO,Morumbi
291,0,"2021-12-28","2021-12-27","2022-06-25",0.0,Não,,Casas de festas e eventos,SP,Sudeste,SÃO PAULO,Vila Cruzeiro
292,0,"1900-01-01","2018-06-11","2018-06-30",1.0,Não,,Fabricação de alimentos para animais,GO,Centro Oeste,TRINDADE,Setor dos barce
293,344,"2021-09-27","2023-11-07","2024-04-30",750000.0,Não,,Holdings de instituições não-financeiras,SP,Sudeste,DIADEMA,Serraria
294,0,"2020-07-07","1900-01-01","1900-01-01",0.0,Não,,Sem Segmento,SC,Sul,ITAJAI,RIO DO MEIO
295,194,"2021-03-22","1900-01-01","2022-02-08",1.0,Não,,Holdings de instituições não-financeiras,MG,Sudeste,IGARAPÉ,VETERINARIA
296,5,"1900-01-01","2020-12-21","2021-06-20",500000.0,Não,,Comércio atacadista de produtos alimentícios em geral,SP,Sudeste,SÃO PAULO,Campo Belo
297,5,"1900-01-01","2020-12-21","2021-06-20",500000.0,Não,,Comércio atacadista de produtos alimentícios em geral,SP,Sudeste,IPEÚNA,Centro
298,0,"2021-11-03","2021-11-01","2021-11-04",0.0,Não,,Frigorífico - abate de bovinos,RS,Sul,SANTA MARIA DO HERVAL,BOA VISTA
299,0,"2019-11-12","2019-11-11","2020-03-10",600000.0,Não,,"Fabricação de máquinas e equipamentos para a agricultura e pecuária, peças e acessórios, exceto para irrigação",SP,Sudeste,CATANDUVA,Conjunto Polo Comercial e Industrial Giordano Mestrinelli
300,0,"2021-06-29","2022-06-07","2022-11-30",1500000.0,Não,,"Manutenção e reparação de máquinas para a indústria metalúrgica, exceto máquinas-ferramenta",MG,Sudeste,TRES MARIA,DIST PEQUENA EMPRESA
301,152,"2020-10-01","2022-10-04","2023-06-30",16000000,Não,,Fabricação de componentes eletrônicos,AM,Norte,MANAUS,Distrito Industrial I
302,0,"2018-06-12","2018-07-16","2018-07-17",0.0,Não,,Serviços combinados de escritório e apoio administrativo,SP,Sudeste,SÃO PAULO,Vila Clementino
303,22,"2018-05-30","2019-08-16","2019-08-17",5.0,Não,,Comércio varejista especializado de equipamentos de telefonia e comunicação,SP,Sudeste,SOROCABA,Iporanga
304,22,"2018-06-07","1900-01-01","1900-01-01",5.0,Não,,Comércio varejista especializado de equipamentos de telefonia e comunicação,SP,Sudeste,ARAÇARIGUAMA,RONDA
305,206,"2021-04-15","2025-11-05","2025-11-30",70000000,Não,,Fabricação de embalagens de material plástico,SP,Sudeste,BARUERI,Alphaville Empresarial
306,361,"2022-01-25","1900-01-01","1900-01-01",1.0,Não,,Estacionamento de veículos,"","","",""
307,0,"1900-01-01","1900-01-01","1900-01-01",0.0,Não,,Sem Segmento,SP,Sudeste,SAO PAULO,LAPA
308,1132,"2021-10-04","2025-10-30","2026-02-28",23700000,Sim,"2023-10-18",Frigorífico - abate de suínos,PR,Sul,IBIPORÃ,ZONA RURAL
309,0,"2020-09-02","2022-04-27","2025-10-31",5000000.0,Não,,Agências de viagens,SP,Sudeste,SÃO PAULO,Água Branca
310,0,"2021-11-17","2024-12-09","2025-01-31",2000000.0,Não,,"Fabricação de farinha de milho e derivados, exceto óleos de milho",PR,Sul,MARINGÁ,Parque Industrial
311,134,"2020-07-14","2020-07-13","2020-11-12",1.0,Não,,Armazéns gerais - emissão de warrant,SP,Sudeste,ITAPEVI,Itaqui
312,2,"2018-04-17","1900-01-01","1900-01-01",21000000,Não,,"Representantes comerciais e agentes do comércio de combustíveis, minerais, produtos siderúrgicos e químicos",SP,Sudeste,CAPAO BONITO,TERRAS DO EMBIR
313,0,"2020-04-23","1900-01-01","1900-01-01",0.0,Não,,Construção de obras-de-arte especiais,SP,Sudeste,NOVA LIMA,JARDIM CANADA
314,0,"2021-09-27","2021-06-27","2022-03-25",0.0,Não,,"Comércio atacadista de lustres, luminárias e abajures","","","",""
315,140,"2020-07-23","2022-10-26","2023-04-30",138600000,Sim,"2022-02-21",Fabricação de outras peças e acessórios para veículos automotores não especificadas anteriormente,BA,Nordeste,CAMACARI,CAMACARI
316,185,"2021-03-09","1900-01-01","1900-01-01",1.0,Não,,Comércio atacadista de máquinas e equipamentos para uso industrial; partes e peças,"","","",""
317,203,"2021-04-12","1900-01-01","1900-01-01",0.0,Não,,Sem Segmento,SP,Sudeste,SÃO PAULO,Vila Bruna
318,0,"1900-01-01","1900-01-01","1900-01-01",0.0,Não,,Comércio atacadista de matérias-primas agrícolas não especificadas anteriormente,MG,Sudeste,BURITIS,ZONA RURAL
319,3,"2021-03-22","1900-01-01","2023-01-30",9500000.0,Não,,Preparação e fiação de fibras de algodão,MT,Centro Oeste,SORRISO,Sorriso 
320,0,"2021-05-10","2021-05-10","2021-05-11",0.0,Não,,Atividades de vigilância e segurança privada,SP,Sudeste,SÃO PAULO,Parque Savoy City
321,0,"2020-12-23","1900-01-01","1900-01-01",0.0,Não,,Comércio atacadista especializado em outros produtos intermediários não especificados anteriormente,SP,Sudeste,SÃO PAULO,Mirandópolis
322,0,"2019-04-25","2023-04-18","2023-09-30",2700000.0,Não,,Obras de terraplenagem,MG,Sudeste,ARAXÁ,Amazonas
323,0,"2021-02-24","2023-03-23","2026-03-31",10000000,Não,,Serviços de agronomia e de consultoria às atividades agrícolas e pecuárias,RS,Sul,SANTA ROSA,Centro
324,267,"2021-04-12","2021-04-12","2021-10-11",4500000.0,Não,,Comércio varejista de produtos alimentícios em geral ou especializado em produtos alimentícios não especificados anteriormente,MG,Sudeste,NOVA LIMA,Vila da Serra
325,458,"2020-09-23","1900-01-01","2022-08-01",2000000.0,Não,,"Fabricação de madeira laminada e de chapas de madeira compensada, prensada e aglomerada",RS,Sul,PORTO ALEGRE,Centro Histórico
326,0,"2020-02-18","2025-05-19","2025-09-30",12500000,Não,,Fabricação de azulejos e pisos,SP,Sudeste,LIMEIRA,Graminha
327,216,"2021-05-25","1900-01-01","2021-11-24",1500000.0,Não,,Serviços combinados de escritório e apoio administrativo,SP,Sudeste,MARILIA,JD BETANIA 
328,986,"1900-01-01","2024-11-04","2025-01-31",1000000.0,Não,,Comércio atacadista de cosméticos e produtos de perfumaria,SP,Sudeste,SAO ROQUE,Pinheirinhos
329,0,"2021-08-10","2025-05-23","2025-10-31",10000000,Não,,Fabricação de embalagens de material plástico,SP,Sudeste,VALINHOS,Macuco
330,0,"2020-01-21","2020-01-20","2020-05-19",850000.0,Não,,Fabricação de outros produtos de metal não especificados anteriormente,SP,Sudeste,PIRACICABA,DIST IND. UNINORTE
331,233,"2019-02-19","2025-05-28","2025-10-31",1000000.0,Não,,Fabricação de peças e acessórios para o sistema de freios de veículos automotores,SP,Sudeste,ITAQUAQUECETUBA,Vila Japão
332,0,"2020-06-04","1900-01-01","1900-01-01",0.0,Não,,Fabricação de embalagens de material plástico,AM,Norte,MANAUS,Tarumã
333,223,"2020-07-14","2022-09-19","2023-03-31",10000000,Não,,Abate de aves,RS,Sul,NOVA ARAÇÁ,VL ZUCCHETTI
334,352,"2020-03-13","2025-09-23","2026-01-31",52650000,Não,,Comércio atacadista de carnes bovinas e suínas e derivados,SP,Sudeste,ESTRELA D'OESTE,CENTRO
335,113,"2021-05-03","1900-01-01","1900-01-01",1.0,Não,,Comércio atacadista de embalagens,"","","",""
336,404,"2021-05-17","2022-05-20","2022-11-30",1200000.0,Não,,"Transporte rodoviário de carga, exceto produtos perigosos e mudanças, intermunicipal, interestadual e internacional",GO,Centro Oeste,JOVIÂNIA,JARDIM SANTA BARBARA
337,917,"2020-06-30","2024-05-03","2024-05-31",9000000.0,Não,,"Atividades de consultoria em gestão empresarial, exceto consultoria técnica específica",SP,Sudeste,SÃO PAULO,Parque da Mooca
338,0,"2020-03-06","1900-01-01","2022-08-01",0.0,Não,,Fabricação de móveis com predominância de madeira,PR,Sul,CAPITÃO LEÔNIDAS MARQUES,PARQUE INDUSTRIAL
339,110,"2021-04-05","1900-01-01","2022-08-06",7000000.0,Não,,Sociedades de fomento mercantil - factoring,PA,Norte,BELÉM,Bengui
340,0,"1900-01-01","1900-01-01","1900-01-01",0.0,Não,,Moagem e fabricação de produtos de origem vegetal não especificados anteriormente,MT,Centro Oeste,DIAMANTINO,NOVO DIAMANTINO
341,334,"2021-08-24","1900-01-01","2022-07-01",26000000,Não,,Comércio atacadista de soja,SP,Sudeste,SÃO PAULO,Bela Vista
342,0,"2019-04-29","2019-07-02","2019-07-03",1.0,Não,,Fabricação de papel,PR,Sul,UNIAO DA VITORIA,SAO GABRIEL
343,0,"2020-09-22","1900-01-01","1900-01-01",0.0,Não,,Envasamento e empacotamento sob contrato,SP,Sudeste,BARUERI,Jardim Maria Cristina
344,884,"2020-08-06","2023-09-18","2024-02-29",5000000.0,Não,,Moagem de trigo e fabricação de derivados,GO,Centro Oeste,GOIÂNIA,Setor Sul
345,0,"2020-12-21","2020-12-21","2020-12-22",0.0,Sim,"2022-12-20","Locação de outros meios de transporte não especificados anteriormente, sem condutor",BA,Nordeste,BARREIRAS,Copacabana
346,197,"2020-08-21","2022-05-27","2025-11-30",5000000.0,Não,,Fabricação de aparelhos e equipamentos para distribuição e controle de energia elétrica,GO,Centro Oeste,ITUMBIARA,Afonso Pena
347,312,"2022-02-22","2022-06-06","2022-12-30",3000000.0,Não,,Fabricação de artefatos de couro não especificados anteriormente,SP,Sudeste,PRESIDENTE PRUDENTE,Conjunto Habitacional Ana Jacinta
348,207,"2019-06-04","2023-12-21","2024-02-29",45000000,Não,,Comércio atacadista de soja,PR,Sul,CURITIBA,Centro
349,0,"2019-11-11","1900-01-01","1900-01-01",0.0,Não,,Imunização e controle de pragas urbanas,SP,Sudeste,CAJATI,JARDIM CENTRAL
350,301,"2021-01-07","2021-01-11","2021-06-10",1000000.0,Não,,Outras obras de engenharia civil não especificadas anteriormente,SP,Sudeste,JUNDIAÍ,Centro
351,263,"2020-10-22","2025-03-24","2025-06-30",5700000.0,Não,"2025-06-06",Comércio atacadista de pescados e frutos do mar,SP,Sudeste,SÃO PAULO,Cidade Monções
352,69,"2020-09-30","2021-03-08","2022-08-01",4000000.0,Não,,Comércio atacadista de energia elétrica,SP,Sudeste,SÃO PAULO,Brooklin Paulista
353,0,"2018-04-11","2018-04-10","2018-04-10",1.0,Não,,Testes e análises técnicas,"","","",""
354,0,"2019-05-27","1900-01-01","2025-11-30",5000000.0,Não,,Extração de madeira em florestas plantadas,GO,Centro Oeste,OUVIDOR,DISTRITO INDUSTRIAL E COMERCIAL DE OUVIDOR
355,0,"2020-10-14","2020-10-13","2020-10-13",0.0,Não,,Fabricação de obras de caldeiraria pesada,SP,Sudeste,JAMBEIRO,Santa Clara
356,0,"2020-12-07","2020-12-14","2020-12-15",0.0,Não,,Comércio atacadista especializado em outros produtos intermediários não especificados anteriormente,SP,Sudeste,SÃO PAULO,Jardim Paulistano
357,0,"2020-12-07","2020-12-14","2020-12-15",0.0,Não,,"Comércio atacadista de mercadorias em geral, sem predominância de alimentos ou de insumos agropecuários",SC,Sul,POMERODE,TESTO CENTRAL
358,35,"2018-05-25","2018-06-11","2018-10-10",2000000.0,Não,,Alimentar,SP,Sudeste,GUARULHOS,Jardim Cumbica
359,35,"2018-06-13","1900-01-01","1900-01-01",2000000.0,Não,,"Comércio varejista de mercadorias em geral, com predominância de produtos alimentícios - hipermercados",SP,Sudeste,SÃO PAULO,Jardim Helena
360,291,"2021-12-13","1900-01-01","1900-01-01",1.0,Não,,Armazéns gerais - emissão de warrant,"","","",""
361,0,"2019-07-10","1900-01-01","1900-01-01",0.0,Não,,"Transporte rodoviário de carga, exceto produtos perigosos e mudanças, municipal",SP,Sudeste,CAJATI,BICO DO PATO
362,330,"2021-07-27","2023-12-12","2024-02-29",26000000,Não,,"Transporte rodoviário de carga, exceto produtos perigosos e mudanças, intermunicipal, interestadual e internacional",SP,Sudeste,RANCHARIA,agua da lavanderia
363,310,"2020-03-18","2025-02-11","2025-06-30",15000000,Não,,Sem Segmento,RS,Sul,SANTA CRUZ DO SUL,Distrito Industrial
364,0,"2021-02-17","1900-01-01","1900-01-01",0.0,Não,,Sociedade seguradora de seguros não vida,SP,Sudeste,SÃO PAULO,Pinheiros
365,0,"2020-03-06","1900-01-01","1900-01-01",0.0,Não,,Moagem de trigo e fabricação de derivados,SC,Sul,GUARUJÁ DO SUL,INDUSTRIAL
366,0,"2019-12-02","1900-01-01","1900-01-01",0.0,Não,,Comércio varejista especializado de equipamentos e suprimentos de informática,MG,Sudeste,POÇOS DE CALDAS,Jardim Country Club
367,8,"1900-01-01","2019-12-23","2020-04-22",600000.0,Não,,Fabricação de outras peças e acessórios para veículos automotores não especificadas anteriormente,SP,Sudeste,ITAPIRA,Cubatão
368,186,"2019-07-23","2021-03-08","2021-09-07",2700000.0,Sim,"2022-02-21",Frigorífico - abate de bovinos,GO,Centro Oeste,INHUMAS,"04"
369,1207,"2022-01-17","2025-11-04","2026-01-31",30000000,Não,,Planos de saúde,AM,Norte,MANAUS,São Geraldo
370,0,"2018-05-08","2018-05-07","2018-09-07",1.0,Não,,Fundição de metais não-ferrosos e suas ligas,SP,Sudeste,SUZANO,Vila Theodoro
371,336,"2021-06-24","2021-09-13","2022-03-12",1000000.0,Não,,Construção de estações e redes de distribuição de energia elétrica,PR,Sul,MARINGA,PQ INDL BANDEIRANTES
372,337,"2021-09-29","2021-09-06","2022-03-05",50000000,Não,,"Fabricação de outros aparelhos eletrodomésticos não especificados anteriormente, peças e acessórios",SP,Sudeste,JOINVILLE,PIRABEIRABA
373,139,"2020-09-01","2020-12-21","2021-06-20",15000000,Sim,"2022-02-21",Fabricação de produtos de carne,SP,Sudeste,CAJURU,""
374,0,"2020-07-14","1900-01-01","1900-01-01",0.0,Não,,Serviços de engenharia,BA,Nordeste,SIMÕES FILHO,RECANTO DOS EUCALIPT
375,335,"2021-08-24","1900-01-01","1900-01-01",10000000,Não,,Locação de automóveis sem condutor,PR,Sul,LONDRINA,CENTRO
376,0,"2020-03-11","1900-01-01","1900-01-01",0.0,Não,,"Transporte rodoviário de carga, exceto produtos perigosos e mudanças, intermunicipal, interestadual e internacional",SP,Sudeste,JANDIRA,Jardim Alvorada
377,207,"2021-04-20","2023-12-21","2024-02-29",45000000,Não,,Sem Segmento,PR,Sul,SÃO JOSÉ DOS PINHAIS,Parque da Fonte
378,207,"2021-04-20","2023-12-21","2024-02-29",45000000,Não,,"Atividades de consultoria em gestão empresarial, exceto consultoria técnica específica",SP,Sudeste,SÃO PAULO,Jardim Pereira Leite
379,0,"2021-08-20","1900-01-01","1900-01-01",0.0,Não,,Sem Segmento,SP,Sudeste,SAO PAULO,BOSQUE DA SAUDE
380,0,"2019-07-24","2019-08-12","2019-12-11",600000.0,Não,,Outras obras de instalações em construções não especificadas anteriormente,SP,Sudeste,RIBEIRÃO PRETO,Ribeirânia
381,0,"2020-03-09","1900-01-01","1900-01-01",0.0,Não,,Fabricação de laminados planos e tubulares de material plástico,SP,Sudeste,BORACÉIA,JARDIM FLORESTA
382,237,"2018-12-20","2021-03-15","2021-09-14",565000.0,Não,,Serviços de engenharia,RJ,Sudeste,NITERÓI,Centro
383,0,"2022-01-17","2022-01-17","2022-01-17",1.0,Não,,Fabricação de embalagens de material plástico,SP,Sudeste,VALINHOS,Chácara São Bento
384,252,"2020-09-17","2025-07-01","2025-10-31",6000000.0,Não,,Fabricação de laticínios,RS,Sul,ALMIRANTE TAMANDARE DO SUL,CENTRO
385,0,"2021-10-06","1900-01-01","1900-01-01",0.0,Não,,Fabricação de embalagens de material plástico,PR,Sul,CURITIBA,Cidade Industrial
386,155,"2020-09-29","2022-04-05","2022-10-02",5000000.0,Sim,"2022-02-21",AGRO,PA,Norte,ALMEIRIM,MONTE DOURADO
387,155,"2020-10-15","2021-01-26","2021-07-25",5000000.0,Não,,AGRO,PA,Norte,ALMEIRIM,""
388,289,"2021-04-22","2022-05-30","2022-08-30",35000000,Não,,"Fabricação de fogões, refrigeradores e máquinas de lavar e secar para uso doméstico, peças e acessórios",SP,Sudeste,SÃO PAULO,Vila Liviero
389,15,"2018-04-25","2024-11-18","2025-03-31",1100000.0,Não,,Obras de montagem industrial,SP,Sudeste,SÃO PAULO,Vila Sonia
390,0,"2018-07-10","2018-08-06","2018-12-07",500000.0,Sim,"2022-02-21","Fabricação de outras máquinas e equipamentos de uso geral não especificados anteriormente, peças e acessórios",SP,Sudeste,JARINU,""
391,0,"2020-03-13","1900-01-01","1900-01-01",0.0,Não,,Comércio atacadista de soja,MT,Centro Oeste,PRIMAVERA DO LESTE,PARQUE INDUSTRIAL
392,0,"2021-10-26","2025-10-10","2026-01-31",6000000.0,Sim,"2025-08-13",Fabricação de laticínios,GO,Centro Oeste,OUROANA (RIO VERDE),Setor Central Distrito Ouroan
393,0,"2018-11-28","1900-01-01","1900-01-01",0.0,Não,,Obras de montagem industrial,BA,Nordeste,CAMAÇARI,Limoeiro
394,412,"2021-10-04","2022-01-17","2022-06-30",500000.0,Sim,"2023-08-29","Fabricação de outras máquinas e equipamentos de uso geral não especificados anteriormente, peças e acessórios",RS,Sul,SANTO ANTONIO DA PATRULHA,PASSO DOS RAMOS
395,340,"2021-10-04","1900-01-01","1900-01-01",0.0,Não,,Atividades de contabilidade,"","","",""
396,200,"2019-09-12","2021-04-05","2021-10-04",1200000.0,Sim,"2022-02-21",Fabricação de chapas e de embalagens de papelão ondulado,SP,Sudeste,JAÚ,Jardim Nova Jaú
397,0,"2021-03-22","2021-03-22","2021-03-24",0.0,Não,,"Fabricação de máquinas para a indústria metalúrgica, peças e acessórios, exceto máquinas-ferramenta",SP,Sudeste,GUARULHOS,Cidade Industrial Satélite de São Paulo
398,0,"2021-10-22","1900-01-01","1900-01-01",0.0,Não,,"Fabricação de válvulas, registros e dispositivos semelhantes, peças e acessórios",SP,Sudeste,SANTO ANDRE,CAMPESTRE
399,0,"2020-03-11","1900-01-01","2022-11-01",0.0,Não,,"Serviços combinados para apoio a edifícios, exceto condomínios prediais",SP,Sudeste,BARUERI,Alphaville Industrial
400,262,"2020-03-26","2020-12-14","2021-03-13",800000.0,Sim,"2022-02-21",Frigorífico - abate de suínos,SC,Sul,GRÃO PARÁ,RIO PEQUENO
401,1,"1900-01-01","2019-08-09","2019-12-08",450000000,Não,,Fabricação de outros produtos alimentícios não especificados anteriormente,SP,Sudeste,DIADEMA,CASA GRANDE
402,1,"1900-01-01","2019-08-09","2019-12-08",450000000,Não,,Fabricação de outros produtos alimentícios não especificados anteriormente,SP,Sudeste,SAO PAULO,CERQUEIRA CESAR
403,0,"2020-04-08","2020-04-06","2020-05-06",0.0,Não,,Fabricação de outros produtos têxteis não especificados anteriormente,SP,Sudeste,SÃO PAULO,Jardim Dona Sinhá
404,204,"2021-04-12","1900-01-01","1900-01-01",3000000.0,Não,,Locação de automóveis sem condutor,MG,Sudeste,PASSOS,Serra das Brisas
405,0,"1900-01-01","1900-01-01","1900-01-01",0.0,Não,,Consultoria em tecnologia da informação,SP,Sudeste,SANTANA DE PARNAIBA,JARDIM PARNAIBA
406,0,"1900-01-01","1900-01-01","1900-01-01",0.0,Não,,Administração de caixas escolares,SP,Sudeste,SAO PAULO,CIDADE MONCOES
407,110,"2021-04-05","1900-01-01","2022-08-06",7000000.0,Não,,Frigorífico - abate de bovinos,SP,Sudeste,SÃO PAULO,Vila Zat
408,0,"2021-08-02","2022-04-18","2022-07-30",3011000.0,Sim,"2022-02-21",Construção de edifícios,PA,Norte,BELÉM,Cremação
409,0,"2021-12-09","1900-01-01","1900-01-01",0.0,Não,,"Transporte rodoviário de carga, exceto produtos perigosos e mudanças, intermunicipal, interestadual e internacional",PR,Sul,LONDRINA,Cilo 3
410,0,"2020-08-11","1900-01-01","1900-01-01",0.0,Não,,Pessoa Fisica,SP,Sudeste,ARARAQUARA,Vila Nossa Senhora do Carmo
411,162,"2020-09-14","2022-05-16","2022-09-30",7000000.0,Não,,Fabricação de produtos do refino de petróleo,PA,Norte,ANANINDEUA,Distrito Industrial
412,162,"2020-11-19","2021-11-29","2022-09-30",7000000.0,Não,,Fabricação de outros produtos químicos não especificados anteriormente,AM,Norte,MANAUS,Santa Etelvina
413,162,"2020-11-19","2021-11-29","2022-09-30",7000000.0,Não,,Comércio atacadista de outros produtos químicos e petroquímicos não especificados anteriormente,CE,Nordeste,FORTALEZA,ALDEOTA
414,162,"2020-11-19","2021-11-29","2022-09-30",7000000.0,Não,,Fabricação de produtos do refino de petróleo,SP,Sudeste,MANAUS,Morro Grande
415,162,"2020-11-19","2021-11-29","2022-09-30",7000000.0,Não,,Fabricação de produtos do refino de petróleo,BA,Nordeste,MANAUS,CIS
416,162,"2020-11-19","2021-11-29","2022-09-30",7000000.0,Não,,Comércio atacadista de outros produtos químicos e petroquímicos não especificados anteriormente,MG,Sudeste,MANAUS,Jardim Teresópolis
417,162,"2020-11-19","2021-11-29","2022-09-30",7000000.0,Não,,Comércio atacadista de outros produtos químicos e petroquímicos não especificados anteriormente,RJ,Sudeste,MANAUS,Copacabana
418,162,"2021-05-03","2021-11-29","2022-09-30",7000000.0,Não,,Comércio atacadista de outros produtos químicos e petroquímicos não especificados anteriormente,GO,Centro Oeste,GOIÂNIA,Setor Pedro Ludovico
419,205,"2020-06-22","2024-07-08","2024-11-30",20000000,Não,,"Fabricação de cabines, carrocerias e reboques para caminhões",SP,Sudeste,GUARULHOS,Cumbica
420,0,"2020-08-19","2023-07-21","2024-05-31",3000000.0,Não,,AGRO,RS,Sul,SANTO AUGUSTO,DISTRITO INDUSTRIAL
421,0,"1900-01-01","1900-01-01","1900-01-01",500000.0,Não,,Fabricação de equipamentos e acessórios para segurança pessoal e profissional,RJ,Sudeste,ENGENHEIRO PAULO DE,PARQUE SANTA CL
422,33,"2018-08-27","2019-07-02","2023-01-01",1.0,Não,,Transporte rodoviário de produtos perigosos,PE,Nordeste,JABOATÃO DOS GUARARAPES,Cajueiro Seco
423,1010,"2021-06-07","2025-07-15","2025-11-30",10000000,Não,,Comércio atacadista de outros equipamentos e artigos de uso pessoal e doméstico não especificados anteriormente,ES,Sudeste,SERRA,Colina de Laranjeiras
424,52,"2018-11-05","2022-01-10","2022-07-09",4767000.0,Sim,"2024-08-01","Comércio atacadista de mercadorias em geral, sem predominância de alimentos ou de insumos agropecuários",RJ,Sudeste,RIO DE JANEIRO,CAMPO GRANDE
425,52,"2019-08-22","2021-06-14","2021-12-13",4767000.0,Sim,"2022-02-21","Fabricação de especiarias, molhos, temperos e condimentos",RJ,Sudeste,TRES RIOS,PORTO AZUL
426,0,"2019-12-10","2024-03-11","2024-06-30",30000000,Não,,Processamento industrial do fumo,RS,Sul,SANTA CRUZ DO SUL,Distrito Industrial
427,288,"2021-06-01","2021-05-17","2021-11-16",10000000,Não,,Organização logística do transporte de carga,PA,Norte,BELÉM,Batista Campos
428,263,"2021-08-12","2025-03-24","2025-06-30",5700000.0,Sim,"2023-07-05","Fabricação de conservas de peixes, crustáceos e moluscos",CE,Nordeste,ITAPIPOCA,ZONA RURAL
429,0,"2021-07-19","1900-01-01","1900-01-01",0.0,Não,,Fabricação de chapas e de embalagens de papelão ondulado,SP,Sudeste,PIRAPORA DO BOM JESUS,PQ INDUSTRIAL DO MORRO BRANCO
430,0,"2021-11-16","2021-11-16","2021-11-16",0.0,Não,,"Transporte rodoviário de carga, exceto produtos perigosos e mudanças, intermunicipal, interestadual e internacional",SP,Sudeste,ITU,São Luiz
431,69,"2021-03-08","1900-01-01","2022-08-01",4000000.0,Não,,"Atividades de intermediação e agenciamento de serviços e negócios em geral, exceto imobiliários",SP,Sudeste,SÃO PAULO,Brooklin Paulista
432,0,"2019-08-21","1900-01-01","1900-01-01",0.0,Não,,Construção de edifícios,GO,Centro Oeste,NIQUELÂNDIA,JARDIM ATLANTICO
433,0,"2021-09-21","1900-01-01","1900-01-01",0.0,Não,,"Comércio atacadista de lustres, luminárias e abajures",SP,Sudeste,SÃO PAULO,Vila Alpina
434,123,"1900-01-01","2025-01-27","2025-12-31",30000000,Não,,"Transporte rodoviário de carga, exceto produtos perigosos e mudanças, intermunicipal, interestadual e internacional",TO,Norte,GURUPI,SETOR AEROPORTO
435,123,"2020-05-16","2022-11-01","2023-04-23",30000000,Não,,Sem Segmento,RR,Norte,BOA VISTA,São Vicente
436,123,"2020-05-16","1900-01-01","2022-09-30",30000000,Não,,Comércio atacadista de cereais e leguminosas beneficiados,MS,Centro Oeste,CAMPO GRANDE,Centro
437,123,"2020-05-16","1900-01-01","2022-09-30",30000000,Não,,Sem Segmento,GO,Centro Oeste,FORMOSA,Village
438,409,"2021-11-11","2022-11-08","2025-11-30",5000000.0,Não,,"Transporte rodoviário coletivo de passageiros, sob regime de fretamento, municipal",RS,Sul,VALE DO SOL,CENTRO
439,227,"2020-12-18","1900-01-01","2022-07-30",5000000.0,Não,,Comércio atacadista de cereais e leguminosas beneficiados,PR,Sul,MARINGÁ,Zona 03
440,137,"2020-05-19","2025-10-31","2025-11-30",5000000.0,Não,,Frigorífico - abate de bovinos,MT,Centro Oeste,VÁRZEA GRANDE,DISTR CAPÃO GRANDE
441,0,"2018-05-15","2018-05-21","2018-05-22",1.0,Não,,Fabricação de carrocerias para ônibus,PR,Sul,CASCAVEL,Santos Dumont
442,0,"2021-05-14","2023-07-11","2026-01-31",10000000,Não,,Administração de obras,SP,Sudeste,SÃO PAULO,Itaim Bibi
443,0,"2020-07-08","2022-04-12","2022-07-30",1000000.0,Sim,"2022-03-25","Fabricação de conservas de legumes e outros vegetais, exceto palmito",SP,Sudeste,OSASCO,VILA YARA
444,0,"2021-06-28","2021-06-28","2021-06-29",0.0,Sim,"2023-08-29",Frigorífico - abate de bovinos,SP,Sudeste,"",""
445,48,"1900-01-01","2018-08-27","2018-08-28",1.0,Não,,Fabricação de embalagens de papel,"","","",""
446,0,"2019-07-11","2020-03-16","2020-04-16",5.0,Não,,"Fabricação de produtos de papel, cartolina, papel-cartão e papelão ondulado para uso comercial e de escritório",RJ,Sudeste,SAO JOAO DE MERITI,Parque São Judas Tadeu
447,198,"2021-03-29","1900-01-01","1900-01-01",6000000.0,Não,,Aluguel de imóveis próprios,"","","",""
448,208,"2021-04-26","2021-04-26","2021-10-25",500000.0,Sim,"2022-02-21","Depósitos de mercadorias para terceiros, exceto armazéns gerais e guarda-móveis",ES,Sudeste,SERRA,TIMS
449,193,"2021-03-22","1900-01-01","1900-01-01",0.0,Não,,Sem Segmento,"","","",""
450,0,"2021-07-19","1900-01-01","1900-01-01",0.0,Não,,"Fabricação de outras máquinas e equipamentos de uso geral não especificados anteriormente, peças e acessórios",SP,Sudeste,SANTO ANDRE,PQ MARAJOARA
451,0,"2021-10-25","1900-01-01","2023-01-01",0.0,Não,,AGRO,PR,Sul,PATO BRANCO,Fraron
452,202,"2021-04-12","1900-01-01","1900-01-01",3500000.0,Não,,Comércio atacadista de resinas e elastômeros,SC,Sul,ITAJAÍ,Balneário Santa Clara
453,3,"1900-01-01","2022-02-07","2023-01-30",9500000.0,Não,,Comércio atacadista de algodão,SP,Sudeste,ALVARES MACHADO,MATADOURO
454,64,"2018-12-11","2019-09-23","2020-01-22",500000.0,Não,,"Transporte rodoviário de carga, exceto produtos perigosos e mudanças, intermunicipal, interestadual e internacional",SP,Sudeste,SÃO BERNARDO DO CAMPO,Taboão
455,64,"2019-01-04","2019-09-23","2020-01-22",500000.0,Não,,"Transporte rodoviário de carga, exceto produtos perigosos e mudanças, intermunicipal, interestadual e internacional","","","",""
456,0,"2019-03-13","1900-01-01","1900-01-01",0.0,Não,,Serviços de engenharia,MG,Sudeste,MINAS GERAIS,UBERLANDIA
457,804,"2021-11-18","2022-09-08","2023-03-30",2800000.0,Não,,Fabricação de outros produtos de minerais não-metálicos não especificados anteriormente,ES,Sudeste,CACHOEIRO DE ITAPEMIRIM,GIRONDA
458,892,"2022-01-21","2025-10-24","2025-12-31",710000000,Não,,Incorporação de empreendimentos imobiliários,SP,Sudeste,RIO CLARO,JARDIM EUROPA
459,0,"2020-04-22","2025-07-14","2025-11-30",17150000,Não,,Comércio atacadista de fumo beneficiado,RS,Sul,SANTA CRUZ DO SUL,Higienópolis
460,0,"2018-09-24","2019-07-02","2019-07-03",1.0,Não,,Fabricação de embalagens de cartolina e papel-cartão,SP,Sudeste,SÃO PAULO,Vila Clara
461,145,"2020-09-21","2020-09-21","2025-02-28",7545000.0,Não,,Comércio atacadista de medicamentos e drogas de uso humano,GO,Centro Oeste,CATALÃO,Loteamento Pontal Norte
462,129,"2020-06-15","1900-01-01","1900-01-01",1.0,Não,,Organização logística do transporte de carga,PR,Sul,ARAUCÁRIA,Centro
463,129,"2020-06-15","1900-01-01","1900-01-01",1.0,Não,,Organização logística do transporte de carga,PR,Sul,PARANAGUÁ,Industrial
464,129,"2020-06-15","2021-09-13","2021-09-14",1.0,Não,,Organização logística do transporte de carga,PR,Sul,SÃO JOSÉ DOS PINHAIS,Roseira
465,0,"1900-01-01","1900-01-01","1900-01-01",0.0,Não,,Comércio varejista de móveis,SP,Sudeste,MIRASSOL,""
466,335,"2021-08-24","2022-03-29","2023-03-01",10000000,Não,,Comércio atacadista de café em grão,PR,Sul,LONDRINA,CENTRO
467,0,"2021-08-02","1900-01-01","1900-01-01",0.0,Não,,"Fabricação de fios, cabos e condutores elétricos isolados",PR,Sul,COLOMBO,CANGUIRI
468,103,"2021-03-09","1900-01-01","2022-10-31",15000000,Não,,Comércio varejista de artigos do vestuário e acessórios,SP,Sudeste,SÃO PAULO,Bela Vista
469,25,"2018-07-24","2018-10-30","2019-02-28",400000.0,Não,,Comércio varejista de outros produtos não especificados anteriormente,SP,Sudeste,SÃO PAULO,Vila Regente Feijó
470,0,"2021-07-19","2021-07-19","2022-01-18",4600000.0,Não,,Fabricação de defensivos agrícolas,SP,Sudeste,CAMPINAS,Nova Campinas
471,0,"2019-09-27","1900-01-01","1900-01-01",0.0,Não,,"Comércio atacadista de máquinas, aparelhos e equipamentos para uso odonto-médico-hospitalar; partes e peças",RJ,Sudeste,DUQUE DE CAXIAS,Parque Duque
472,0,"2021-07-19","1900-01-01","1900-01-01",0.0,Não,,Fabricação de artigos de metal para uso doméstico e pessoal,SP,Sudeste,INDAIATUBA,Distrito Industrial Domingos Giomi
473,330,"2021-07-27","2025-10-06","2026-02-28",26000000,Não,,Frigorífico - abate de bovinos,SP,Sudeste,SÃO PAULO,Vila Olímpia
474,0,"2018-05-23","2018-05-28","2018-05-29",1.0,Não,,Curtimento e outras preparações de couro,SP,Sudeste,CAMPO GRANDE,V. Manoel Secco Thom
475,0,"1900-01-01","1900-01-01","1900-01-01",0.0,Não,,Comércio atacadista de máquinas e equipamentos para uso industrial; partes e peças,SC,Sul,FLORIANOPOLIS,CENTRO
476,0,"2022-02-11","1900-01-01","2023-01-30",0.0,Não,,Fabricação de outros produtos químicos não especificados anteriormente,PR,Sul,PALMEIRA,COLONIA FRANCESA
477,53,"2018-11-26","2019-01-28","2019-05-27",500000.0,Não,,Fabricação de conservas de frutas,"","","",""
478,0,"2021-08-31","2021-08-30","2022-03-01",1.0,Não,,Curtimento e outras preparações de couro,RS,Sul,BAGE,VILA INDUSTRIAL
479,228,"2021-06-22","1900-01-01","2022-09-30",2500000.0,Não,,"Fabricação de válvulas, registros e dispositivos semelhantes, peças e acessórios",SP,Sudeste,SÃO PAULO,Parque Industrial Tomas Edson
480,291,"2021-11-12","1900-01-01","1900-01-01",1.0,Não,,AGRO,SC,Sul,NAVEGANTES,Escalvados
481,0,"2021-02-08","2021-02-08","2021-08-07",600000.0,Não,,Sem Segmento,ES,Sudeste,VITÓRIA,Barro Vermelho
482,0,"2019-10-01","2019-10-07","2022-11-01",3000000.0,Sim,"2022-02-21","Fabricação de cosméticos, produtos de perfumaria e de higiene pessoal",SP,Sudeste,DIADEMA,JARDIM DAS NAÇÕES
483,0,"2018-03-29","2018-03-28","2018-03-28",1.0,Não,,Fabricação de laminados planos e tubulares de material plástico,"","","",""
484,0,"2019-12-02","2020-05-29","2020-09-28",1000000.0,Não,,Comércio atacadista de componentes eletrônicos e equipamentos de telefonia e comunicação,SP,Sudeste,SÃO PAULO,Jd. São Luiz
485,186,"2021-03-09","1900-01-01","1900-01-01",2700000.0,Não,,Aluguel de imóveis próprios,"","","",""
486,0,"2021-07-26","2021-08-09","2022-02-08",0.0,Não,,Atividades de fornecimento de infra-estrutura de apoio e assistência a paciente no domicílio,RJ,Sudeste,RIO DE JANEIRO,Botafogo
487,212,"2021-05-10","1900-01-01","1900-01-01",1.0,Não,,Serviços de engenharia,"","","",""
488,31,"2018-08-20","2018-08-20","2018-12-19",300000.0,Não,,"Atividades de atendimento hospitalar, exceto pronto-socorro e unidades para atendimento a urgências",BA,Nordeste,FEIRA DE SANTANA,Centro
489,334,"2021-01-07","2025-11-12","2026-01-31",26000000,Não,,"Comércio atacadista de defensivos agrícolas, adubos, fertilizantes e corretivos do solo",SP,Sudeste,GUAÍRA,MORADA DO SOL
490,334,"2021-01-07","1900-01-01","1900-01-01",26000000,Não,,"Comércio atacadista de defensivos agrícolas, adubos, fertilizantes e corretivos do solo",MG,Sudeste,CONCEIÇÃO DAS ALAGOAS,JARDIM AEROPORTO
491,113,"2020-03-10","2021-05-03","2021-11-02",1.0,Sim,"2022-02-21",Fabricação de embalagens de material plástico,SP,Sudeste,JANDIRA,Jardim Alvorada
492,52,"2021-03-23","1900-01-01","1900-01-01",4767000.0,Não,,Sem Segmento,RJ,Sudeste,RIO DE JANEIRO,RECREIO DOS BANDEIRANTES
493,0,"2020-10-01","2024-06-03","2024-09-30",20000000,Não,,Comércio atacadista de carnes bovinas e suínas e derivados,MT,Centro Oeste,SINOP,ZONA RURAL
494,385,"2022-01-25","2022-09-15","2022-10-30",100000.0,Não,,Comércio atacadista especializado em outros produtos intermediários não especificados anteriormente,SC,Sul,POMERODE,CENTRO
495,0,"2021-07-02","1900-01-01","1900-01-01",0.0,Não,,"Aluguel de outras máquinas e equipamentos comerciais e industriais não especificados anteriormente, sem operador",MG,Sudeste,ARAXÁ,Santa Mônica
496,0,"2020-09-09","2020-09-08","2021-01-07",0.0,Não,,Comércio atacadista de produtos alimentícios em geral,MT,Centro Oeste,VARZEA GRANDE,JD IMPERADOR
497,110,"2020-02-18","2021-10-08","2023-04-30",7000000.0,Não,,Frigorífico - abate de bovinos,PA,Norte,CASTANHAL,ZONA RURAL
498,110,"2020-03-02","1900-01-01","2022-08-06",7000000.0,Não,,Frigorífico - abate de bovinos,AM,Norte,ITACOATIARA,Centro
499,0,"2018-11-16","1900-01-01","1900-01-01",0.0,Não,,Fabricação de outros produtos de metal não especificados anteriormente,SP,Sudeste,GUARULHOS,Vila Nova Cumbica
500,159,"2020-10-06","2021-03-15","2021-09-14",400000.0,Sim,"2022-02-21",Fabricação de artefatos de material plástico para outros usos não especificados anteriormente,RJ,Sudeste,DUQUE DE CAXIAS,Jardim Vinte e Cinco de Agosto
501,0,"2019-05-13","2019-05-13","2019-09-12",600000.0,Não,,Fabricação de produtos do refino de petróleo,SP,Sudeste,LOUVEIRA,Residencial Burck
502,101,"2019-11-28","2019-12-23","2020-04-22",400000.0,Não,,"Fabricação de instrumentos não-eletrônicos e utensílios para uso médico, cirúrgico, odontológico e de laboratório",SP,Sudeste,ITUPEVA,São Roque da Chave
503,339,"2021-09-29","2022-03-28","2022-09-30",19000000,Não,,Holdings de instituições não-financeiras,SP,Sudeste,CAMPINAS,Jardim Madalena
504,13,"2018-05-21","2020-12-14","2021-06-13",1.0,Não,,Serviços combinados de escritório e apoio administrativo,SP,Sudeste,SÃO PAULO,Mooca
505,13,"2018-07-18","1900-01-01","1900-01-01",1.0,Não,,Fabricação de outros produtos de metal não especificados anteriormente,SP,Sudeste,LOUVEIRA,ESTIVA
506,224,"2021-05-31","2022-10-31","2023-01-31",2400000.0,Não,,"Atividades de atendimento hospitalar, exceto pronto-socorro e unidades para atendimento a urgências",SP,Sudeste,SÃO PAULO,Parque Industrial Tomas Edson
507,86,"2019-07-10","2020-05-22","2020-09-21",1000000.0,Não,,Comércio atacadista especializado em outros produtos intermediários não especificados anteriormente,SP,Sudeste,SÃO PAULO,Cidade Monções
508,261,"2021-01-18","2021-12-16","2021-12-16",1.0,Sim,"2023-10-13",Frigorífico - abate de bovinos,MG,Sudeste,BOA ESPERANCA,ZONA RURAL
509,0,"1900-01-01","1900-01-01","1900-01-01",0.0,Não,,"Comércio varejista de mercadorias em geral, com predominância de produtos alimentícios - minimercados, mercearias e armazéns",MG,Sudeste,UNAI,KAMAYURA
510,25,"2018-06-22","2018-10-30","2019-02-28",400000.0,Não,,Comércio varejista de outros produtos não especificados anteriormente,SP,Sudeste,SÃO PAULO,Vila Regente Feijó
511,303,"2019-09-10","2020-09-29","2021-09-29",1000000.0,Sim,"2022-02-21",Outras obras de engenharia civil não especificadas anteriormente,SP,Sudeste,RIBEIRÃO PRETO,JARDIM JOQUEI CLUBE
512,0,"1900-01-01","1900-01-01","1900-01-01",0.0,Não,,"Confecção de peças do vestuário, exceto roupas íntimas e as confeccionadas sob medida",SC,Sul,BRUSQUE,SAO PEDRO
513,0,"2020-09-01","2020-08-31","2023-01-01",0.0,Não,,Comércio atacadista de cereais e leguminosas beneficiados,RS,Sul,SANTO ANTÔNIO DA PATRULHA,OSOLOPES
514,196,"2020-02-21","2025-06-10","2025-09-30",5000000.0,Sim,"2022-02-21",Comércio varejista de materiais de construção em geral,SP,Sudeste,SÃO PAULO,Bela Vista
515,0,"2020-01-03","1900-01-01","2022-08-01",0.0,Não,,Fabricação de móveis com predominância de madeira,SP,Sudeste,SÃO PAULO,Bela Vista
516,334,"2021-08-24","2025-11-12","2026-01-31",26000000,Não,,Incorporação de empreendimentos imobiliários,SP,Sudeste,SÃO PAULO,INDUSTRIAL
517,359,"2022-01-17","1900-01-01","1900-01-01",0.0,Não,,Incorporação de empreendimentos imobiliários,"","","",""
518,339,"2021-09-29","2022-03-28","2022-09-30",19000000,Não,,Comércio atacadista de café em grão,SP,Sudeste,SANTOS,Centro
519,55,"2018-11-13","2018-12-03","2019-04-02",1200000.0,Sim,"2022-02-21","Fabricação de máquinas e equipamentos para a agricultura e pecuária, peças e acessórios, exceto para irrigação",SP,Sudeste,ARARAS,Distrito Industrial II
520,0,"2020-03-11","1900-01-01","1900-01-01",0.0,Não,,Seleção e agenciamento de mão-de-obra,SP,Sudeste,SÃO PAULO,Itaim Bibi
521,63,"2018-12-28","2021-02-05","2022-06-01",1.0,Não,,Sem Segmento,MG,Sudeste,SERRA DO SALITRE,CENTRO
522,257,"2021-02-01","2025-04-15","2025-07-31",2000000.0,Não,,"Comércio atacadista de álcool carburante, biodiesel, gasolina e demais derivados de petróleo, exceto lubrificantes, não realizado por transportador retalhista (TRR)",MT,Centro Oeste,VÁRZEA GRANDE,Vinte e Três de Setembro
523,218,"2020-12-29","2022-01-17","2022-05-18",1.0,Não,,"Comércio varejista de produtos farmacêuticos, sem manipulação de fórmulas",CE,Nordeste,FORTALEZA,Benfica
524,0,"1900-01-01","2025-11-10","2026-03-31",50000000,Não,,"Comércio atacadista de defensivos agrícolas, adubos, fertilizantes e corretivos do solo",TO,Norte,CARIRI,ZONA RURAL
525,0,"1900-01-01","1900-01-01","1900-01-01",0.0,Não,,Fabricação de alimentos para animais,TO,Norte,CARIRI DO TOCANTINS,ZONA RURAL
526,0,"2021-07-20","1900-01-01","1900-01-01",0.0,Não,,Fabricação de embalagens de material plástico,SP,Sudeste,VALINHOS,Chácaras São Bento
527,108,"2020-02-18","2020-02-17","2020-06-16",4500000.0,Sim,"2022-02-21",Comércio por atacado de peças e acessórios novos para veículos automotores,RJ,Sudeste,JAGUARIUNA,Chacara Sano Antonio
528,108,"2020-02-20","1900-01-01","1900-01-01",4500000.0,Não,,Comércio por atacado de peças e acessórios novos para veículos automotores,ES,Sudeste,VITÓRIA,Consolação
529,108,"2020-02-20","1900-01-01","1900-01-01",4500000.0,Não,,Comércio por atacado de peças e acessórios novos para veículos automotores,SP,Sudeste,ESPÍRITO SANTO DO PINHAL,DISTRITO INDUSTRIAL
530,0,"2021-06-24","1900-01-01","1900-01-01",0.0,Não,,Serviços combinados de escritório e apoio administrativo,SP,Sudeste,SÃO BERNARDO DO CAMPO,Rudge Ramos
531,42,"2018-07-16","2018-12-11","2019-04-10",150000.0,Não,,Fabricação de móveis com predominância de madeira,SP,Sudeste,BARUERI,Tamboré
532,218,"2021-05-25","1900-01-01","2022-05-18",1.0,Não,,"Outras sociedades de participação, exceto holdings",CE,Nordeste,FORTALEZA,Centro
533,0,"2020-03-06","1900-01-01","2022-09-01",0.0,Não,,Tecelagem de fios de fibras artificiais e sintéticas,SC,Sul,BRUSQUE,Primeiro de Maio
534,0,"2021-08-20","2023-07-07","2023-12-31",1500000.0,Não,,Obras de montagem industrial,MG,Sudeste,UBERLANDIA,NOSSA SENHORA DAS GRACAS
535,233,"2021-06-28","2022-08-15","2023-02-28",1000000.0,Não,,"Fabricação de cabines, carrocerias e reboques para caminhões",SP,Sudeste,ITAQUAQUECETUBA,Vila Japão
536,0,"2018-12-21","1900-01-01","1900-01-01",0.0,Não,,Construção de edifícios,RJ,Sudeste,NITERÓI,Icaraí
537,204,"2021-02-09","2021-01-18","2021-06-17",3000000.0,Sim,"2022-02-21","Comércio a varejo de automóveis, camionetas e utilitários novos",MG,Sudeste,ALFENAS,Sindicato Rural
538,0,"2020-11-13","1900-01-01","1900-01-01",0.0,Não,,Cultivo de milho,PA,Norte,DOM ELISEU,CENTRO
539,0,"2021-10-26","2025-10-29","2026-02-28",100000000,Não,,Comércio atacadista de outros equipamentos e artigos de uso pessoal e doméstico não especificados anteriormente,SP,Sudeste,SÃO PAULO,Alto de Pinheiros
540,337,"2021-09-29","2021-09-06","2022-03-05",50000000,Não,,Comércio atacadista de aparelhos eletrônicos de uso pessoal e doméstico,"","","",""
541,99,"2021-10-26","1900-01-01","1900-01-01",600000.0,Não,,Serviços combinados de escritório e apoio administrativo,"","","",""
542,178,"2021-07-05","1900-01-01","2022-06-05",4100000.0,Não,,"Outras sociedades de participação, exceto holdings",SP,Sudeste,BARUERI,VILA SAO SILVESTRE
543,178,"2021-07-05","1900-01-01","2022-06-05",4100000.0,Não,,Promoção de vendas,SP,Sudeste,SÃO PAULO,Conjunto Residencial Vista Verde
544,0,"2019-09-18","1900-01-01","1900-01-01",0.0,Não,,"Fabricação de aparelhos e equipamentos de medida, teste e controle",SP,Sudeste,VOTORANTIM,Jardim Ana Claudia
545,202,"2020-02-21","2021-11-16","2022-05-15",3500000.0,Não,,Fabricação de resinas termoplásticas,SP,Sudeste,SÃO BERNARDO DO CAMPO,Assunção
546,0,"2019-12-02","2019-12-02","2020-01-02",0.0,Não,,Tecelagem de fios de fibras artificiais e sintéticas,PR,Sul,GUARAPUAVA,Vila Bela
547,0,"2020-03-10","1900-01-01","1900-01-01",0.0,Não,,"Confecção de peças do vestuário, exceto roupas íntimas e as confeccionadas sob medida",SP,Sudeste,SÃO PAULO,Campos Elíseos
548,84,"2021-03-08","1900-01-01","2022-10-10",10000000,Não,,Agências de publicidade,SP,Sudeste,SÃO PAULO,Bela Vista
549,0,"2020-07-15","2023-04-10","2025-11-30",5000000.0,Não,,"Atividades relacionadas a esgoto, exceto a gestão de redes",BA,Nordeste,CAMAÇARI,Alto da Cruz
550,0,"2022-01-14","2021-09-09","2022-07-30",13000000,Não,,Comércio atacadista de cereais e leguminosas beneficiados,TO,Norte,ARAGUAÍNA,Vila Cearense
551,88,"1900-01-01","2025-10-20","2026-03-31",35000000,Não,,"Depósitos de mercadorias para terceiros, exceto armazéns gerais e guarda-móveis",SP,Sudeste,PILAR DO SUL,LAVRINHA
552,88,"1900-01-01","2025-10-20","2026-03-31",35000000,Não,,Sem Segmento,SP,Sudeste,PILAR DO SUL,JD MARAJOARA
553,88,"1900-01-01","2025-10-20","2026-03-31",35000000,Não,,Sem Segmento,SP,Sudeste,PILAR DO SUL,JD MARAJOARA
554,88,"1900-01-01","2025-10-20","2026-03-31",35000000,Não,,Sem Segmento,SP,Sudeste,PILAR DO SUL,CAMPO GRANDE
555,88,"1900-01-01","2025-10-20","2026-03-31",35000000,Não,,Sem Segmento,SP,Sudeste,PILAR DO SUL,LAVRINHA
556,88,"1900-01-01","2025-10-20","2026-03-31",35000000,Não,,Sem Segmento,SP,Sudeste,CAPELA DO ALTO,CENTRO
557,88,"1900-01-01","2025-10-20","2026-03-31",35000000,Não,,Sem Segmento,SP,Sudeste,ITABERA,SANTA ISABEL
558,88,"1900-01-01","2025-10-20","2026-03-31",35000000,Não,,Sem Segmento,SP,Sudeste,ITAPETINIGA,CENTRO
559,88,"1900-01-01","2025-10-20","2026-03-31",35000000,Não,,Sem Segmento,SP,Sudeste,ANGATUBA,FIGUEIRA
560,88,"1900-01-01","2025-10-20","2026-03-31",35000000,Não,,Sem Segmento,SP,Sudeste,CAPÃO BONITO,Distrito Industrial
561,88,"1900-01-01","2025-10-20","2026-03-31",35000000,Não,,Sem Segmento,SP,Sudeste,SAO PAULO,CERCADINHO
562,88,"1900-01-01","2025-10-20","2026-03-31",35000000,Não,,Sem Segmento,SP,Sudeste,PILAR DO SUL,"5435"
563,88,"1900-01-01","2025-10-20","2026-03-31",35000000,Não,,Sem Segmento,SP,Sudeste,ITAPEVA,CENTRO
564,88,"1900-01-01","2025-10-20","2026-03-31",35000000,Não,,Sem Segmento,SP,Sudeste,PIEDADE,CENTRO
565,88,"1900-01-01","2025-10-20","2026-03-31",35000000,Não,,Sem Segmento,SP,Sudeste,ITAPETININGA,ZONA RURAL
566,88,"1900-01-01","2025-10-20","2026-03-31",35000000,Não,,Sem Segmento,SP,Sudeste,CAPÃO BONITO,Distrito Industrial
567,88,"1900-01-01","2025-10-20","2026-03-31",35000000,Não,,Sem Segmento,SP,Sudeste,ITAPEVA,Vila Nossa Senhora de Fátima
568,88,"1900-01-01","2025-10-20","2026-03-31",35000000,Não,,Sem Segmento,SP,Sudeste,PILAR DO SUL,CENTRO
569,88,"1900-01-01","2025-10-20","2026-03-31",35000000,Não,,Sem Segmento,SP,Sudeste,IBIÚNA,CENTRO
570,88,"1900-01-01","2025-10-20","2026-03-31",35000000,Não,,Sem Segmento,SP,Sudeste,PALMITAL,AGUA PARADA
571,88,"2019-07-22","2025-10-20","2026-03-31",35000000,Não,,Sem Segmento,SP,Sudeste,SÃO MIGUEL ARCANJO,CERCADINHO
572,88,"2019-07-22","2025-10-20","2026-03-31",35000000,Não,,Sem Segmento,MG,Sudeste,MINDURI,ZONA RURAL
573,90,"2019-07-30","2025-02-24","2025-05-31",3000000.0,Não,,"Comércio atacadista de defensivos agrícolas, adubos, fertilizantes e corretivos do solo",MG,Sudeste,UBERABA,Santa Maria
574,90,"2019-09-23","2025-02-24","2025-05-31",3000000.0,Não,,Sem Segmento,MG,Sudeste,UBERABA,Jardim Induberaba
575,90,"2019-09-23","2025-02-24","2025-05-31",3000000.0,Não,,Sem Segmento,SP,Sudeste,SÃO PAULO,Jardim Jaraguá
576,90,"2019-09-24","2025-02-24","2025-05-31",3000000.0,Não,,Sem Segmento,TO,Norte,PALMAS,Plano Diretor Sul
577,0,"2020-03-06","1900-01-01","1900-01-01",0.0,Não,,"Confecção de peças do vestuário, exceto roupas íntimas e as confeccionadas sob medida",SC,Sul,INDAIAL,MULDE
578,0,"2018-05-08","2018-05-07","2018-05-08",1.0,Não,,Fabricação de outros produtos de metal não especificados anteriormente,SP,Sudeste,PIRAJUI,""
579,0,"1900-01-01","1900-01-01","1900-01-01",0.0,Não,,Comércio atacadista de cereais e leguminosas beneficiados,MG,Sudeste,UNAI,CAPIM BRANCO II
580,0,"2018-09-24","2018-09-24","2018-09-25",1.0,Não,,Fornecimento e gestão de recursos humanos para terceiros,SP,Sudeste,SÃO PAULO,Vila Paulista
581,138,"2020-08-18","2021-09-06","2022-09-01",1200000.0,Não,,"Fabricação de artigos de serralheria, exceto esquadrias",PE,Nordeste,JABOATÃO DOS GUARARAPES,Curado
582,138,"2020-08-21","1900-01-01","1900-01-01",1200000.0,Não,,"Fabricação de artigos de serralheria, exceto esquadrias",SP,Sudeste,GUARULHOS,Vila Nova Bonsucesso
583,0,"2019-09-20","2022-10-18","2025-10-31",6600000.0,Não,,Fabricação de cal e gesso,MG,Sudeste,CORREGO FUNDO,ZONA RURAL
584,0,"2021-11-03","1900-01-01","1900-01-01",0.0,Não,,Fabricação de chapas e de embalagens de papelão ondulado,SP,Sudeste,ITATIBA,Sítio da Moenda
585,255,"2019-01-17","2021-05-19","2021-11-18",1.0,Não,,"Transporte rodoviário de carga, exceto produtos perigosos e mudanças, municipal",SP,Sudeste,SAO PAULO,VL LEOPOLDINA
586,0,"2020-03-10","1900-01-01","2023-01-01",0.0,Não,,"Comércio atacadista de produtos da extração mineral, exceto combustíveis",SP,Sudeste,GUARULHOS,Centro
587,0,"2020-03-10","1900-01-01","1900-01-01",0.0,Não,,"Comércio atacadista de produtos da extração mineral, exceto combustíveis",SP,Sudeste,SANTO ANDRÉ,Santa Teresinha
588,0,"2019-12-17","2023-12-18","2024-02-29",250000.0,Não,,Comércio atacadista de outros produtos químicos e petroquímicos não especificados anteriormente,RS,Sul,PORTO ALEGRE,Auxiliadora
589,260,"2020-12-17","2021-01-11","2021-06-10",1000000.0,Não,,"Clubes sociais, esportivos e similares",CE,Nordeste,FORTALEZA,Henrique Jorge
590,0,"2018-05-02","2019-08-16","2019-08-17",5.0,Não,,Fabricação de chapas e de embalagens de papelão ondulado,SP,Sudeste,COTIA,Parque Industrial San José
591,27,"2021-04-13","2022-10-25","2023-02-28",82000000,Não,,Holdings de instituições não-financeiras,SP,Sudeste,JACAREÍ,Conjunto Habitacional Marinho
592,27,"2021-04-13","2022-10-25","2023-02-28",82000000,Não,,Holdings de instituições não-financeiras,SP,Sudeste,JACAREÍ,Conjunto Habitacional Marinho
593,0,"2021-08-02","2021-08-02","2021-08-03",1.0,Não,,"Clubes sociais, esportivos e similares",CE,Nordeste,FORTALEZA,Porangabussu
594,0,"2021-10-29","1900-01-01","1900-01-01",0.0,Não,,"Transporte rodoviário de carga, exceto produtos perigosos e mudanças, intermunicipal, interestadual e internacional",AM,Norte,MANAUS,Distrito Industrial I
595,354,"2021-12-20","1900-01-01","2022-09-30",18000000,Não,,Sociedades de fomento mercantil - factoring,SP,Sudeste,SÃO CAETANO DO SUL,Centro
596,0,"2021-07-05","2021-07-05","2021-12-04",2000000.0,Não,,Comércio atacadista de energia elétrica,RJ,Sudeste,RIO DE JANEIRO,Centro
597,0,"2020-08-11","1900-01-01","1900-01-01",0.0,Não,,Pessoa Fisica,SP,Sudeste,PERUÍBE,Centro
598,107,"2020-02-04","2020-02-03","2020-06-02",1000000.0,Não,,Comércio atacadista de resíduos e sucatas metálicos,SP,Sudeste,SUZANO,Fazenda Aya
599,107,"2020-02-12","2020-02-03","2020-06-02",1000000.0,Não,,Produção de forjados de metais não-ferrosos e suas ligas,SP,Sudeste,SUZANO,Palmeiras de São Paulo
600,61,"2018-12-04","2025-11-04","2026-02-28",30000000,Não,,"Atividades de consultoria em gestão empresarial, exceto consultoria técnica específica",SC,Sul,JOINVILLE,Santo Antônio
601,20,"2018-08-23","2018-08-06","2018-12-07",30000000,Não,,Serviços combinados de escritório e apoio administrativo,AC,Norte,SANTOS,Centro
602,224,"2021-05-31","2022-10-31","2023-01-31",2400000.0,Não,,"Serviços de remoção de pacientes, exceto os serviços móveis de atendimento a urgências",SP,Sudeste,SÃO PAULO,Parque Industrial Tomas Edson
603,0,"2018-07-16","2019-08-16","2019-08-17",1500000.0,Sim,"2022-02-21",Produção de alumínio e suas ligas em formas primárias,SP,Sudeste,ARAÇARIGUAMA,RONDA
604,0,"2019-10-08","1900-01-01","1900-01-01",0.0,Não,,"Bancos múltiplos, com carteira comercial",SP,Sudeste,SÃO PAULO,Itaim Bibi
605,0,"2019-09-27","1900-01-01","1900-01-01",0.0,Não,,"Manutenção e reparação de aparelhos e instrumentos de medida, teste e controle",SP,Sudeste,CUBATÃO,Jardim Costa e Silva
606,0,"1900-01-01","1900-01-01","1900-01-01",0.0,Não,,Moagem e fabricação de produtos de origem vegetal não especificados anteriormente,MG,Sudeste,PARACATU,NOSSA SENHORA DE FATIMA
607,82,"2020-11-24","1900-01-01","2022-08-01",30000000,Não,,Fabricação de embalagens de material plástico,PB,Nordeste,JOAO PESSOA,DISTRITO INDUSTRIAL
608,0,"2020-04-14","1900-01-01","1900-01-01",0.0,Não,,Fabricação de tintas de impressão,SP,Sudeste,JANDIRA,Jardim Alvorada
609,221,"2020-04-02","2021-02-01","2021-07-21",2000000.0,Não,,Serviços combinados de escritório e apoio administrativo,BA,Nordeste,SALVADOR,São Cristóvão
610,221,"2021-04-08","1900-01-01","1900-01-01",2000000.0,Não,,Obras de montagem industrial,SE,Nordeste,CARMÓPOLIS,Centro
611,0,"2020-03-23","2020-04-02","2022-08-30",0.0,Não,,Preparação do leite,RS,Sul,ESTRELA,Fazenda Estrela D'oeste
612,0,"2019-04-10","1900-01-01","1900-01-01",0.0,Não,,Serviços de engenharia,SP,Sudeste,SERTÃOZINHO,Jardim Recreio dos Bandeirantes
613,0,"2019-07-23","2020-08-10","2020-12-09",1.0,Não,,Frigorífico - abate de bovinos,MG,Sudeste,CARLOS CHAGAS,ZONA RURAL
614,112,"2020-03-10","2020-03-09","2020-07-08",10000000,Sim,"2022-02-21","Comércio atacadista de produtos siderúrgicos e metalúrgicos, exceto para construção","","","",""
615,31,"2018-08-20","2018-08-20","2018-12-19",300000.0,Não,,Atividade médica ambulatorial restrita a consultas,"","","",""
616,47,"2018-10-09","2019-08-20","2019-08-21",5.0,Não,,Comércio atacadista de equipamentos de informática,SP,Sudeste,BARUERI,Alphaville Empresarial
617,47,"2018-10-26","2019-08-20","2019-08-21",5.0,Não,,Comércio atacadista de artigos de escritório e de papelaria,"","","",""
618,47,"2018-11-05","2019-08-20","2019-08-21",5.0,Não,,Comércio atacadista de artigos de escritório e de papelaria,"","","",""
619,0,"2021-06-21","2023-10-31","2026-02-28",10500000,Não,,"Transporte rodoviário de carga, exceto produtos perigosos e mudanças, intermunicipal, interestadual e internacional",PR,Sul,MARINGÁ,Parque Industrial 200
620,0,"2020-12-21","2020-12-21","2020-12-22",0.0,Não,,"Fabricação de adubos e fertilizantes, exceto organo-minerais",PR,Sul,CURITIBA,Centro Cívico
621,353,"2021-08-10","2025-09-29","2026-02-28",18006000,Não,"2024-01-18",Produção de pintos de um dia,PR,Sul,CASCAVEL,Brasília
622,152,"2020-11-19","2023-02-03","2023-06-30",16000000,Não,,Fabricação de componentes eletrônicos,MG,Sudeste,EXTREMA,DOS PIRES
623,96,"2021-05-17","1900-01-01","1900-01-01",1.0,Não,,Comércio atacadista de óleos e gorduras,"","","",""
624,0,"1900-01-01","2018-03-26","2018-07-25",600000.0,Sim,"2022-02-21",Fabricação de artefatos de material plástico para outros usos não especificados anteriormente,SP,Sudeste,SÃO PAULO,Limão
625,0,"2021-11-18","1900-01-01","1900-01-01",0.0,Não,,Sociedade seguradora de seguros não vida,SP,Sudeste,SAO PAULO,CIDADE MONCOES
626,0,"2022-01-17","2022-01-17","2022-01-17",0.0,Não,,"Fabricação de óleos vegetais em bruto, exceto óleo de milho",GO,Centro Oeste,PALMEIRAS DE GOIÁS,ZONA RURAL
627,105,"2020-02-12","2020-02-11","2020-06-10",500000.0,Sim,"2022-02-21",Fabricação de artefatos de borracha não especificados anteriormente,PB,Nordeste,CONDE,Distrito Industrial
628,0,"2020-11-27","1900-01-01","1900-01-01",0.0,Não,,"Sociedades de crédito, financiamento e investimento - financeiras",SP,Sudeste,SÃO PAULO,Santo Amaro
629,0,"2021-07-05","2021-07-05","2021-12-04",1400000.0,Não,,Fabricação de resinas termoplásticas,SP,Sudeste,MIRASSOL,Industrial Engenheiro Newton Flávio Silva Pinto
630,67,"2019-01-10","2019-10-14","2020-02-13",500000.0,Não,,Fabricação de outras peças e acessórios para veículos automotores não especificadas anteriormente,SP,Sudeste,RIBEIRÃO PIRES,Pastoril
631,0,"2018-12-19","1900-01-01","1900-01-01",0.0,Não,,"Instalação de equipamentos para orientação à navegação marítima, fluvial e lacustre",RJ,Sudeste,RIO DE JANEIRO,Centro
632,0,"1900-01-01","1900-01-01","1900-01-01",500000.0,Não,,Fabricação de outros produtos químicos não especificados anteriormente,MS,Centro Oeste,DOURADOS,DISTRITO INDUST
633,36,"2018-09-04","2019-10-28","2020-02-27",2500000.0,Não,,"Comércio atacadista de frutas, verduras, raízes, tubérculos, hortaliças e legumes frescos",SP,Sudeste,ENGENHEIRO COELHO,CENTRO
634,228,"2020-03-09","2025-10-28","2026-03-31",2500000.0,Não,,"Comércio atacadista de produtos siderúrgicos e metalúrgicos, exceto para construção",SP,Sudeste,SÃO BERNARDO DO CAMPO,Cooperativa
635,0,"1900-01-01","1900-01-01","1900-01-01",0.0,Não,,Comércio atacadista de cereais e leguminosas beneficiados,MG,Sudeste,UNAI,MAMOEIRO
636,339,"2019-12-17","2025-06-11","2025-11-30",19000000,Sim,"2022-02-21",Comércio atacadista de café em grão,SP,Sudeste,SÃO PAULO,Jardim Paulista
637,339,"2021-09-29","2022-03-28","2022-09-30",19000000,Não,,Compra e venda de imóveis próprios,SP,Sudeste,CAMPINAS,Jardim Madalena
638,0,"1900-01-01","1900-01-01","1900-01-01",0.0,Não,,"Atividades de intermediação e agenciamento de serviços e negócios em geral, exceto imobiliários",SP,Sudeste,SAO PAULO,VILA NOVA CONCE
639,102,"2019-11-04","2023-02-17","2023-11-30",9000000.0,Não,,Fabricação de artefatos de borracha não especificados anteriormente,BA,Nordeste,FEIRA DE SANTANA,Centro Indl Subae
640,0,"2021-10-19","1900-01-01","1900-01-01",0.0,Não,,Instalação e manutenção elétrica,MG,Sudeste,UBERABA,ESATADOS UNIDOS
641,69,"2021-03-08","1900-01-01","2022-08-01",4000000.0,Não,,"Atividades de consultoria em gestão empresarial, exceto consultoria técnica específica",SP,Sudeste,SÃO PAULO,Brooklin Paulista
642,0,"2018-12-07","1900-01-01","1900-01-01",0.0,Não,,Administração de obras,SP,Sudeste,SÃO JOSÉ DOS CAMPOS,Vila Betânia
643,27,"2018-07-30","2022-10-25","2023-02-28",82000000,Não,,"Produção de relaminados, trefilados e perfilados de aço, exceto arames",SP,Sudeste,SÃO BERNARDO DO CAMPO,Planalto
644,27,"2018-08-10","2022-10-25","2023-02-28",82000000,Não,,"Produção de relaminados, trefilados e perfilados de aço, exceto arames",SP,Sudeste,SÃO BERNARDO DO CAMPO,Jordanópolis
645,0,"2020-07-21","2025-10-30","2026-02-28",2500000.0,Não,,Comércio atacadista de algodão,MT,Centro Oeste,RONDONÓPOLIS,Centro
646,112,"2020-03-10","2020-03-09","2020-07-08",10000000,Sim,"2022-02-21","Produção de laminados longos de aço, exceto tubos",PA,Norte,MARABÁ,Cidade Nova
647,190,"2021-03-15","1900-01-01","1900-01-01",10500000,Sim,"2024-09-10",Cultivo de laranja,SP,Sudeste,TABAPUÃ,SITIO BOM RETIRO
648,172,"2020-03-06","2022-09-16","2022-12-30",10000000,Não,,Comércio atacadista de componentes eletrônicos e equipamentos de telefonia e comunicação,PR,Sul,CURITIBA,Novo Mundo
649,0,"2020-03-06","2020-11-23","2021-05-22",1.0,Não,,Sem Segmento,"","","",""
650,224,"2021-05-31","2022-10-31","2023-01-31",2400000.0,Não,,Atividades de fornecimento de infra-estrutura de apoio e assistência a paciente no domicílio,SP,Sudeste,SÃO PAULO,Parque Industrial Tomas Edson
651,0,"2021-04-07","1900-01-01","1900-01-01",0.0,Não,,Tratamento e disposição de resíduos não-perigosos,GO,Centro Oeste,CEZARINA,ZONA RURAL
652,0,"2019-03-28","1900-01-01","1900-01-01",0.0,Não,,Obras de montagem industrial,BA,Nordeste,LAURO DE FREITAS,ITINGA
653,0,"2020-04-23","1900-01-01","1900-01-01",0.0,Não,,Atividades técnicas relacionadas à engenharia e arquitetura não especificadas anteriormente,MG,Sudeste,ARAXA,CENTRO
654,0,"2019-09-17","2020-02-17","2020-06-16",400000.0,Não,,Impressão de material para outros usos,SP,Sudeste,SÃO PAULO,Jardim Campo Grande
655,65,"2019-01-07","1900-01-01","2022-08-30",780000.0,Não,,Aluguel de imóveis próprios,SP,Sudeste,SÃO PAULO,Bela Vista
656,112,"2021-04-12","1900-01-01","1900-01-01",10000000,Não,,Fabricação de outros produtos de metal não especificados anteriormente,"","","",""
657,398,"2020-10-26","2023-03-23","2026-02-28",10000000,Não,,Consultoria em tecnologia da informação,SP,Sudeste,BARRA BONITA,BARRA BONITA
658,0,"2020-06-19","2023-02-07","2024-04-30",300000.0,Não,,Guarda-móveis,MG,Sudeste,UBERABA,Jardim Bento de Assis Valim
659,0,"2021-02-22","2021-10-25","2022-04-24",0.0,Não,,Fabricação de açúcar em bruto,"","","",""
660,0,"2020-03-06","1900-01-01","1900-01-01",0.0,Não,,Fabricação de resinas termoplásticas,SC,Sul,ARAQUARI,ITINGA
661,27,"2018-07-30","2025-10-10","2025-11-30",82000000,Não,,"Produção de relaminados, trefilados e perfilados de aço, exceto arames",SP,Sudeste,SOROCABA,Zona Industrial
662,27,"2018-08-09","2025-10-10","2025-11-30",82000000,Não,,"Comércio atacadista de produtos siderúrgicos e metalúrgicos, exceto para construção",PR,Sul,CURITIBA,Cidade Industrial
663,2,"2021-06-15","1900-01-01","1900-01-01",21000000,Não,,Criação de bovinos para corte,"","","",""
664,83,"2021-04-12","1900-01-01","2022-10-30",20000000,Não,,Sem Segmento,SP,Sudeste,LENÇÓIS PAULISTA,Jardim Morumbi
665,83,"2021-04-12","1900-01-01","2022-10-30",20000000,Não,,Criação de bovinos para corte,SP,Sudeste,LENÇÓIS PAULISTA,Centro
666,0,"2019-12-11","1900-01-01","1900-01-01",0.0,Não,,Representantes comerciais e agentes do comércio de matérias-primas agrícolas e animais vivos,MG,Sudeste,PARACATU,AMOREIRAS
667,0,"2019-11-26","1900-01-01","1900-01-01",0.0,Não,,Comércio atacadista de máquinas e equipamentos para uso industrial; partes e peças,SP,Sudeste,SÃO PAULO,Jardim São Paulo(Zona Norte)
668,0,"1900-01-01","1900-01-01","1900-01-01",0.0,Não,,Sem Segmento,SP,Sudeste,SAO PAULO,VILA NOVA CONCE
669,215,"2021-05-17","2022-06-27","2022-09-30",88000000,Não,,AGRO,SP,Sudeste,SÃO PAULO,Bela Vista
670,103,"2021-03-09","1900-01-01","2022-10-31",15000000,Não,,Comércio varejista de produtos alimentícios em geral ou especializado em produtos alimentícios não especificados anteriormente,SP,Sudeste,CATANDUVA,Vila Dona Engracia Agudo Romão
671,306,"2021-09-01","1900-01-01","2022-10-30",10000000,Não,,Sem Segmento,RS,Sul,VENÂNCIO AIRES,Herval Mirim
672,0,"2018-12-11","1900-01-01","1900-01-01",0.0,Não,,Construção de edifícios,SP,Sudeste,BRAGANÇA PAULISTA,Centro
673,0,"2019-03-14","1900-01-01","1900-01-01",0.0,Não,,Serviços de engenharia,BA,Nordeste,LAURO DE FREITAS,CAJI
674,39,"2018-07-30","2018-07-30","2018-11-30",1.0,Não,,Comércio atacadista de medicamentos e drogas de uso humano,SP,Sudeste,MOGI MIRIM,Saúde
675,333,"2021-08-10","2025-08-11","2025-11-30",440000000,Não,,Fabricação de álcool,RN,Nordeste,BAÍA FORMOSA,Zona Rural
676,164,"2020-12-01","2024-12-23","2026-03-31",10000000,Não,,Extração de sal marinho,RN,Nordeste,MOSSORÓ,Centro
677,164,"2020-12-03","2024-12-23","2026-03-31",10000000,Não,,"Comércio atacadista de produtos da extração mineral, exceto combustíveis",RN,Nordeste,TIBAU,ZONA RURAL
678,164,"2020-12-03","2024-12-23","2026-03-31",10000000,Não,,Extração de sal marinho,RN,Nordeste,GROSSOS,ZONA RURAL
679,164,"2020-12-03","2024-12-23","2026-03-31",10000000,Não,,Extração de sal marinho,RN,Nordeste,TIBAU,ZONA RURAL
680,164,"2020-12-03","2024-12-23","2026-03-31",10000000,Não,,Refino e outros tratamentos do sal,RN,Nordeste,AREIA BRANCA,ZONA RURAL
681,0,"2020-07-23","1900-01-01","1900-01-01",0.0,Não,,Serviços advocatícios,SP,Sudeste,SÃO PAULO,Cerqueira César
682,0,"1900-01-01","1900-01-01","1900-01-01",0.0,Não,,Fabricação de outros produtos de metal não especificados anteriormente,SP,Sudeste,ITAQUAQUECETUBA,VILA SAO CARLOS
683,333,"2021-08-10","2023-08-25","2023-10-31",440000000,Não,,Aluguel de imóveis próprios,SP,Sudeste,SÃO PAULO,Itaim Bibi
684,13,"2018-04-17","2020-12-14","2021-06-13",1.0,Não,,"Comércio atacadista de produtos siderúrgicos e metalúrgicos, exceto para construção",SP,Sudeste,LOUVEIRA,""
685,233,"2019-02-19","2023-04-15","2023-04-15",1000000.0,Não,,Fabricação de peças e acessórios para o sistema de freios de veículos automotores,RS,Sul,CAXIAS DO SUL,Cidade Nova
686,0,"2021-01-26","1900-01-01","1900-01-01",0.0,Não,,Fabricação de outros produtos alimentícios não especificados anteriormente,PR,Sul,MARINGÁ,Zona 07
687,0,"2021-01-26","1900-01-01","1900-01-01",0.0,Não,,Fabricação de outros produtos alimentícios não especificados anteriormente,SP,Sudeste,ASSIS,CDA
688,136,"2020-08-04","2020-08-03","2020-12-02",500000.0,Não,,Fabricação de laminados planos e tubulares de material plástico,SP,Sudeste,GUARULHOS,Cidade Industrial Satélite de São Paulo
689,0,"2020-07-14","1900-01-01","1900-01-01",0.0,Não,,"Fabricação de biocombustíveis, exceto álcool",MT,Centro Oeste,FELIZ NATAL,ZONA RURAL
690,232,"2021-06-28","1900-01-01","2022-10-30",2000000.0,Não,,"Comércio atacadista de defensivos agrícolas, adubos, fertilizantes e corretivos do solo",PR,Sul,BELA VISTA DO PARAÍSO,Centro
691,0,"2020-06-03","2020-06-15","2020-07-15",0.0,Não,,Fabricação de fraldas descartáveis,PE,Nordeste,IGARASSU,Pancó
692,132,"2020-06-02","2023-02-01","2023-04-30",40000000,Não,,Comércio por atacado de peças e acessórios novos para veículos automotores,PR,Sul,CURITIBA,Boqueirão
693,0,"2021-08-17","1900-01-01","1900-01-01",0.0,Não,,Fabricação de outros produtos químicos não especificados anteriormente,"","","",""
694,45,"2018-09-17","2019-02-11","2019-06-10",400000.0,Sim,"2022-02-21",Fabricação de embalagens de papel,SP,Sudeste,GUARULHOS,Jardim Cumbica
695,45,"2018-10-10","2019-02-11","2019-06-10",400000.0,Sim,"2022-02-21",Fabricação de embalagens de papel,SP,Sudeste,GUARULHOS - SP,JD CUMBICA
696,336,"2021-09-13","1900-01-01","1900-01-01",1000000.0,Não,,Holdings de instituições não-financeiras,PR,Sul,MARINGÁ,Parque Industrial Bandeirantes
697,0,"2021-01-26","2021-01-26","2021-01-27",0.0,Não,,Comércio atacadista de produtos alimentícios em geral,RJ,Sudeste,NOVA IGUAÇU,Cerâmica
698,79,"2018-04-23","2019-10-21","2020-02-20",600000.0,Não,,Comércio varejista de artigos de papelaria,"","","",""
699,0,"2022-02-16","2022-08-08","2022-10-31",1000000.0,Sim,"2024-07-17",Impressão de material para uso publicitário,SP,Sudeste,ARUJÁ,Portão
700,63,"2020-08-20","1900-01-01","2022-06-01",1.0,Não,,Cultivo de outras oleaginosas de lavoura temporária não especificadas anteriormente,SP,Sudeste,SÃO JOSÉ DO RIO PARDO,Zona Rural
701,228,"2021-06-22","1900-01-01","2022-09-30",2500000.0,Não,,Compra e venda de imóveis próprios,SP,Sudeste,SÃO PAULO,Parque Industrial Tomas Edson
702,218,"2021-05-25","1900-01-01","2022-05-18",1.0,Não,,Holdings de instituições não-financeiras,AL,Nordeste,MACEIÓ,Jatiúca
703,0,"1900-01-01","2024-02-01","2025-12-31",30000000,Não,,Fabricação de alimentos para animais,TO,Norte,GURUPI,"Setor Central"
704,0,"2022-02-16","1900-01-01","1900-01-01",0.0,Não,,Sem Segmento,TO,Norte,GURUPI,LT PQ AGROIND GURUOI-PAIG
705,27,"2021-04-13","2022-10-25","2023-02-28",82000000,Não,,"Produção de relaminados, trefilados e perfilados de aço, exceto arames",SP,Sudeste,SÃO PAULO,Jardim Ibitirama
706,0,"2020-02-05","2022-06-30","2022-12-30",4000000.0,Não,,"Fabricação de máquinas e equipamentos para uso industrial específico não especificados anteriormente, peças e acessórios",SP,Sudeste,UBERABA,DESMEMBRAMENTO RECANTO DO PARQ
707,0,"2021-07-19","2022-10-21","2023-01-31",500000.0,Não,,Fabricação de artefatos de cordoaria,RS,Sul,SÃO LEOPOLDO,Jardim América
708,0,"1900-01-01","1900-01-01","1900-01-01",0.0,Não,,Fabricação de calçados de couro,SC,Sul,SAO JOAO BATISTA,CARMELO
709,206,"2019-06-08","2025-11-05","2025-11-30",70000000,Sim,"2023-03-06",Fabricação de embalagens de material plástico,AM,Norte,MANAUS,Distrito Industrial I
710,0,"2021-08-31","2021-08-30","2022-03-01",3650000.0,Não,,AGRO,RO,Norte,PORTO VELHO,DISTRITO INDUSTRIAL
711,0,"2021-03-17","1900-01-01","1900-01-01",0.0,Não,,Comércio atacadista de cereais e leguminosas beneficiados,GO,Centro Oeste,GOIANIA - GO,SET SUL
712,184,"2021-03-09","1900-01-01","2022-08-01",0.0,Não,,"Comércio atacadista de defensivos agrícolas, adubos, fertilizantes e corretivos do solo",SP,Sudeste,SÃO PAULO,Jardim Primavera (Zona Sul)
713,0,"2019-08-08","1900-01-01","1900-01-01",0.0,Não,,Limpeza em prédios e em domicílios,MG,Sudeste,SANTA JULIANA,JOSE RODRIGUES
714,0,"1900-01-01","2018-06-11","2018-06-12",1.0,Não,,Fabricação de esquadrias de metal,SP,Sudeste,SAO BERNARDO DO CAMPO,Distrito Indust
715,0,"2018-09-04","2021-06-07","2021-06-08",1.0,Sim,"2022-02-21",Fabricação de papel,SP,Sudeste,MOGI DAS CRUZES,Vila Industrial
716,0,"1900-01-01","1900-01-01","1900-01-01",100000.0,Não,,Comércio atacadista de cereais e leguminosas beneficiados,MG,Sudeste,UBERLÂNDIA,Pacaembu
717,0,"1900-01-01","1900-01-01","1900-01-01",0.0,Não,,"Fabricação de óleos vegetais em bruto, exceto óleo de milho",MT,Centro Oeste,CUIABA,PASCOAL RAMOS
718,100,"2022-01-17","2022-04-05","2022-10-02",5500000.0,Não,,Comércio atacadista de carnes bovinas e suínas e derivados,SP,Sudeste,BARUERI,Alphaville Industrial
719,0,"1900-01-01","1900-01-01","1900-01-01",0.0,Não,,Comércio atacadista de equipamentos de informática,SP,Sudeste,SAO PAULO,VILA VITORIO MA
720,0,"2021-09-02","2021-09-27","2021-09-28",1.0,Não,,"Comércio atacadista de defensivos agrícolas, adubos, fertilizantes e corretivos do solo",GO,Centro Oeste,EDÉIA,Estrela D Avila
721,0,"2019-12-09","1900-01-01","1900-01-01",0.0,Não,,Construção de edifícios,BA,Nordeste,CANDEIAS,Pitanga
722,335,"2021-08-24","1900-01-01","1900-01-01",10000000,Não,,Armazéns gerais - emissão de warrant,PR,Sul,ROLANDIA,VILA OLIVEIRA
723,0,"1900-01-01","1900-01-01","1900-01-01",0.0,Não,,Sem Segmento,MT,Centro Oeste,VARZEA GRANDE,JEANNE
724,104,"2020-01-14","2022-08-30","2022-11-30",5000000.0,Não,"2025-08-19",Fabricação de calçados de material sintético,RS,Sul,SANTO ANTÔNIO DA PATRULHA,LOMBA DA PASCOA
725,104,"2020-01-31","2022-08-30","2022-11-30",5000000.0,Não,,Comércio atacadista de calçados,ES,Sudeste,SERRA,Civit I
726,0,"2021-03-09","1900-01-01","1900-01-01",0.0,Não,,"Comércio atacadista de produtos da extração mineral, exceto combustíveis",SC,Sul,ITAJAÍ,Centro
727,0,"1900-01-01","1900-01-01","1900-01-01",0.0,Não,,Comércio atacadista especializado em outros produtos alimentícios não especificados anteriormente,"","","",""
728,1019,"2020-03-12","2025-01-30","2025-04-30",3250000.0,Não,,Comércio atacadista de energia elétrica,SP,Sudeste,SÃO PAULO,Vila São Francisco (Zona Sul)
729,0,"2020-03-12","2020-04-01","2020-08-01",300000.0,Não,,Fabricação de biscoitos e bolachas,SP,Sudeste,SANTANA DE PARNAÍBA,Jardim Represa
730,0,"2019-11-07","1900-01-01","1900-01-01",0.0,Não,,"Fabricação de biocombustíveis, exceto álcool",RO,Norte,JI-PARANÁ,Distrito Industrial
731,0,"2020-03-13","1900-01-01","1900-01-01",0.0,Não,,Preparação de documentos e serviços especializados de apoio administrativo não especificados anteriormente,AC,Norte,RIO BRANCO,Isaura Parente
732,0,"2019-12-10","1900-01-01","1900-01-01",0.0,Não,,Comércio varejista de produtos alimentícios em geral ou especializado em produtos alimentícios não especificados anteriormente,MG,Sudeste,ARAPORÃ,CENTRO
733,801,"2021-08-20","2025-10-06","2026-01-31",19300000,Não,,AGRO,MT,Centro Oeste,PRIMAVERA DO LESTE,JOSE ALENCAR G DA SILVA DISTRITO INDUSTRIAL II
734,0,"2019-12-05","1900-01-01","1900-01-01",0.0,Não,,"Representantes comerciais e agentes do comércio de eletrodomésticos, móveis e artigos de uso doméstico",PR,Sul,SABÁUDIA,""
735,0,"2020-10-07","1900-01-01","1900-01-01",0.0,Não,,Montagem e desmontagem de andaimes e outras estruturas temporárias,SP,Sudeste,SÃO BERNARDO DO CAMPO,Paulicéia
736,103,"2021-03-09","1900-01-01","2022-10-31",15000000,Não,,"Representantes comerciais e agentes do comércio de produtos alimentícios, bebidas e fumo",SP,Sudeste,CATANDUVA,Vila Dona Engracia Agudo Romão
737,0,"2021-08-02","2025-05-23","2025-10-31",10000000,Não,,Fabricação de artefatos de material plástico para outros usos não especificados anteriormente,MS,Centro Oeste,CAMPO GRANDE,JD BOTAFOGO
738,97,"2019-10-14","2021-02-22","2022-09-01",30000000,Não,,Comércio por atacado de pneumáticos e câmaras-de-ar,SC,Sul,ITAJAÍ,Itaipava
739,0,"1900-01-01","1900-01-01","1900-01-01",0.0,Não,,"Fabricação de óleos vegetais em bruto, exceto óleo de milho",BA,Nordeste,FEIRA DE SANTANA,Limoeiro
740,31,"2018-08-20","2018-08-20","2018-12-19",300000.0,Não,,"Atividades de atendimento hospitalar, exceto pronto-socorro e unidades para atendimento a urgências","","","",""
741,11,"1900-01-01","1900-01-01","1900-01-01",500000.0,Não,,Comércio atacadista de resíduos e sucatas metálicos,SP,Sudeste,SAO PAULO,Tatuibi
742,0,"1900-01-01","2018-03-28","2018-03-28",1.0,Não,,"Transporte rodoviário de carga, exceto produtos perigosos e mudanças, intermunicipal, interestadual e internacional",RS,Sul,RIO GRANDE,CENTRO
743,0,"2018-08-13","2019-04-08","2019-08-07",300000.0,Não,,Comércio atacadista especializado em outros produtos alimentícios não especificados anteriormente,TO,Norte,PALMAS,Plano Diretor Sul
744,0,"2018-11-26","1900-01-01","1900-01-01",0.0,Não,,"Transporte rodoviário coletivo de passageiros, sob regime de fretamento, intermunicipal, interestadual e internacional",SP,Sudeste,SANTO ANDRÉ,Cidade São Jorge
745,0,"2019-01-10","2019-08-16","2019-08-17",5.0,Não,,Serviços de agronomia e de consultoria às atividades agrícolas e pecuárias,"","","",""
746,225,"2020-03-12","1900-01-01","1900-01-01",0.0,Não,,"Fabricação de fios, cabos e condutores elétricos isolados",SP,Sudeste,GUARULHOS,Jardim Munhoz
747,0,"2020-09-22","2023-07-11","2026-03-31",10000000,Não,,Serviços,SP,Sudeste,SERTÃOZINHO,Distrito Industrial Maria Lúcia Biagi Americano
748,348,"2021-11-09","2025-10-29","2026-02-28",11000000,Não,,AGRO,PR,Sul,ROLÂNDIA,Centro
749,186,"2021-03-09","1900-01-01","1900-01-01",2700000.0,Não,,"Preservação de peixes, crustáceos e moluscos","","","",""
750,156,"2020-09-17","2022-08-09","2022-08-30",11000000,Não,,Serviços advocatícios,PR,Sul,CURITIBA,Alto da Rua XV
751,0,"2022-02-09","2022-07-25","2024-07-31",5000000.0,Não,,"Atividades de consultoria em gestão empresarial, exceto consultoria técnica específica",SP,Sudeste,BARUERI,Alphaville Industrial
752,34,"2018-08-29","2021-05-17","2021-11-16",1000000.0,Não,,Fabricação de embalagens de material plástico,SP,Sudeste,AMERICANA,Brieds
753,0,"1900-01-01","2019-09-23","2019-09-30",5.0,Não,,Comércio atacadista de cereais e leguminosas beneficiados,SP,Norte,POMPEIA,FLANDRIA
754,43,"2018-10-02","2025-10-30","2026-02-28",2500000.0,Não,,Fabricação de papel,PR,Sul,QUEDAS DO IGUACU,""
755,0,"2020-07-17","1900-01-01","1900-01-01",0.0,Não,,Administração de obras,BA,Nordeste,MADRE DE DEUS,SUAPE
756,111,"2020-03-09","1900-01-01","2022-04-30",0.0,Não,,Serviços combinados de escritório e apoio administrativo,SP,Sudeste,SÃO PAULO,Vila Leopoldina
757,266,"2020-12-28","2020-12-28","2021-04-27",3000000.0,Não,,Comércio varejista especializado de eletrodomésticos e equipamentos de áudio e vídeo,SP,Sudeste,SÃO PAULO,Vila Gertrudes
758,0,"1900-01-01","2018-03-26","2018-03-26",0.01,Não,,Filmagem de festas e eventos,SP,Sudeste,SÃO PAULO,Vila Progredior
759,0,"2021-09-13","1900-01-01","1900-01-01",0.0,Não,,Montagem de estruturas metálicas,MG,Sudeste,UBERABA,CONJ MARGARIDA ROSA DE AZEVEDO
760,265,"2021-11-03","1900-01-01","1900-01-01",1.0,Não,,"Aluguel de máquinas e equipamentos para construção sem operador, exceto andaimes","","","",""
761,75,"2019-03-06","2019-08-12","2019-12-11",5.0,Não,,"Fabricação de artigos para viagem, bolsas e semelhantes de qualquer material",PR,Sul,CURITIBA,Cidade Industrial
762,0,"1900-01-01","1900-01-01","1900-01-01",0.0,Não,,"Confecção de peças do vestuário, exceto roupas íntimas e as confeccionadas sob medida",RJ,Sudeste,RIO DE JANEIRO,SAO CRISTOVAO
763,196,"2021-03-23","1900-01-01","2022-11-30",5000000.0,Não,,Comércio varejista de materiais de construção em geral,SP,Sudeste,SÃO PAULO,Santana
764,0,"2020-09-21","1900-01-01","1900-01-01",0.0,Não,,Fabricação de defensivos agrícolas,MG,Sudeste,UBERABA,Distrito Industrial III
765,0,"1900-01-01","1900-01-01","1900-01-01",0.0,Não,,Comércio atacadista de óleos e gorduras,TO,Norte,PALMAS,TAQUARALTO
766,0,"1900-01-01","1900-01-01","1900-01-01",0.0,Não,,Agências de publicidade,SP,Sudeste,SAO PAULO,VILA OLIMPIA
767,0,"2020-12-15","2023-03-23","2023-09-30",1200000.0,Não,,"Serviços de organização de feiras, congressos, exposições e festas",SP,Sudeste,SÃO PAULO,Jardim São Luís
768,194,"2021-03-22","1900-01-01","2022-02-08",1.0,Não,,Holdings de instituições não-financeiras,MG,Sudeste,BALDIM,ZONA RURAL
769,0,"2019-05-20","1900-01-01","1900-01-01",0.0,Não,,Produção de tubos de aço com costura,SP,Sudeste,SÃO PAULO,Loteamento City Jaragua
770,212,"2018-11-12","2021-05-10","2021-05-11",1.0,Não,,Serviços de engenharia,ES,Sudeste,VITÓRIA,Praia do Canto
771,0,"1900-01-01","1900-01-01","1900-01-01",0.0,Não,,Moagem e fabricação de produtos de origem vegetal não especificados anteriormente,MG,Sudeste,CONTAGEM,KENNEDY
772,0,"1900-01-01","1900-01-01","1900-01-01",0.0,Não,,Fabricação de meias,SP,Sudeste,SAO PAULO,BRAS
773,85,"2021-11-08","1900-01-01","2022-09-30",16500000,Não,,Comércio atacadista de tecidos,SP,Sudeste,SÃO PAULO,Mooca
774,333,"2021-08-10","2025-08-11","2025-11-30",440000000,Sim,"2024-07-05",Fabricação de álcool,PE,Nordeste,RECIFE,Tamarineira
775,0,"2018-12-12","1900-01-01","1900-01-01",0.0,Não,,"Fabricação de válvulas, registros e dispositivos semelhantes, peças e acessórios",SP,Sudeste,SERRANA,PARQUE INDUSTRIAL
776,0,"1900-01-01","1900-01-01","1900-01-01",0.0,Não,,Fabricação de calçados de couro,RS,Sul,SAPIRANGA,SETE DE SETEMBR
777,109,"2020-02-28","1900-01-01","1900-01-01",700000.0,Não,,Atividades de cobrança e informações cadastrais,"","","",""
778,170,"2020-06-08","2023-02-10","2023-05-31",1.0,Sim,"2024-03-01",AGRO,RS,Sul,CAXIAS DO SUL,São Pelegrino
779,170,"2020-12-10","2023-02-10","2023-05-31",1.0,Não,,AGRO,SP,Sudeste,SUMARÉ,Centro
780,0,"2018-11-12","1900-01-01","1900-01-01",0.0,Não,,Fabricação de aparelhos e equipamentos para distribuição e controle de energia elétrica,SP,Sudeste,CAMPINAS,Parque Rural Fazenda Santa Cândida
781,198,"2021-03-29","1900-01-01","1900-01-01",6000000.0,Não,,"Locação de outros meios de transporte não especificados anteriormente, sem condutor","","","",""
782,198,"2021-03-29","1900-01-01","1900-01-01",6000000.0,Não,,"Locação de outros meios de transporte não especificados anteriormente, sem condutor","","","",""
783,333,"2021-08-10","2022-10-10","2022-10-30",440000000,Não,,Outras atividades de serviços prestados principalmente às empresas não especificadas anteriormente,PE,Nordeste,RECIFE,Poço
784,0,"2019-10-14","2019-10-28","2019-10-30",0.0,Não,,Planos de saúde,RJ,Sudeste,DUQUE DE CAXIAS,""
785,189,"2020-12-14","2024-06-17","2024-09-30",500000.0,Sim,"2024-09-12",Comércio atacadista de cosméticos e produtos de perfumaria,SP,Sudeste,SÃO PAULO,Belenzinho
786,218,"2021-05-25","1900-01-01","2022-05-18",1.0,Não,,"Serviços de organização de feiras, congressos, exposições e festas",CE,Nordeste,FORTALEZA,Centro
787,218,"2019-11-12","2021-05-25","2022-05-18",1.0,Sim,"2022-02-21",Fabricação de laticínios,AL,Nordeste,PALMEIRA DOS ÍNDIOS,Jardim Brasil
788,0,"1900-01-01","1900-01-01","1900-01-01",0.0,Não,,Serviços combinados de escritório e apoio administrativo,SP,Sudeste,SAO PAULO,CHACARA MAFALDA
789,0,"2021-08-10","2021-08-10","2021-08-11",0.0,Não,,Coleta de resíduos não-perigosos,SP,Sudeste,BARUERI,Alphaville Conde II
790,330,"2021-07-27","2025-10-06","2026-02-28",26000000,Não,,Criação de bovinos para corte,SP,Sudeste,PRESIDENTE BERNARDES,DISTRITO DE NOVA PAT
791,0,"2021-06-02","2022-10-11","2025-12-31",12900000,Não,,Aluguel de andaimes,MG,Sudeste,BELO HORIZONTE,Goiânia
792,1,"2019-10-18","1900-01-01","1900-01-01",450000000,Não,,Comércio atacadista de produtos alimentícios em geral,SP,Sudeste,SÃO PAULO,Cerqueira César
793,86,"2019-06-14","2020-05-22","2020-09-21",1000000.0,Não,,"Fabricação de tecidos especiais, inclusive artefatos",MG,Sudeste,POUSO ALEGRE,""
794,807,"2021-07-02","2023-09-28","2023-11-30",25000000,Não,,Comércio atacadista especializado em outros produtos intermediários não especificados anteriormente,SC,Sul,ITAJAÍ,Itaipava
795,0,"1900-01-01","1900-01-01","1900-01-01",0.0,Não,,"Fabricação de máquinas e aparelhos de refrigeração e ventilação para uso industrial e comercial, peças e acessórios",SP,Sudeste,GUARULHOS,VILA NOVA BONSU
796,0,"2018-03-29","2018-03-28","2018-03-28",1.0,Não,,Fabricação de embalagens de material plástico,"","","",""
797,214,"2020-07-21","2025-08-01","2025-10-31",3500000.0,Não,,Fabricação de outros produtos alimentícios não especificados anteriormente,SP,Sudeste,SÃO PAULO,Ipiranga
798,348,"2021-11-09","2025-10-29","2026-02-28",11000000,Não,,AGRO,PR,Sul,RESERVA,CRUZEIRO
799,177,"2021-02-24","2021-02-22","2021-08-21",21600000,Não,,Sem Segmento,SP,Sudeste,ITAPEVI,Vila Santa Flora
800,218,"2022-01-17","1900-01-01","2022-05-18",1.0,Não,,Construção de edifícios,CE,Nordeste,FORTALEZA,Centro
801,399,"2021-05-28","2023-07-20","2024-12-31",5000000.0,Não,,Carga e descarga,MG,Sudeste,ARAGUARI,Miranda
802,0,"1900-01-01","2024-01-02","2024-08-31",20000000,Não,,Fabricação de produtos químicos orgânicos não especificados anteriormente,SP,Sudeste,TARUMÃ,DISTRITO INDUSTRIAL
803,141,"2020-09-09","2020-09-08","2021-01-07",1.0,Não,,"Transporte rodoviário de carga, exceto produtos perigosos e mudanças, intermunicipal, interestadual e internacional",MS,Centro Oeste,DOURADOS,Centro
804,199,"2021-04-05","1900-01-01","1900-01-01",2000000.0,Não,,Corretagem na compra e venda e avaliação de imóveis,SP,Sudeste,PRESIDENTE PRUDENTE,Bosque
805,404,"2020-09-21","2022-05-20","2022-11-30",1200000.0,Não,,"Transporte rodoviário de carga, exceto produtos perigosos e mudanças, intermunicipal, interestadual e internacional",GO,Centro Oeste,JOVIANIA,JD SANTA BARBARA
806,0,"2021-05-31","2021-05-31","2021-06-01",1.0,Não,,Produção de sementes certificadas de forrageiras para formação de pasto,SP,Sudeste,PENAPOLIS,LAJEADO
807,0,"2021-08-23","2022-04-04","2022-10-04",5000000.0,Não,,Instalação de máquinas e equipamentos industriais,SP,Sudeste,SÃO CARLOS,Conjunto Habitacional Waldomiro Lobbe Sobrinho
808,0,"1900-01-01","1900-01-01","1900-01-01",0.0,Não,,"Depósitos de mercadorias para terceiros, exceto armazéns gerais e guarda-móveis",MG,Sudeste,ARCOS,ZONA RURAL
809,0,"2021-04-20","1900-01-01","1900-01-01",0.0,Não,,Fundo de Investimentos ,RJ,Sudeste,RIO DE JANEIRO,Centro
810,325,"2020-10-06","2022-02-21","2022-05-22",237000.0,Não,,Fabricação de luminárias e outros equipamentos de iluminação,SP,Sudeste,OSASCO,Piratininga
811,0,"2021-07-02","1900-01-01","1900-01-01",0.0,Não,,"Aluguel de outras máquinas e equipamentos comerciais e industriais não especificados anteriormente, sem operador",MG,Sudeste,ARAXÁ,Santa Mônica
812,93,"2022-01-10","1900-01-01","2022-07-05",3000000.0,Não,,Sem Segmento,SP,Sudeste,SÃO PAULO,Vila Maria Baixa
813,0,"1900-01-01","2025-10-23","2026-03-31",30000000,Não,,"Comércio atacadista de mercadorias em geral, sem predominância de alimentos ou de insumos agropecuários",SP,Sudeste,SÃO PAULO,Cerqueira César
814,0,"2018-07-10","2018-07-16","2018-07-17",1.0,Não,,Armazéns gerais - emissão de warrant,"","","",""
815,0,"2020-08-21","1900-01-01","1900-01-01",0.0,Sim,"2024-08-09","Transporte rodoviário de carga, exceto produtos perigosos e mudanças, intermunicipal, interestadual e internacional","","","",""
816,81,"2019-05-03","2021-11-01","2021-11-04",1.0,Não,,Frigorífico - abate de bovinos,MS,Centro Oeste,NIOAQUE,ZONA RURAL
817,81,"2019-05-21","1900-01-01","1900-01-01",1.0,Não,,Frigorífico - abate de bovinos,MS,Centro Oeste,NIOAQUE,ZONA RURAL
818,0,"2019-08-13","2019-12-16","2020-04-15",400000.0,Não,,"Fabricação de instrumentos não-eletrônicos e utensílios para uso médico, cirúrgico, odontológico e de laboratório",SP,Sudeste,BARRETOS,Centro
819,36,"2018-08-07","2019-10-28","2020-02-27",2500000.0,Não,,"Comércio atacadista de frutas, verduras, raízes, tubérculos, hortaliças e legumes frescos",SP,Sudeste,ENGENHEIRO COELHO,CENTRO
820,0,"2021-02-04","1900-01-01","2022-07-30",0.0,Não,,Comércio varejista de outros produtos não especificados anteriormente,SC,Sul,CAPINZAL,CAPINZAL
821,0,"2020-08-03","1900-01-01","1900-01-01",0.0,Não,,Cultivo de soja,PI,Nordeste,URUÇUÍ,ZONA RURAL
822,0,"2021-10-28","2022-07-26","2022-10-30",1500000.0,Não,,Comércio varejista especializado de equipamentos e suprimentos de informática,SP,Sudeste,VALINHOS,Vila Ramaciotti
823,132,"2020-06-02","2025-10-31","2026-02-28",40000000,Não,,Comércio por atacado de peças e acessórios novos para veículos automotores,SP,Sudeste,SÃO JOSÉ DOS CAMPOS,Chácaras Reunidas
824,228,"2021-06-22","1900-01-01","2022-09-30",2500000.0,Não,,Holdings de instituições não-financeiras,SP,Sudeste,SÃO PAULO,Parque Industrial Tomas Edson
825,0,"2018-07-17","2024-07-29","2024-12-31",1000000.0,Não,,Serviços combinados de escritório e apoio administrativo,SP,Sudeste,SÃO PAULO,Vila Olímpia
826,204,"2020-11-19","1900-01-01","1900-01-01",3000000.0,Não,,"Comércio a varejo de automóveis, camionetas e utilitários novos",MG,Sudeste,PASSOS,Jardim Vila Rica
827,0,"1900-01-01","2019-04-22","2019-08-21",1000000.0,Não,,Fabricação de artefatos de material plástico para outros usos não especificados anteriormente,SP,Sudeste,MOGI GUAÇU,Parque Industri
828,0,"2020-10-01","1900-01-01","1900-01-01",0.0,Não,,Comércio atacadista de cosméticos e produtos de perfumaria,SP,Sudeste,EMBU DAS ARTES,AGUA MORNA
829,0,"2020-09-29","1900-01-01","1900-01-01",0.0,Não,,Holdings de instituições não-financeiras,RJ,Sudeste,SÃO PAULO,Cerqueira César
830,1,"1900-01-01","2022-11-08","2023-04-30",450000000,Não,,Comércio atacadista de óleos e gorduras,SP,Sudeste,SÃO PAULO,PARAISO
831,1,"1900-01-01","2020-09-21","2021-01-20",450000000,Não,,"Fabricação de óleos vegetais em bruto, exceto óleo de milho",SP,Sudeste,BAURU,Jd Eugenia
832,1,"1900-01-01","2020-09-21","2021-01-20",450000000,Não,,"Fabricação de óleos vegetais em bruto, exceto óleo de milho",SP,"",ORLANDIA,CERQUEIRA CESAR
833,1,"1900-01-01","2020-09-21","2021-01-20",450000000,Não,,Fabricação de margarina e outras gorduras vegetais e de óleos não-comestíveis de animais,SP,Sudeste,PIRAPOZINHO,V.Sao  Francisc
834,97,"2021-07-02","2023-07-03","2023-11-30",30000000,Não,,Comércio por atacado de pneumáticos e câmaras-de-ar,SC,Sul,ITAJAÍ,Itaipava
835,0,"2020-02-04","2023-07-07","2025-11-30",10000000,Não,,Treinamento em desenvolvimento profissional e gerencial,MG,Sudeste,ARAXÁ,Centro
836,333,"2021-08-10","2025-08-11","2025-11-30",440000000,Sim,"2024-01-03",Fabricação de açúcar em bruto,PE,Nordeste,CORTÊS,"Povoado Usina Pedrosa"
837,0,"2020-05-06","2024-06-24","2024-10-31",11000000,Não,,"Comércio atacadista de defensivos agrícolas, adubos, fertilizantes e corretivos do solo",PA,Norte,PARAGOMINAS,Centro
838,0,"2018-04-02","2018-03-29","2018-07-29",1.0,Não,,Produção de ferroligas,SP,Sudeste,CAJAMAR,Jordanésia (Jordanésia)
839,13,"2018-05-22","2020-12-14","2021-06-13",1.0,Sim,"2022-02-21","Comércio atacadista de produtos siderúrgicos e metalúrgicos, exceto para construção",SP,Sudeste,LOUVEIRA,ESTIVA
840,10,"2018-04-11","2019-10-21","2020-02-20",600000.0,Não,,Fabricação de artefatos de material plástico para uso pessoal e doméstico,"","","",""
841,229,"2021-06-22","2021-06-21","2021-06-22",1.0,Não,,"Corretores e agentes de seguros, de planos de previdência complementar e de saúde",SP,Sudeste,SÃO PAULO,República
842,0,"2018-09-24","2019-08-15","2019-08-16",5.0,Não,,Fabricação de produtos derivados do cacau e de chocolates,SP,Sudeste,MARÍLIA,Distrito Industrial
843,0,"1900-01-01","1900-01-01","1900-01-01",0.0,Não,,Fabricação de embalagens metálicas,SP,Sudeste,SUZANO,PARQUE SATURNO
844,0,"2021-08-11","2024-03-25","2024-08-31",10000000,Não,,Comércio atacadista de soja,GO,Centro Oeste,GOIÂNIA,Jardim Goiás
845,0,"2019-12-02","1900-01-01","1900-01-01",0.0,Não,,"Comércio atacadista de frutas, verduras, raízes, tubérculos, hortaliças e legumes frescos",SP,Sudeste,SÃO PAULO,VILA SAO FRANCISCO
846,0,"1900-01-01","1900-01-01","1900-01-01",0.0,Não,,Fabricação de calçados de materiais não especificados anteriormente,MG,Sudeste,NOVA SERRANA,JD PADRE LIBERI
847,0,"2021-09-13","1900-01-01","1900-01-01",0.0,Não,,Serviços especializados para construção não especificados anteriormente,SP,Sudeste,SERTAOZINHO,CENTRO
848,37,"2021-03-23","1900-01-01","1900-01-01",1700000.0,Não,,Holdings de instituições não-financeiras,"","","",""
849,0,"1900-01-01","2020-01-27","2020-05-26",180000.0,Não,,"Confecção de peças do vestuário, exceto roupas íntimas e as confeccionadas sob medida",SP,Sudeste,SAO PAULO,PLANALTO PAULIS
850,0,"2021-08-10","2025-08-11","2025-11-30",440000000,Não,,Fabricação de açúcar em bruto,PE,Nordeste,IGARASSU,Área Rural de Igarassu
851,333,"2021-08-10","2023-08-25","2023-10-31",440000000,Não,,Fabricação de álcool,SP,Sudeste,TAQUARITUBA,Do Medonho
852,33,"2018-08-27","2019-07-02","2023-01-01",1.0,Não,,Fabricação de cloro e álcalis,SP,Sudeste,JABOATÃO DOS GUARARAPES-PE,PRAZERES
853,0,"2020-06-22","1900-01-01","1900-01-01",0.0,Não,,Serviços advocatícios,SP,Sudeste,SÃO PAULO,Vila Olímpia
854,115,"2020-02-18","2025-07-04","2025-11-30",8604000.0,Não,,Transporte,RS,Sul,NOVA SANTA RITA,FLORESTA
855,0,"1900-01-01","1900-01-01","1900-01-01",1000000.0,Não,,Aluguel de máquinas e equipamentos para escritório,SP,Sudeste,BARUERI,JARDIM BELVAL
856,13,"2018-05-22","2020-12-14","2021-06-13",1.0,Não,,"Comércio atacadista de produtos siderúrgicos e metalúrgicos, exceto para construção",SP,Sudeste,LOUVEIRA,Estiva
857,0,"1900-01-01","2018-04-10","2018-04-10",1.0,Não,,Fabricação de adubos e fertilizantes organo-minerais,SP,Sudeste,ITAPEVA,JD. NOVA ITAPEV
858,291,"2021-12-13","1900-01-01","1900-01-01",1.0,Não,,"Depósitos de mercadorias para terceiros, exceto armazéns gerais e guarda-móveis","","","",""
859,0,"2019-10-25","1900-01-01","1900-01-01",0.0,Não,,Locação de mão-de-obra temporária,GO,Centro Oeste,CATALÃO,Distrito Minero Industrial de Catalão
860,341,"2021-10-04","2021-10-04","2026-03-31",10000000,Não,,Comércio atacadista especializado em outros produtos intermediários não especificados anteriormente,"","","",""
861,147,"2020-08-14","2023-03-01","2025-12-31",5000000.0,Não,,"Farmaceutico, Hospitalar e Saude",GO,Centro Oeste,FORMOSA,Centro
862,0,"2020-03-11","1900-01-01","1900-01-01",0.0,Não,,Fornecimento e gestão de recursos humanos para terceiros,SP,Sudeste,SÃO PAULO,Indianópolis
863,0,"2020-10-21","1900-01-01","1900-01-01",0.0,Não,,"Comércio atacadista de produtos da extração mineral, exceto combustíveis",SP,Sudeste,SÃO PAULO,Parque São Lourenço
864,132,"2020-06-02","2021-10-25","2023-01-01",40000000,Não,,Comércio por atacado de peças e acessórios novos para veículos automotores,SP,Sudeste,GUARULHOS,Parque das Nações
865,0,"2020-03-13","1900-01-01","1900-01-01",0.0,Não,,"Confecção de peças do vestuário, exceto roupas íntimas e as confeccionadas sob medida",SP,Sudeste,OSASCO,Industrial Anhangüera
866,0,"2019-05-28","1900-01-01","1900-01-01",0.0,Não,,Comércio varejista especializado de eletrodomésticos e equipamentos de áudio e vídeo,GO,Centro Oeste,CATALÃO,Pio Gomes
867,0,"2021-05-18","1900-01-01","2022-05-30",0.0,Não,,"Transporte rodoviário coletivo de passageiros, sob regime de fretamento, intermunicipal, interestadual e internacional",GO,Centro Oeste,LUZIANIA,PQ TRES PODERES
868,311,"1900-01-01","2021-03-01","2021-08-31",2000000.0,Não,,Representantes comerciais e agentes do comércio de matérias-primas agrícolas e animais vivos,SP,Sudeste,MARACAI,AGUA DO PAU QUEIMADO
869,115,"2020-03-16","2025-07-04","2025-11-30",8604000.0,Não,,AGRO,RS,Sul,CAPAO DO LEAO,JARDIM AMERICA
870,0,"2020-03-09","1900-01-01","1900-01-01",0.0,Não,,"Atividades de atendimento hospitalar, exceto pronto-socorro e unidades para atendimento a urgências",SP,Sudeste,SÃO PAULO,Jardim Peri Peri
871,0,"2020-03-18","1900-01-01","1900-01-01",0.0,Não,,Comércio atacadista de soja,MT,Centro Oeste,PRIMAVERA DO LESTE,PRIMAVERA II
872,0,"2022-01-24","2023-09-29","2025-12-31",35000000,Não,,Fabricação de alimentos para animais,TO,Norte,FORMOSO DO ARAGUAIA,SETOR SAO JOSE L
873,346,"2021-11-05","2022-12-22","2023-06-30",3600000.0,Não,,"Comércio atacadista de máquinas, aparelhos e equipamentos para uso agropecuário; partes e peças",GO,Centro Oeste,ITUMBIARA,Distrito Agro Industrial
874,0,"2020-04-02","1900-01-01","1900-01-01",0.0,Não,,Moagem e fabricação de produtos de origem vegetal não especificados anteriormente,MT,Centro Oeste,ÁGUA BOA,cent
875,0,"2018-08-21","1900-01-01","1900-01-01",0.0,Não,,"Transporte rodoviário de carga, exceto produtos perigosos e mudanças, intermunicipal, interestadual e internacional",MA,Nordeste,BALSAS,POTOSI
876,0,"2021-09-14","2023-07-07","2025-11-30",10000000,Não,,"Manutenção e reparação de geradores, transformadores e motores elétricos",MG,Sudeste,BETIM,Distrito Industrial Jardim Piemont Norte
877,0,"2021-11-04","1900-01-01","1900-01-01",0.0,Não,,Aluguel de andaimes,MG,Sudeste,UBERABA,VILA SAO CRISTOVAO
878,940,"2019-09-09","2025-02-25","2025-05-31",6500000.0,Não,,Frigorífico - abate de suínos,PA,Norte,PARAGOMINAS,INTERIOR
879,0,"2020-07-28","2025-10-03","2026-01-31",26094000,Não,,"Comércio atacadista de álcool carburante, biodiesel, gasolina e demais derivados de petróleo, exceto lubrificantes, não realizado por transportador retalhista (TRR)",SP,Sudeste,RIBEIRÃO PRETO,Bom Jesus
880,401,"2020-08-20","2022-05-18","2024-08-31",5000000.0,Não,,"Manutenção e reparação de máquinas para a indústria metalúrgica, exceto máquinas-ferramenta",GO,Centro Oeste,FORMOSA,Jardim Califórnia
881,0,"2020-07-15","1900-01-01","1900-01-01",0.0,Não,,Obras de montagem industrial,RJ,Sudeste,DUQUE DE CAXIAS,Vila Canaan
882,103,"2021-03-09","2025-10-28","2026-02-28",15000000,Não,,Moagem e fabricação de produtos de origem vegetal não especificados anteriormente,SP,Sudeste,RANCHARIA,CENTRO
883,150,"2020-10-01","1900-01-01","1900-01-01",0.0,Não,,"Transporte rodoviário coletivo de passageiros, sob regime de fretamento, intermunicipal, interestadual e internacional",MG,Sudeste,ITUIUTABA,Alvorada
884,150,"2020-09-30","1900-01-01","1900-01-01",0.0,Não,,Serviço de transporte de passageiros - locação de automóveis com motorista,GO,Centro Oeste,ITUMBIARA,Setor Central
885,0,"2019-03-20","2019-03-18","2019-07-17",1.0,Não,,Fabricação de papel,PE,Nordeste,IGARASSU,Agamenon Magalhães
886,0,"2021-07-27","2021-07-27","2021-07-28",0.0,Não,,Fabricação de outros produtos alimentícios não especificados anteriormente,SP,Sudeste,COTIA,Parque Industrial San José
887,333,"2021-08-10","2022-10-10","2022-10-30",440000000,Não,,Comércio atacadista de açúcar,PE,Nordeste,CORTÊS,Zona Rural
888,137,"2020-06-01","2025-10-31","2025-11-30",5000000.0,Não,,Criação de suínos,MT,Centro Oeste,CUIABA,BOSQUE SAUDE
889,228,"2021-06-22","1900-01-01","2022-09-30",2500000.0,Não,,Sem Segmento,SP,Sudeste,SÃO PAULO,Parque Industrial Tomas Edson
890,12,"1900-01-01","2018-04-10","2018-04-10",1.0,Não,,"Comércio atacadista de artigos do vestuário e acessórios, exceto profissionais e de segurança",PR,Sul,CURITIBA,BATEL
891,12,"1900-01-01","2018-04-10","2018-04-10",1.0,Não,,"Comércio atacadista de artigos do vestuário e acessórios, exceto profissionais e de segurança",SP,Sudeste,FRANCA,JD DR. ANTONIO
892,399,"2021-05-10","2023-07-20","2026-01-31",5000000.0,Não,,Carga e descarga,MG,Sudeste,ARAGUARI,Miranda
893,229,"2021-06-22","1900-01-01","1900-01-01",1.0,Não,,"Corretores e agentes de seguros, de planos de previdência complementar e de saúde","","","",""
894,0,"2021-07-05","2021-07-05","2021-07-06",0.0,Não,,Atividades associativas não especificadas anteriormente,RJ,Sudeste,RIO DE JANEIRO,CENTRO
895,0,"2021-02-18","1900-01-01","1900-01-01",0.0,Não,,Fabricação de alimentos para animais,MT,Centro Oeste,CUIABÁ,Distrito Industrial
896,0,"2019-01-16","1900-01-01","1900-01-01",0.0,Não,,Comércio varejista de outros produtos não especificados anteriormente,SP,Sudeste,CUBATÃO,Parque São Luis
897,100,"2019-11-26","2025-09-18","2025-12-31",5500000.0,Não,,Comércio atacadista de carnes bovinas e suínas e derivados,SP,Sudeste,BARUERI,Alphaville Industrial
898,100,"2020-08-28","2022-04-05","2022-10-02",5500000.0,Não,,Comércio atacadista de carnes bovinas e suínas e derivados,MG,Sudeste,ITAJUBÁ,Centro
899,357,"2020-09-24","2023-07-24","2024-10-31",5000000.0,Não,,Instalação de máquinas e equipamentos industriais,RS,Sul,SANTA ROSA,Glória
900,198,"2021-03-29","1900-01-01","1900-01-01",6000000.0,Não,,Holdings de instituições não-financeiras,MG,Sudeste,ALFENAS,Jd São Carlos
901,0,"2021-09-24","2022-08-31","2023-02-28",4000000.0,Não,,Atividades de apoio à agricultura não especificadas anteriormente,MG,Sudeste,ARAXÁ,Centro
902,14,"1900-01-01","2018-03-26","2018-07-25",1000000.0,Não,,Preparação de documentos e serviços especializados de apoio administrativo não especificados anteriormente,SP,Sudeste,SÃO PAULO,Vila Maria
903,0,"2020-01-02","2020-01-27","2020-05-26",1.0,Sim,"2022-02-21","Fabricação de fios, cabos e condutores elétricos isolados",BA,Nordeste,SIMÕES FILHO,CIA SUL
904,331,"2021-08-02","1900-01-01","1900-01-01",10000000,Não,,"Fabricação de óleos vegetais em bruto, exceto óleo de milho",PR,Sul,CORNÉLIO PROCÓPIO,CENTRO
905,0,"2018-06-18","1900-01-01","1900-01-01",0.0,Não,,Comércio atacadista de produtos alimentícios em geral,SP,Sudeste,SÃO PAULO,Vila Minerva
906,0,"2021-06-09","1900-01-01","1900-01-01",2000000.0,Não,,Sem Segmento,"","","",""
907,377,"1900-01-01","2020-01-27","2020-05-26",2500000.0,Não,,"Fabricação de sucos concentrados de frutas, hortaliças e legumes",SP,Sudeste,ITAJOBI,RURAL
908,0,"2018-07-26","1900-01-01","1900-01-01",0.0,Não,,Comércio varejista de artigos do vestuário e acessórios,SP,Sudeste,SAO PAULO,""
909,0,"1900-01-01","1900-01-01","1900-01-01",0.0,Não,,Moagem e fabricação de produtos de origem vegetal não especificados anteriormente,MG,Sudeste,UNAI,SANTA CLARA
910,0,"1900-01-01","1900-01-01","1900-01-01",0.0,Não,,"Serviços combinados para apoio a edifícios, exceto condomínios prediais",SP,Sudeste,SAO PAULO,BOSQUE DA SAUDE
911,180,"2021-03-08","1900-01-01","1900-01-01",0.0,Não,,Comércio atacadista de energia elétrica,SP,Sudeste,SÃO PAULO,Brooklin Paulista
912,70,"2019-01-07","2019-02-11","2019-06-10",600000.0,Não,,Fabricação de peças e acessórios para o sistema de freios de veículos automotores,AC,Norte,"",""
913,0,"2020-01-07","1900-01-01","1900-01-01",0.0,Não,,Obras de montagem industrial,SP,Sudeste,RIBEIRÃO PRETO,Jardim Paschoal Innecchi
914,337,"2021-09-29","2021-09-06","2022-03-05",50000000,Não,,"Fabricação de outros aparelhos eletrodomésticos não especificados anteriormente, peças e acessórios","","","",""
915,0,"2022-02-04","1900-01-01","1900-01-01",0.0,Não,,Limpeza em prédios e em domicílios,GO,Centro Oeste,APARECIDA DE GOIANIA,VILA BRASILIA
916,0,"2022-02-04","1900-01-01","1900-01-01",0.0,Não,,Limpeza em prédios e em domicílios,GO,Centro Oeste,APARECIDA DE GOIANIA,VILA BRASILIA
917,249,"2021-03-26","2021-04-12","2021-10-11",7400000.0,Não,,Serviços de engenharia,RJ,Sudeste,MACAÉ,Lagomar
918,0,"2019-06-12","2019-06-10","2019-10-09",5.0,Não,,Metalurgia de outros metais não-ferrosos e suas ligas não especificados anteriormente,SP,Sudeste,SÃO PAULO,Vila Formosa
919,0,"1900-01-01","2018-03-26","2018-05-10",200000.0,Não,,Serviços,SP,Sudeste,SAO BERNARDO DO CAMPO,VILA ALMEIDA
920,95,"2019-11-06","2019-10-28","2020-02-27",10000000,Não,,Comércio atacadista especializado em outros produtos intermediários não especificados anteriormente,SC,Sul,ARAQUARI,""
921,0,"2019-10-28","1900-01-01","1900-01-01",0.0,Não,,Manutenção e reparação de válvulas industriais,AM,Norte,MANAUS,Armando Mendes
922,0,"1900-01-01","2020-01-20","2020-05-19",3000000.0,Não,,Fabricação de laticínios,MG,Sudeste,PATROCINIO,Cruzeiro da Ser
923,189,"2020-12-15","2024-06-17","2024-09-30",500000.0,Sim,"2024-09-12",Comércio atacadista de cosméticos e produtos de perfumaria,SP,Sudeste,SÃO PAULO,Brás
924,181,"1900-01-01","2025-06-06","2026-01-31",40000000,Não,,Comércio atacadista de matérias-primas agrícolas não especificadas anteriormente,MT,Centro Oeste,SORRISO,São Cristóvão
925,55,"2018-11-16","2018-12-03","2019-04-02",1200000.0,Sim,"2022-02-21","Comércio atacadista de máquinas, aparelhos e equipamentos para uso agropecuário; partes e peças",SP,Sudeste,SAO BERNARDO DO CAMPO,CENTRO
926,0,"2022-01-17","2022-01-17","2022-05-17",8200000.0,Não,,AGRO,PE,Nordeste,RECIFE,BOA VIAGEM
927,0,"2020-02-04","2022-09-05","2023-02-28",10000000,Não,,Fabricação de produtos químicos orgânicos não especificados anteriormente,MG,Sudeste,CONQUISTA,ZONA RURAL
928,0,"2018-12-19","1900-01-01","1900-01-01",0.0,Não,,"Atividades de consultoria em gestão empresarial, exceto consultoria técnica específica",BA,Nordeste,DIAS D'ÁVILA,CRISTO REI
929,158,"2020-09-08","2023-06-07","2026-01-31",5000000.0,Não,,Serviços de perícia técnica relacionados à segurança do trabalho,GO,Centro Oeste,ITUMBIARA,Setor Central
930,158,"2020-09-08","2023-06-07","2026-01-31",5000000.0,Não,,Fornecimento e gestão de recursos humanos para terceiros,GO,Centro Oeste,ITUMBIARA,Setor Central
931,0,"2020-03-10","1900-01-01","1900-01-01",0.0,Não,,"Serviços combinados para apoio a edifícios, exceto condomínios prediais",SP,Sudeste,BARUERI,Tamboré
932,0,"2022-01-25","2022-01-24","2022-01-24",0.0,Não,,Fabricação de alimentos para animais,GO,Centro Oeste,GOIANIRA,DIST AGROINDUSTRIAL
933,1053,"2018-10-10","2025-02-27","2025-07-31",700000000,Não,,Sociedades de crédito ao microempreendedor,SP,Sudeste,SÃO PAULO,Bela Vista
934,94,"2019-09-09","2020-01-27","2020-05-26",1.0,Não,,"Transporte rodoviário de carga, exceto produtos perigosos e mudanças, intermunicipal, interestadual e internacional",SP,Sudeste,GUARULHOS,CIDADE INDUSTRIAL
935,137,"2020-05-19","2025-10-31","2025-11-30",5000000.0,Não,,Comércio atacadista de carnes bovinas e suínas e derivados,AC,Norte,SENADOR GUIOMARD,Centro
936,137,"2020-06-04","2025-10-31","2025-11-30",5000000.0,Não,,Frigorífico - abate de bovinos,PA,Norte,NOVO PROGRESSO,ZONA RURAL
937,212,"2021-05-10","1900-01-01","1900-01-01",1.0,Não,,Sem Segmento,"","","",""
938,0,"2021-02-08","2023-09-12","2023-11-30",500000.0,Não,,Comércio atacadista de cereais e leguminosas beneficiados,MT,Centro Oeste,SORRISO,Industrial - 1ª Etapa
939,0,"2019-09-26","2022-08-31","2023-02-28",1700000.0,Não,,Serviços de engenharia,MG,Sudeste,ARAXÁ,Centro
940,348,"2021-11-09","2025-10-29","2026-02-28",11000000,Não,,"Comércio atacadista de defensivos agrícolas, adubos, fertilizantes e corretivos do solo",PR,Sul,ARAPONGAS,Jardim Universitário
941,28,"2018-08-03","2025-10-28","2026-02-28",13000000,Não,,Fabricação de produtos de trefilados de metal padronizados,MG,Sudeste,ANDRADAS,SITIO CIPRIANA
942,28,"2018-09-12","2025-10-28","2026-02-28",13000000,Não,,Comércio atacadista especializado em outros produtos intermediários não especificados anteriormente,MG,Sudeste,ANDRADAS,SITIO CIPRIANA
943,3,"2021-03-22","1900-01-01","2023-01-30",9500000.0,Não,,Fabricação de alimentos para animais,MT,Centro Oeste,SINOP,Loteamento Alto da Glória
944,37,"2021-03-23","1900-01-01","1900-01-01",1700000.0,Não,,Sem Segmento,SP,Sudeste,PIRACICABA,Santa Terezinha
945,199,"2021-04-05","1900-01-01","1900-01-01",2000000.0,Não,,Incorporação de empreendimentos imobiliários,SP,Sudeste,SÃO PAULO,Bela Vista
946,0,"2019-11-12","2021-01-26","2021-01-27",1.0,Não,,Instalação e manutenção elétrica,MG,Sudeste,BETIM,Distrito Industrial Jardim Piemont Norte
947,176,"2020-07-06","2021-03-01","2022-11-01",1.0,Não,,Comércio atacadista de produtos alimentícios em geral,RJ,Sudeste,QUEIMADOS,Campo Alegre
948,132,"2020-06-02","2021-10-25","2023-01-01",40000000,Não,,Comércio por atacado de peças e acessórios novos para veículos automotores,SP,Sudeste,ARAÇATUBA,Vila Industrial
949,233,"2021-06-28","2022-08-15","2023-02-28",1000000.0,Não,,Transporte rodoviário de produtos perigosos,SP,Sudeste,SÃO JOSÉ DO RIO PRETO,Parque Residencial Damha
950,0,"2018-06-15","2018-06-19","2018-06-20",1.0,Não,,Laboratórios clínicos,"","","",""
951,0,"2020-07-27","1900-01-01","1900-01-01",0.0,Não,,Atividades de cobrança e informações cadastrais,SP,Sudeste,SÃO PAULO,SANTANA
952,4,"1900-01-01","2019-08-16","2019-08-17",50000000,Não,,Serviços combinados de escritório e apoio administrativo,SP,Sudeste,SAO PAULO,JARDIM CANGUSSU
953,4,"1900-01-01","2019-08-16","2019-08-17",50000000,Não,,Comércio atacadista de produtos alimentícios em geral,GO,Centro Oeste,APARECIDA DE GOIÂNIA,Polo Empresarial Goiás - Etapa X
954,265,"2021-11-03","1900-01-01","1900-01-01",1.0,Não,,Incorporação de empreendimentos imobiliários,"","","",""
955,0,"2021-08-31","2021-08-30","2022-03-01",35000000,Não,,"Atividades de consultoria em gestão empresarial, exceto consultoria técnica específica",SP,Sudeste,SÃO PAULO,Vila Hamburguesa
956,0,"2019-10-31","1900-01-01","1900-01-01",0.0,Não,,"Atividades de consultoria em gestão empresarial, exceto consultoria técnica específica",SP,Sudeste,CAMPINAS,Jardim Nova Europa
957,144,"2020-09-17","2021-11-29","2022-05-28",5000000.0,Não,,"Comércio atacadista de mercadorias em geral, sem predominância de alimentos ou de insumos agropecuários",SP,Sudeste,TABOÃO DA SERRA,Jardim Henriqueta
958,192,"2021-03-15","1900-01-01","1900-01-01",500000.0,Não,,Holdings de instituições não-financeiras,"","","",""
959,0,"2020-02-27","2020-02-26","2020-06-25",2000000.0,Não,,"Fabricação de produtos de trefilados de metal, exceto padronizados",RJ,Sudeste,BAURU,Jardim Dona Sarah
960,23,"1900-01-01","2019-10-21","2020-02-20",800000.0,Não,,Comércio atacadista de água mineral,SP,Sudeste,SAO SIMAO,JD CLAUDIA PRAD
961,336,"2021-09-13","1900-01-01","1900-01-01",1000000.0,Não,,Construção de estações e redes de distribuição de energia elétrica,PR,Sul,MARINGÁ,Parque Indultrial Bandeirantes
962,0,"2020-03-09","1900-01-01","1900-01-01",0.0,Não,,Produção de laminados de alumínio,SP,Sudeste,GUARULHOS,CUMBICA
963,132,"2020-05-29","2025-10-31","2026-02-28",40000000,Não,,Serviços combinados de escritório e apoio administrativo,PR,Sul,MARINGÁ,Vila Morangueira
964,0,"2021-07-05","1900-01-01","1900-01-01",0.0,Não,,Fabricação de componentes eletrônicos,SP,Sudeste,CAMPINAS,Real Parque
965,61,"2018-12-04","2025-11-04","2026-02-28",30000000,Não,,"Comércio atacadista de mercadorias em geral, sem predominância de alimentos ou de insumos agropecuários",ES,Sudeste,VITÓRIA,Enseada do Suá
966,61,"2018-12-26","2025-11-04","2026-02-28",30000000,Não,,"Comércio atacadista de mercadorias em geral, sem predominância de alimentos ou de insumos agropecuários",SC,Sul,SÃO FRANCISCO DO SUL,IPEROBA
967,61,"2018-12-04","2025-11-04","2026-02-28",30000000,Não,,"Comércio atacadista de mercadorias em geral, sem predominância de alimentos ou de insumos agropecuários",SC,Sul,SÃO FRANCISCO DO SUL,CENTRO
968,0,"2021-09-16","2022-03-03","2022-08-30",1800000.0,Não,,"SERVICOS DE USINAGENS, TORNEARIA E SOLDA",MG,Sudeste,IPATINGA,Vila Celeste
969,148,"2018-09-10","2018-08-17","2018-12-16",3000000.0,Sim,"2023-09-27",Construção de edifícios,MG,Sudeste,UBERABA,Santa Maria
970,348,"2021-11-09","2025-10-29","2026-02-28",11000000,Não,,AGRO,PR,Sul,CAMBÉ,Jardim Vitória
971,0,"2020-09-10","1900-01-01","1900-01-01",0.0,Não,,"Atividades de consultoria em gestão empresarial, exceto consultoria técnica específica",SP,Sudeste,SÃO PAULO,VILA ANDRADE
972,159,"2021-03-15","1900-01-01","1900-01-01",400000.0,Não,,"Aluguel de outras máquinas e equipamentos comerciais e industriais não especificados anteriormente, sem operador",RJ,Sudeste,DUQUE DE CAXIAS,Jardim Vinte e Cinco de Agosto
973,147,"2020-08-14","2023-03-01","2026-01-31",5000000.0,Não,,Locação de mão-de-obra temporária,GO,Centro Oeste,FORMOSA,Centro
974,0,"2021-10-19","1900-01-01","1900-01-01",0.0,Não,,Pesquisa e desenvolvimento experimental em ciências sociais e humanas,SP,Sudeste,JUNDIAI,JD ERMIDA I
975,0,"2020-05-19","1900-01-01","1900-01-01",0.0,Não,,"Comércio atacadista de mercadorias em geral, com predominância de produtos alimentícios",SP,Sudeste,SÃO PAULO,Parque Ipê
976,0,"2020-05-19","1900-01-01","1900-01-01",0.0,Não,,"Comércio atacadista de mercadorias em geral, com predominância de produtos alimentícios",PR,Sul,IMBITUVA,JARDIM MIRALUZ
977,0,"2021-04-20","1900-01-01","1900-01-01",0.0,Não,,Fundo de Investimentos ,RJ,Sudeste,RIO DE JANEIRO,Centro
978,356,"2021-03-08","2023-02-07","2025-11-30",6500000.0,Não,,"Atividades de consultoria em gestão empresarial, exceto consultoria técnica específica",SP,Sudeste,SÃO PAULO,Planalto Paulista
979,356,"2021-03-02","2023-02-07","2026-02-28",6500000.0,Não,,Seleção e agenciamento de mão-de-obra,SP,Sudeste,BARUERI,Alphaville Comercial
980,356,"2021-04-05","2023-02-07","2025-11-30",6500000.0,Não,,Seleção e agenciamento de mão-de-obra,RS,Sul,PORTO ALEGRE,Rio Branco
981,0,"2020-07-30","1900-01-01","1900-01-01",0.0,Não,,Aluguel de imóveis próprios,SP,Sudeste,SÃO PAULO,Jardim Guedala
982,0,"2019-10-21","1900-01-01","1900-01-01",0.0,Não,,"Tratamentos térmicos, acústicos ou de vibração",BA,Nordeste,DIAS D'ÁVILA,SANTA TEREZINHA
983,0,"2021-10-04","2021-10-04","2021-10-05",0.0,Não,,"Comércio atacadista de defensivos agrícolas, adubos, fertilizantes e corretivos do solo",SC,Sul,ITAJAÍ,Centro
984,65,"2021-03-29","1900-01-01","2022-08-30",780000.0,Não,,Fabricação de artefatos de material plástico para outros usos não especificados anteriormente,SC,Sul,JOINVILLE,Costa e Silva
985,37,"2018-09-05","2021-08-16","2022-02-15",1700000.0,Não,,Fabricação de outros produtos de minerais não-metálicos não especificados anteriormente,SP,Sudeste,PIRACICABA,Sta. Terezinha
986,3,"2021-03-22","1900-01-01","2023-01-30",9500000.0,Não,,"Transporte rodoviário de carga, exceto produtos perigosos e mudanças, intermunicipal, interestadual e internacional",MT,Centro Oeste,SORRISO,Centro 
987,192,"2021-03-15","2021-03-15","2021-09-14",500000.0,Não,,Fabricação de estruturas metálicas,SP,Sudeste,ITUPEVA,Parque Amarylis
988,218,"2022-01-17","1900-01-01","2022-05-18",1.0,Não,,Outras atividades de serviços prestados principalmente às empresas não especificadas anteriormente,CE,Nordeste,FORTALEZA,Centro
989,0,"1900-01-01","1900-01-01","1900-01-01",0.0,Não,,Comércio atacadista de cereais e leguminosas beneficiados,MG,Sudeste,UNAI,SAGRADA FAMILIA
990,0,"2019-10-23","2024-02-07","2024-08-31",2100000.0,Não,,Locação de automóveis sem condutor,SP,Sudeste,PRESIDENTE PRUDENTE,Vila Santa Helena
991,0,"2021-11-26","2023-07-12","2023-12-31",350000.0,Não,,Comércio varejista de outros produtos não especificados anteriormente,SC,Sudeste,CAPINZAL,CENTRO
992,157,"2020-09-21","2023-07-31","2024-05-31",5500000.0,Não,,"Transporte rodoviário de carga, exceto produtos perigosos e mudanças, intermunicipal, interestadual e internacional",DF,Centro Oeste,BRASÍLIA,PLANALTINA
993,0,"2020-03-10","1900-01-01","1900-01-01",0.0,Não,,Atividades de vigilância e segurança privada,SP,Sudeste,BARUERI,Tamboré
994,0,"2021-04-20","1900-01-01","1900-01-01",0.0,Não,,"Fundos de investimento, exceto previdenciários e imobiliários",RJ,Sudeste,RIO DE JANEIRO,Botafogo
995,0,"2021-08-31","2021-08-30","2022-03-01",0.0,Não,,Frigorífico - abate de bovinos,MS,Centro Oeste,IGUATEMI,CHÁCARA
996,168,"2020-10-28","2025-03-25","2025-07-31",2000000.0,Não,,"Comércio atacadista de mercadorias em geral, com predominância de insumos agropecuários",MT,Centro Oeste,TANGARÁ DA SERRA,Jardim Cidade Alta
997,0,"2020-06-15","2020-06-15","2020-10-14",1500000.0,Não,,Recuperação de materiais plásticos,MT,Centro Oeste,CUIABA,DISTR INDUSTRIAL
998,355,"2021-12-20","1900-01-01","2022-12-30",6000000.0,Não,,Sem Segmento,SP,Sudeste,SÃO PAULO,Bela Vista
999,224,"2021-05-31","2025-11-04","2026-01-31",2400000.0,Sim,"2022-02-21",Atividades de enfermagem,SP,Sudeste,SÃO PAULO,Barra Funda
1000,224,"2021-09-06","2025-11-04","2026-01-31",2400000.0,Sim,"2022-02-21",Sem Segmento,RJ,Sudeste,RIO DE JANEIRO,Centro
1001,292,"2021-10-21","2025-10-31","2026-03-31",45000000,Não,,Comércio atacadista de cosméticos e produtos de perfumaria,RJ,Sudeste,SÃO JOÃO DE MERITI,Parque Analândia
1002,0,"2020-09-11","1900-01-01","1900-01-01",0.0,Não,,Comércio atacadista de matérias-primas agrícolas não especificadas anteriormente,PR,Sul,ARAPONGAS,Parque Industrial II
1003,0,"2018-07-03","2019-08-16","2019-08-17",5.0,Não,,Comércio atacadista de energia elétrica,SP,Sudeste,SÃO PAULO,Cerqueira César
1004,359,"2022-01-17","1900-01-01","1900-01-01",0.0,Não,,Administração de cartões de crédito,"","","",""
1005,0,"1900-01-01","1900-01-01","1900-01-01",3000000.0,Não,,"Atividades de intermediação e agenciamento de serviços e negócios em geral, exceto imobiliários",SP,Sudeste,BAURU,VILA STO ANTONI
1006,427,"2020-04-16","2023-03-23","2025-11-30",5000000.0,Não,,Comércio varejista de ferragens e ferramentas,MG,Sudeste,ARAXA,SANTA RITA
1007,175,"2021-01-12","1900-01-01","1900-01-01",0.0,Não,,"Manutenção e reparação de máquinas, aparelhos e materiais elétricos não especificados anteriormente",GO,Centro Oeste,FORMOSA,Jardim Califórnia
1008,0,"2020-03-09","1900-01-01","1900-01-01",0.0,Não,,Fabricação de outros produtos de metal não especificados anteriormente,SP,Sudeste,SALTO,Joana Leite
1009,159,"2021-03-15","1900-01-01","1900-01-01",400000.0,Não,,Fabricação de artefatos de material plástico para outros usos não especificados anteriormente,"","","",""
1010,0,"2020-03-12","1900-01-01","1900-01-01",0.0,Não,,Impressão de material para uso publicitário,"","","",""
1011,0,"1900-01-01","1900-01-01","1900-01-01",0.0,Não,,Organização logística do transporte de carga,SP,Sudeste,BARUERI,""
1012,0,"2021-01-14","1900-01-01","1900-01-01",0.0,Não,,Moagem e fabricação de produtos de origem vegetal não especificados anteriormente,MT,Centro Oeste,POXORÉU,NOVO HORIZONTE
1013,0,"2021-06-09","1900-01-01","1900-01-01",2000000.0,Não,,Armazéns gerais - emissão de warrant,"","","",""
1014,0,"1900-01-01","1900-01-01","1900-01-01",0.0,Não,,Comércio atacadista de alimentos para animais,PR,Sul,NOVA ESPERANCA,Parque Industri
1015,0,"2021-06-24","1900-01-01","1900-01-01",0.0,Não,,Sem Segmento,SP,Sudeste,GUARULHOS,Cidade Industrial Satélite de São Paulo
1016,0,"2021-11-23","2022-06-01","2022-11-30",2500000.0,Não,,Preparação de documentos e serviços especializados de apoio administrativo não especificados anteriormente,SP,Sudeste,ARARAQUARA,Centro
1017,191,"2021-03-15","1900-01-01","2022-08-30",10000000,Não,,"Transporte rodoviário de carga, exceto produtos perigosos e mudanças, municipal",SP,Sudeste,JARINU,SP 354
1018,0,"2021-08-09","2022-05-20","2022-11-30",3600000.0,Não,,Fabricação de componentes eletrônicos,SP,Sudeste,SÃO PAULO,Vila Liviero
1019,0,"2021-11-10","1900-01-01","1900-01-01",0.0,Não,,Fabricação de componentes eletrônicos,MG,Sudeste,STA RITA DO SAPUCAI,FERNANDES
1020,192,"2021-03-15","1900-01-01","1900-01-01",500000.0,Não,,Holdings de instituições não-financeiras,"","","",""
1021,0,"2021-07-05","2021-07-05","2021-07-06",0.0,Não,,"Fabricação de máquinas e aparelhos de refrigeração e ventilação para uso industrial e comercial, peças e acessórios",RS,Sul,SAPUCAIA DO SUL,Colonial
1022,0,"2021-04-20","1900-01-01","1900-01-01",0.0,Não,,"Fundos de investimento, exceto previdenciários e imobiliários",RJ,Sudeste,RIO DE JANEIRO,Centro
1023,10,"2018-04-11","2019-10-21","2020-02-20",600000.0,Não,,"Comércio varejista especializado de peças e acessórios para aparelhos eletroeletrônicos para uso doméstico, exceto informática e comunicação",SP,Sudeste,VARGEM GRANDE PAULISTA,Tijuco Preto
1024,0,"2021-06-07","2021-06-07","2021-06-08",0.0,Não,,Outros representantes comerciais e agentes do comércio especializado em produtos não especificados anteriormente,SP,Sudeste,"",VILA JAGUARA
1025,113,"2020-03-11","2021-05-03","2021-11-02",1.0,Não,,Comércio atacadista de resinas e elastômeros,SC,Sul,SÃO JOSÉ,Barreiros
1026,148,"2020-09-24","1900-01-01","1900-01-01",3000000.0,Não,,Holdings de instituições não-financeiras,MG,Sudeste,UBERABA,SANTA MARIA
1027,0,"2019-04-23","1900-01-01","1900-01-01",0.0,Não,,Obras de terraplenagem,SP,Sudeste,AMERICANA,Jardim Ipiranga
1028,0,"1900-01-01","1900-01-01","1900-01-01",0.0,Não,,Sem Segmento,SP,Sudeste,SAO PAULO,VILA NOVA CONCE
1029,0,"2020-12-01","2023-04-28","2023-07-31",1000000.0,Não,,"Fabricação de óleos vegetais em bruto, exceto óleo de milho",SP,Sudeste,SÃO PAULO,Vila Nova Conceição
1030,225,"2021-06-02","1900-01-01","1900-01-01",0.0,Não,,"Transporte rodoviário de carga, exceto produtos perigosos e mudanças, intermunicipal, interestadual e internacional","","","",""
1031,967,"2021-11-03","2024-12-04","2025-01-31",2000000.0,Sim,"2024-09-20",Fabricação de embalagens de material plástico,SP,Sudeste,BAURU,Jardim Colonial
1032,0,"1900-01-01","1900-01-01","1900-01-01",0.0,Não,,Pesquisas de mercado e de opinião pública,SP,Sudeste,SAO PAULO,VILA NOVA CONCE
1033,0,"1900-01-01","2018-05-07","2018-09-07",400000.0,Não,,Fabricação de peças e acessórios para o sistema de freios de veículos automotores,SP,Sudeste,SAO JOSE DO RIO PRET,Mini Distrito Adail Vetorasso
1034,0,"2021-08-16","2022-05-19","2022-11-30",2700000.0,Não,,Fabricação de artefatos de material plástico para usos industriais,SP,Sudeste,DIADEMA,Conceição
1035,0,"2019-05-21","1900-01-01","1900-01-01",0.0,Não,,Outras atividades de serviços prestados principalmente às empresas não especificadas anteriormente,SP,Sudeste,SOROCABA,Jardim Santa Claudia
1036,0,"1900-01-01","1900-01-01","1900-01-01",0.0,Não,,Sem Segmento,ES,Sudeste,ANCHIETA,Itaperuna
1037,106,"2020-02-12","2024-11-18","2025-03-31",4200000.0,Não,,Fabricação de celulose e outras pastas para a fabricação de papel,AM,Norte,BORBA,SAO SEBASTIAO
1038,106,"2020-02-14","1900-01-01","1900-01-01",4200000.0,Não,,Sem Segmento,SC,Sul,LEBON RÉGIS,CENTRO
1039,106,"2020-02-14","1900-01-01","1900-01-01",4200000.0,Não,,Fabricação de chapas e de embalagens de papelão ondulado,SC,Sul,JARAGUÁ DO SUL,Ilha da Figueira
1040,106,"2020-02-14","1900-01-01","1900-01-01",4200000.0,Não,,Sem Segmento,SC,Sul,PORTO UNIÃO,SANTA ROSA
1041,0,"2019-11-12","2019-11-11","2020-03-10",3000000.0,Não,,Fabricação de produtos de carne,SP,Sudeste,CAMPO LIMPO PAULISTA,Chácara Lagoa Branca
1042,173,"2020-06-09","2025-08-08","2025-11-30",3000000.0,Não,,Comércio atacadista de matérias-primas agrícolas não especificadas anteriormente,SP,Sudeste,TUPI PAULISTA,VILA ROMANA
1043,0,"2020-02-18","1900-01-01","1900-01-01",0.0,Não,,Construção Civil,RJ,Sudeste,SÃO PAULO,Cerqueira César
1044,0,"1900-01-01","1900-01-01","1900-01-01",0.0,Não,,Comércio atacadista de cereais e leguminosas beneficiados,SP,Sudeste,ITABERA,SANTA ISABEL
1045,0,"2020-08-31","2022-09-29","2023-03-31",20000000,Não,,Limpeza em prédios e em domicílios,SE,Nordeste,ARACAJU,São José
1046,0,"1900-01-01","1900-01-01","1900-01-01",500000.0,Não,,Moagem e fabricação de produtos de origem vegetal não especificados anteriormente,MT,Centro Oeste,CUIABA,DIST. INDUSTRIA
1047,81,"2019-05-13","2021-11-01","2021-11-04",1.0,Não,,Frigorífico - abate de bovinos,PR,Sul,PAIÇANDU,GLEBA PATRIMONIO PAICANDU
1048,0,"2019-06-03","1900-01-01","1900-01-01",0.0,Não,,"Transporte rodoviário de carga, exceto produtos perigosos e mudanças, intermunicipal, interestadual e internacional",BA,Nordeste,BRUMADO,SANTA TEREZA
1049,348,"2021-11-09","2025-10-29","2026-02-28",11000000,Não,,AGRO,PR,Sul,BELA VISTA DO PARAISO,FAZENDA FLORESTA
1050,0,"2021-09-09","2023-02-08","2024-02-28",3600000.0,Não,,Fabricação de esquadrias de metal,MG,Sudeste,ARAXÁ,Amazonas
1051,30,"2018-08-20","2019-07-02","2019-07-03",1.0,Não,,Fabricação de artefatos de material plástico para uso pessoal e doméstico,SP,Sudeste,ITAQUAQUECETUBA,Una
1052,0,"2021-06-22","2022-09-26","2023-03-31",3600000.0,Não,,AGRO,GO,Centro Oeste,RIO VERDE,SETOR MORADA DO SOL
1053,0,"2020-07-17","1900-01-01","1900-01-01",0.0,Não,,"Outras atividades profissionais, científicas e técnicas não especificadas anteriormente",RJ,Sudeste,MACAÉ,Riviera Fluminense
1054,0,"2020-12-28","2021-01-11","2021-01-12",0.0,Não,,Comércio varejista especializado de eletrodomésticos e equipamentos de áudio e vídeo,PR,Sul,LONDRINA,Centro
1055,0,"2021-08-24","2023-09-22","2024-08-31",30000000,Não,,"Comércio atacadista de cereais e leguminosas beneficiados, farinhas, amidos e féculas, com atividade de fracionamento e acondicionamento associada",TO,Norte,GURUPI,Jardim Boulivard
1056,135,"2020-07-21","2020-11-03","2021-05-02",1.0,Sim,"2024-01-29","Transporte rodoviário de carga, exceto produtos perigosos e mudanças, intermunicipal, interestadual e internacional",MS,Centro Oeste,DOURADOS,Jardim América
1057,335,"2021-08-24","1900-01-01","1900-01-01",10000000,Não,,Compra e venda de imóveis próprios,PR,Sul,LONDRINA,CENTRO
1058,0,"2021-03-01","2021-03-01","2021-03-02",0.0,Não,,Comércio atacadista de produtos alimentícios em geral,RJ,Sudeste,QUEIMADOS,Campo Alegre
1059,0,"2021-03-08","1900-01-01","2022-04-07",0.0,Não,,"Transporte rodoviário de carga, exceto produtos perigosos e mudanças, intermunicipal, interestadual e internacional","","","",""
1060,0,"2019-11-11","1900-01-01","1900-01-01",0.0,Não,,Comércio a varejo de pneumáticos e câmaras-de-ar,MG,Sudeste,JUIZ DE FORA,TEIXEIRAS
1061,0,"2019-04-02","1900-01-01","1900-01-01",0.0,Não,,Comércio varejista de madeira e artefatos,MG,Sudeste,JANUÁRIA,""
1062,0,"2020-03-10","1900-01-01","1900-01-01",0.0,Não,,Fundição de ferro e aço,"","","",""
1063,337,"2021-09-29","2021-09-06","2022-03-05",50000000,Não,,Fabricação de componentes eletrônicos,AM,Norte,MANAUS,Distrito Industrial I
1064,0,"2021-12-16","2023-02-08","2026-02-28",10000000,Não,,Serviços de perícia técnica relacionados à segurança do trabalho,SP,Sudeste,JUNDIAÍ,Condomínio Reserva da Serra
1065,120,"1900-01-01","2021-03-01","2021-06-30",1500000.0,Não,,Comércio atacadista de produtos alimentícios em geral,SP,Sudeste,JUNDIAÍ,Distrito Industrial
1066,0,"1900-01-01","1900-01-01","1900-01-01",1500000.0,Não,,Comércio atacadista especializado em outros produtos alimentícios não especificados anteriormente,SP,Sudeste,SAO PAULO,CENTRO
1067,52,"2021-03-23","1900-01-01","1900-01-01",4767000.0,Não,,Holdings de instituições não-financeiras,"","","",""
1068,52,"2021-03-23","1900-01-01","1900-01-01",4767000.0,Não,,Holdings de instituições não-financeiras,"","","",""
1069,0,"2019-10-23","1900-01-01","1900-01-01",0.0,Não,,"Atividades de consultoria em gestão empresarial, exceto consultoria técnica específica",AM,Norte,MANAUS,Parque 10 de Novembro
1070,0,"2021-10-25","2023-07-07","2025-04-30",5000000.0,Não,,"Comércio atacadista de artigos do vestuário e acessórios, exceto profissionais e de segurança",PR,Sul,CURITIBA,Hauer
1071,155,"2021-04-16","1900-01-01","1900-01-01",5000000.0,Não,,AGRO,"","","",""
1072,0,"2021-11-05","2022-06-14","2025-11-30",5000000.0,Não,,Serviços de reboque de veículos,GO,Centro Oeste,RIO VERDE,Popular
1073,155,"2021-04-16","1900-01-01","1900-01-01",5000000.0,Não,,AGRO,"","","",""
1074,106,"2020-02-12","2024-11-18","2025-03-31",4200000.0,Não,,Fabricação de papel,SC,Sul,PORTO UNIÃO,CENTRO
1075,106,"2020-02-17","1900-01-01","1900-01-01",4200000.0,Não,,Sem Segmento,PR,Sul,UNIAO DA VITORIA,SAO GABRIEL
1076,106,"2020-02-17","1900-01-01","1900-01-01",4200000.0,Não,,Sem Segmento,SP,Sudeste,MONTE MOR,Centro
1077,106,"2020-02-17","1900-01-01","1900-01-01",4200000.0,Não,,Sem Segmento,SC,Sul,PORTO UNIÃO,SANTA ROSA
1078,226,"2021-05-13","2021-06-14","2021-12-13",1000000.0,Não,,Fabricação de outros produtos alimentícios não especificados anteriormente,"","","",""
1079,0,"2021-06-17","1900-01-01","1900-01-01",0.0,Não,,Serviços advocatícios,SP,Sudeste,SÃO PAULO,Vila Olímpia
1080,0,"2021-11-08","1900-01-01","1900-01-01",0.0,Não,,Fabricação de produtos diversos não especificados anteriormente,RJ,Sudeste,TRES RIOS,SANTA TEREZINHA
1081,0,"2020-08-10","1900-01-01","1900-01-01",0.0,Não,,"Fundos de investimento, exceto previdenciários e imobiliários","","","",""
1082,0,"1900-01-01","1900-01-01","1900-01-01",0.0,Não,,Comércio varejista de outros produtos não especificados anteriormente,SP,Sudeste,PRESIDENTE PRUDENTE,JARDIM CAMBUY
1083,135,"2020-06-23","2020-11-03","2023-01-01",1.0,Sim,"2024-01-29","Transporte rodoviário de carga, exceto produtos perigosos e mudanças, intermunicipal, interestadual e internacional",MS,Centro Oeste,DOURADOS,Jd. Caramuru
1084,0,"1900-01-01","2020-06-15","2020-10-14",850000.0,Não,,Fabricação de embalagens de material plástico,SP,Sudeste,MOGI MIRIM,PQ DA EMPRESA
1085,121,"2019-01-07","2022-09-08","2022-11-30",20000000,Sim,"2024-09-02",AGRO,MT,Centro Oeste,SINOP,Setor Industrial Norte
1086,121,"2020-03-24","2021-07-19","2022-01-18",20000000,Não,,AGRO,PA,Norte,ALTAMIRA,DIST CASTELO DOS SONHOS
1087,17,"1900-01-01","1900-01-01","1900-01-01",0.0,Não,,Comércio atacadista de cereais e leguminosas beneficiados,SP,Sudeste,ITABERÁ,CENTRO
1088,0,"2018-11-12","1900-01-01","1900-01-01",0.0,Não,,"Transporte por navegação interior de carga, intermunicipal, interestadual e internacional, exceto travessia",AM,Norte,MANAUS,Compensa
1089,0,"1900-01-01","1900-01-01","1900-01-01",0.0,Não,,Comércio atacadista de resíduos e sucatas metálicos,SP,Sudeste,RIBEIRAO PRETO,VILA ELISA
1090,321,"2020-11-04","2020-11-03","2026-01-31",10000000,Não,,Comércio atacadista de embalagens,SP,Sudeste,SÃO JOSÉ DO RIO PRETO,São Benedito da Capelinha (Zona Rural)
1091,0,"2021-02-04","1900-01-01","1900-01-01",0.0,Não,,"Transporte rodoviário de carga, exceto produtos perigosos e mudanças, municipal",GO,Centro Oeste,SENADOR CANEDO,SETOR CENTRAL 2
1092,0,"1900-01-01","1900-01-01","1900-01-01",300000.0,Não,,"Comércio atacadista de mercadorias em geral, sem predominância de alimentos ou de insumos agropecuários",RJ,Sudeste,NOVA IGUACU,CALIFORNIA
1093,95,"2019-11-12","2019-11-25","2020-02-27",10000000,Não,,"Transporte rodoviário de carga, exceto produtos perigosos e mudanças, municipal",SP,Sudeste,BETIM,CASA AMARELA
1094,95,"2019-11-12","1900-01-01","1900-01-01",10000000,Não,,"Transporte rodoviário de carga, exceto produtos perigosos e mudanças, municipal",PR,Sul,ARAQUARI,Ponto Alto - ARI
1095,95,"2019-11-12","1900-01-01","1900-01-01",10000000,Não,,"Transporte rodoviário de carga, exceto produtos perigosos e mudanças, municipal",SP,Sudeste,LEME,Jardim Nova Leme
1096,95,"2019-11-14","1900-01-01","1900-01-01",10000000,Não,,"Transporte rodoviário de carga, exceto produtos perigosos e mudanças, municipal",PR,Sul,SÃO JOSÉ DOS PINHAIS,Boneca do Iguaçu
1097,0,"2019-11-25","2022-07-07","2022-12-30",2000000.0,Não,,Extração de madeira em florestas plantadas,MG,Sudeste,UBERLÂNDIA,Dona Zulmira
1098,0,"2019-10-14","1900-01-01","1900-01-01",0.0,Não,,Serviços de engenharia,RJ,Sudeste,RIO DE JANEIRO,Botafogo
1099,0,"2021-05-24","1900-01-01","1900-01-01",0.0,Não,,Incorporação de empreendimentos imobiliários,SP,Sudeste,SAO PAULO,JARDIN
1100,0,"1900-01-01","1900-01-01","1900-01-01",0.0,Não,,"Confecção de peças do vestuário, exceto roupas íntimas e as confeccionadas sob medida",SP,Sudeste,SAO PAULO,vila curuca
1101,0,"2019-02-06","2021-03-29","2021-03-30",1.0,Não,,Sem Segmento,SP,Sudeste,ARAÇARIGUAMA,PARQUE INDUSTRIAL
1102,73,"2019-03-11","2019-10-28","2020-02-27",1500000.0,Não,,Recuperação de materiais plásticos,SP,Sudeste,SÃO PAULO,Jardim Brasília (Zona Leste)
1103,44,"2018-10-09","2018-10-08","2019-02-07",1500000.0,Não,,Fabricação de artefatos de material plástico para usos industriais,SP,Sudeste,BARUERI,Jardim Belval
1104,0,"2021-07-27","2021-07-27","2021-07-28",0.0,Não,,Fabricação de artigos de vidro,SC,Sul,SÃO BENTO DO SUL,Cruzeiro
1105,0,"1900-01-01","1900-01-01","1900-01-01",0.0,Não,,Cultivo de soja,SP,Sudeste,SALTO GRANDE,RIO NOVO
1106,0,"1900-01-01","1900-01-01","1900-01-01",0.0,Não,,Comércio varejista de produtos saneantes domissanitários,SP,Sudeste,SAO PAULO,PQ SAO DOMINGOS
1107,0,"2019-03-29","1900-01-01","1900-01-01",0.0,Não,,"Aluguel de outras máquinas e equipamentos comerciais e industriais não especificados anteriormente, sem operador",MG,Sudeste,ARAXÁ,Santa Mônica
1108,13,"2022-02-01","1900-01-01","1900-01-01",1.0,Não,,Holdings de instituições não-financeiras,"","","",""
1109,132,"2020-06-02","2021-10-25","2023-01-01",40000000,Não,,Comércio a varejo de peças e acessórios novos para veículos automotores,MG,Sudeste,BELO HORIZONTE,São Francisco
1110,95,"2019-10-29","2019-10-28","2020-02-27",10000000,Não,,Produção de artefatos estampados de metal,SP,Sudeste,LEME,Jardim Nova Leme
1111,95,"2019-11-12","1900-01-01","1900-01-01",10000000,Não,,Produção de artefatos estampados de metal,SC,Sul,ARAQUARI,Ponto Alto - ARI
1112,95,"2019-11-12","1900-01-01","1900-01-01",10000000,Não,,Comércio atacadista especializado de materiais de construção não especificados anteriormente,PR,Sul,SÃO JOSÉ DOS PINHAIS,Boneca do Iguaçu
1113,242,"2020-02-04","2025-07-11","2025-07-31",6300000.0,Não,,Comércio atacadista de café em grão,MG,Sudeste,POÇOS DE CALDAS,Campo  da Mogiana
1114,0,"1900-01-01","1900-01-01","1900-01-01",0.0,Não,,Comércio atacadista de matérias-primas agrícolas não especificadas anteriormente,SP,Sudeste,ANALANDIA,Jd. Sao carlos
1115,0,"2021-11-11","1900-01-01","1900-01-01",0.0,Não,,Fabricação de produtos de carne,SC,Sul,PARAÍSO,CENTRO
1116,186,"2021-03-09","1900-01-01","1900-01-01",2700000.0,Não,,Representantes comerciais e agentes do comércio de matérias-primas agrícolas e animais vivos,"","","",""
1117,0,"2021-06-16","2023-07-11","2026-04-30",10000000,Não,,"Fabricação de tanques, reservatórios metálicos e caldeiras para aquecimento central",MG,Sudeste,UBERABA,Parque das Américas
1118,0,"1900-01-01","1900-01-01","1900-01-01",0.0,Não,,"Fabricação de óleos vegetais em bruto, exceto óleo de milho",BA,Nordeste,GUANAMBI,Sede
1119,375,"2018-12-11","2022-04-12","2022-07-30",500000.0,Sim,"2024-02-02",Fabricação de calçados de materiais não especificados anteriormente,SP,Sudeste,BIRIGÜI,Novo Parque São Vicente
1120,27,"2021-04-13","2022-10-25","2023-02-28",82000000,Não,,"Atividades de consultoria em gestão empresarial, exceto consultoria técnica específica",SP,Sudeste,SÃO CAETANO DO SUL,Santa Paula
1121,0,"2019-08-08","2020-05-29","2020-05-29",5.0,Sim,"2022-02-21",Fabricação de outros produtos alimentícios não especificados anteriormente,MG,Sudeste,CONTAGEM,Chácaras Boa Vista
1122,3,"2021-03-22","1900-01-01","2023-01-30",9500000.0,Não,,Preparação e fiação de fibras de algodão,MT,Centro Oeste,SORRISO,Sorriso
1123,211,"2021-05-05","1900-01-01","2022-11-30",6000000.0,Não,,Criação de bovinos para corte,PR,Sul,FAXINAL,Faxinal
1124,211,"2021-05-05","1900-01-01","2022-11-30",6000000.0,Não,,Criação de bovinos para corte,PR,Sul,FAXINAL,Faxinal
1125,834,"2021-08-23","2023-10-02","2024-02-29",20000000,Sim,"2024-09-30","Comércio atacadista de defensivos agrícolas, adubos, fertilizantes e corretivos do solo",GO,Centro Oeste,JATAÍ,Setor Industrial
1126,83,"2021-04-12","1900-01-01","2022-10-30",20000000,Não,,Sem Segmento,SP,Sudeste,SÃO PAULO,Jaguaré
1127,0,"2021-07-02","1900-01-01","2021-01-01",0.0,Não,,"Transporte rodoviário de carga, exceto produtos perigosos e mudanças, intermunicipal, interestadual e internacional",SC,Sul,"",""
1128,0,"2021-02-05","1900-01-01","1900-01-01",0.0,Não,,"Fabricação de conservas de peixes, crustáceos e moluscos",PR,Sul,TOLEDO,Jardim Porto Alegre
1129,204,"2021-04-12","1900-01-01","1900-01-01",3000000.0,Não,,"Corretores e agentes de seguros, de planos de previdência complementar e de saúde",MG,Sudeste,PASSOS,Serra das Brisas
1130,0,"2022-02-09","2022-02-21","2022-08-31",0.0,Não,,"Confecção de peças do vestuário, exceto roupas íntimas e as confeccionadas sob medida",PR,Sul,CIANORTE,Distrito Industrial Mitre Nabhan
1131,0,"2018-12-14","1900-01-01","1900-01-01",0.0,Não,,"Fabricação de máquinas e equipamentos para uso industrial específico não especificados anteriormente, peças e acessórios",SP,Sudeste,SÃO PAULO,Cidade Monções
1132,0,"1900-01-01","1900-01-01","1900-01-01",0.0,Não,,Impressão de material para uso publicitário,SP,Sudeste,SÃO PAULO,Vila Nova York
1133,0,"2020-02-05","1900-01-01","1900-01-01",0.0,Não,,"Bancos múltiplos, com carteira comercial",BA,Nordeste,SALVADOR,Comércio
1134,100,"2022-01-17","2022-04-05","2022-10-02",5500000.0,Não,,Comércio atacadista de carnes bovinas e suínas e derivados,SP,Sudeste,BARUERI,Alphaville Industrial
1135,0,"2021-11-04","1900-01-01","1900-01-01",0.0,Não,,Comércio atacadista de soja,SP,Sudeste,ASSIS,JD MONTE CARLO
1136,0,"2021-07-05","2025-03-14","2025-07-31",2500000.0,Não,,Comércio atacadista de soja,MT,Centro Oeste,PRIMAVERA DO LESTE,PARQUE INDUSTRIAL
1137,0,"2021-09-16","2021-09-27","2022-03-25",2500000.0,Não,,Comércio atacadista de cereais e leguminosas beneficiados,MS,Centro Oeste,CAMPO GRANDE,JARDIM COLUMBIA
1138,0,"1900-01-01","1900-01-01","1900-01-01",0.0,Não,,"Confecção de peças do vestuário, exceto roupas íntimas e as confeccionadas sob medida",PR,Sul,KALORE,PARQUE INDUSTRI
1139,184,"2021-03-09","2021-03-08","2022-08-01",0.0,Não,,Comércio atacadista de soja,SP,Sudeste,SÃO PAULO,Vila Nova Conceição
1140,24,"1900-01-01","2019-04-22","2019-08-21",1000000.0,Não,,Preparação de subprodutos do abate,SP,Sudeste,JALES,Parque Industrial III
1141,24,"1900-01-01","2019-04-22","2019-08-21",1000000.0,Não,,Comércio atacadista de óleos e gorduras,MG,Sudeste,ITURAMA,Centro
1142,24,"1900-01-01","2019-04-22","2019-08-21",1000000.0,Não,,Preparação de subprodutos do abate,MS,Centro Oeste,CASSILANDIA,VL STA RITA DEC
1143,0,"2018-09-25","2018-09-24","2019-01-23",6000000.0,Não,,Incorporação de empreendimentos imobiliários,SP,Sudeste,SÃO PAULO,Cidade Monções
1144,0,"2020-11-26","2020-11-26","2020-11-27",0.0,Não,,Serviços de engenharia,"","","",""
1145,0,"1900-01-01","1900-01-01","1900-01-01",0.0,Não,,Comércio varejista de artigos do vestuário e acessórios,SP,Sudeste,SAO PAULO,JARDIM MONTE KE
1146,186,"2021-03-09","1900-01-01","1900-01-01",2700000.0,Não,,Frigorífico - abate de bovinos,"","","",""
1147,0,"2019-10-29","1900-01-01","1900-01-01",0.0,Não,,"Fabricação de máquinas e equipamentos para a prospecção e extração de petróleo, peças e acessórios",BA,Nordeste,LAURO DE FREITAS,RECREIO IPITANGA
1148,0,"2018-11-23","2020-01-13","2020-05-12",1000000.0,Não,,Serviços de pintura de edifícios em geral,BA,Nordeste,SALVADOR,Brotas
1149,0,"1900-01-01","1900-01-01","1900-01-01",0.0,Não,,Comércio atacadista de óleos e gorduras,GO,Centro Oeste,GOIANIA,SETOR COIMBRA
1150,0,"2021-05-13","2023-06-16","2026-03-31",10000000,Não,,Serrarias com desdobramento de madeira em bruto.,MG,Sudeste,MEDEIROS,ZONA RURAL
1151,14,"1900-01-01","1900-01-01","1900-01-01",1000000.0,Não,,Sem Segmento,SP,Sudeste,SÃO PAULO,Vila Maria
1152,97,"2019-11-06","2019-10-21","2022-09-01",30000000,Não,,Comércio por atacado de pneumáticos e câmaras-de-ar,SP,Sudeste,BARUERI,Jardim Itaquiti
1153,0,"2020-01-03","1900-01-01","1900-01-01",0.0,Não,,Comércio varejista de combustíveis para veículos automotores,SP,Sudeste,OSASCO,VILA AYROSA
1154,0,"2022-01-21","1900-01-01","1900-01-01",0.0,Não,,Serviços advocatícios,SP,Sudeste,SAO PAULO,BROOKLIN PAULISTA
1155,13,"2018-04-17","2022-01-31","2022-01-31",1.0,Sim,"2022-02-21","Comércio atacadista de produtos siderúrgicos e metalúrgicos, exceto para construção",SP,Sudeste,LOUVEIRA,ESTIVA
1156,13,"2018-05-17","1900-01-01","1900-01-01",1.0,Sim,"2022-02-21","Comércio atacadista de produtos siderúrgicos e metalúrgicos, exceto para construção",PB,Nordeste,ALHANDRA,DISTRITO IND. ALHANDRA
1157,339,"2021-09-29","2022-03-28","2022-09-30",19000000,Não,,Holdings de instituições não-financeiras,SP,Sudeste,CAMPINAS,Loteamento Alphaville Campinas
1158,225,"2021-04-22","2021-04-19","2021-05-21",0.0,Não,,"Fabricação de fios, cabos e condutores elétricos isolados",SP,Sudeste,GUARULHOS,Jardim Munhoz
1159,168,"2020-12-08","2025-03-25","2025-07-31",2000000.0,Não,,Comércio atacadista de soja,MT,Centro Oeste,TANGARA DA SERRA,CIDADE ALTA
1160,0,"2021-04-20","1900-01-01","1900-01-01",0.0,Não,,Fundos de investimento previdenciários,SP,Sudeste,OSASCO,""
1161,33,"2018-08-27","2019-07-02","2023-01-01",1.0,Não,,Fabricação de outros produtos químicos não especificados anteriormente,SP,Sudeste,CORDEIRÓPOLIS,Distrito Industrial Alcides Fantussi
1162,332,"2021-07-26","2025-11-04","2026-02-28",3100000.0,Não,,Comércio atacadista de matérias-primas agrícolas não especificadas anteriormente,PR,Sul,PALOTINA,CENTRO
1163,191,"2021-03-15","1900-01-01","2022-08-30",10000000,Não,,"Comércio atacadista de mercadorias em geral, com predominância de produtos alimentícios",PR,Sul,SÃO JOSÉ DOS PINHAIS,Campina
1164,0,"2020-07-29","2020-08-17","2020-12-16",1.0,Não,,Envasamento e empacotamento sob contrato,"","","",""
1165,245,"2020-11-10","2020-11-09","2021-05-08",1500000.0,Sim,"2022-02-21",Tecelagem de fios de fibras artificiais e sintéticas,BA,Nordeste,CAMAÇARI,POLO INDUSTRIAL
1166,155,"2021-04-16","1900-01-01","1900-01-01",5000000.0,Não,,Geração de energia elétrica,"","","",""
1167,897,"2021-10-21","2023-04-10","2024-10-31",5000000.0,Não,,Metalurgia,MG,Sudeste,IGARAPE,VALLE DOS IGARAPES
1168,0,"2019-10-03","1900-01-01","1900-01-01",0.0,Não,,Instalação de máquinas e equipamentos industriais,SP,Sudeste,PAULÍNIA,Morumbi
1169,346,"2021-11-05","2022-05-18","2023-06-30",3600000.0,Não,,Fabricação de outros produtos de metal não especificados anteriormente,GO,Centro Oeste,ITUMBIARA,Distrito Agro Industrial
1170,0,"1900-01-01","1900-01-01","1900-01-01",0.0,Não,,"Fabricação de óleos vegetais em bruto, exceto óleo de milho",BA,Nordeste,NAZARE,CENTRO
1171,0,"2019-11-19","1900-01-01","1900-01-01",0.0,Não,,Extração de madeira em florestas plantadas,MG,Sudeste,PRATA,PROGRESSO
1172,0,"2018-12-05","1900-01-01","1900-01-01",0.0,Não,,Atividades de estudos geológicos,RJ,Sudeste,RIO DE JANEIRO,Glória
1173,0,"2021-01-19","1900-01-01","1900-01-01",0.0,Não,,"Transporte rodoviário de carga, exceto produtos perigosos e mudanças, intermunicipal, interestadual e internacional",PR,Sul,MARINGÁ,Jardim Rebouças
1174,0,"2020-05-11","1900-01-01","1900-01-01",0.0,Não,,Beneficiamento de arroz,RS,Sul,SENTINELA DO SUL,LOCALIDADE ARAÇA
1175,0,"2021-11-11","2021-12-08","2022-06-07",9000000.0,Não,,Representantes comerciais e agentes do comércio de matérias-primas agrícolas e animais vivos,SC,Sul,JOINVILLE,FLORESTA
1176,0,"1900-01-01","1900-01-01","1900-01-01",0.0,Não,,Fabricação de produtos de limpeza e polimento,SP,Sudeste,ARAÇATUBA,""
1177,198,"2020-08-26","2021-07-12","2022-01-11",6000000.0,Não,,"Transporte rodoviário de carga, exceto produtos perigosos e mudanças, municipal",MG,Sudeste,POÇOS DE CALDAS,Centro
1178,0,"2018-05-02","2019-08-16","2019-08-17",5.0,Não,,Fabricação de alimentos para animais,SP,Sudeste,CONCHAL,São João da Figueira
1179,148,"2018-08-17","2018-08-17","2018-12-16",3000000.0,Não,,Criação de bovinos para corte,MG,Sudeste,UBERABA,Distrito Industrial II
1180,0,"2020-06-17","2020-06-17","2022-09-01",0.0,Não,,Comércio atacadista de produtos alimentícios em geral,SP,Sudeste,SÃO PAULO,Brás
1181,0,"1900-01-01","1900-01-01","1900-01-01",0.0,Não,,Metalurgia do cobre,TO,Norte,PALMAS,Taquaralto
1182,0,"2021-12-27","2021-12-27","2022-06-25",0.0,Não,,"Comércio atacadista de mercadorias em geral, com predominância de insumos agropecuários",RJ,Sudeste,RIO DE JANEIRO,Barra da Tijuca
1183,0,"2018-05-08","2018-05-07","2018-05-08",0.0,Não,,Fabricação de outros produtos de metal não especificados anteriormente,"","","",""
1184,0,"1900-01-01","1900-01-01","1900-01-01",0.0,Não,,Comércio atacadista de cereais e leguminosas beneficiados,MG,Sudeste,CABECEIRA GRANDE,CENTRO
1185,0,"1900-01-01","1900-01-01","1900-01-01",0.0,Não,,"Comércio atacadista de defensivos agrícolas, adubos, fertilizantes e corretivos do solo",MG,Sudeste,FORMOSO,ZONA RURAL
1186,0,"2021-09-29","1900-01-01","2022-07-30",0.0,Não,,Obras de alvenaria,SP,Sudeste,SÃO PAULO,VILA NOVA
1187,0,"2020-08-31","1900-01-01","1900-01-01",0.0,Não,,Serviços de pintura de edifícios em geral,TO,Norte,PORTO NACIONAL,ZONA RURAL
1188,0,"2019-07-22","2022-12-20","2023-06-30",3800000.0,Não,,"Transporte rodoviário coletivo de passageiros, sob regime de fretamento, municipal",MG,Sudeste,ARAXA,VILA SILVERIA
1189,0,"2019-04-12","1900-01-01","1900-01-01",0.0,Não,,Comércio atacadista de matérias-primas agrícolas não especificadas anteriormente,MG,Sudeste,PIRAPORA,SAO JOAO BATISTA
1190,0,"1900-01-01","2018-04-10","2018-04-10",1.0,Sim,"2022-02-21",Fabricação de açúcar de cana refinado,SP,Sudeste,SAO BERNARDO DO CAMPO,DIST INDUSTRIAL
1191,0,"1900-01-01","2018-04-10","2018-04-10",1.0,Não,,Comércio atacadista de açúcar,MG,Sudeste,CONTAGEM,ZONA RURAL
1192,0,"2018-12-20","1900-01-01","1900-01-01",0.0,Não,,Manutenção e reparação de outras máquinas e equipamentos para usos industriais não especificados anteriormente,RJ,Sudeste,MACAÉ,Botafogo
1193,50,"1900-01-01","2018-08-06","2018-08-07",1.0,Não,,Comércio varejista especializado de equipamentos de telefonia e comunicação,SP,Sudeste,SAO PAULO,BARRA FUNDA
1194,50,"2018-10-31","2018-10-31","2019-02-28",1.0,Não,,"Fabricação de aparelhos telefônicos e de outros equipamentos de comunicação, peças e acessórios","","","",""
1195,232,"2021-06-28","1900-01-01","2022-10-30",2000000.0,Não,,Holdings de instituições não-financeiras,PR,Sul,BELA VISTA DO PARAÍSO,BRASILIO DE ARAUJO
1196,0,"2021-04-20","1900-01-01","1900-01-01",0.0,Não,,Fundos de investimento previdenciários,SP,Sudeste,OSASCO,Vila Yara
1197,0,"2019-09-09","1900-01-01","1900-01-01",0.0,Não,,"Manutenção e reparação de tanques, reservatórios metálicos e caldeiras, exceto para veículos",SP,Sudeste,SÃO VICENTE,Vila Nossa Senhora de Fátima
1198,0,"1900-01-01","1900-01-01","1900-01-01",0.0,Não,,"Comércio varejista de mercadorias em geral, com predominância de produtos alimentícios - minimercados, mercearias e armazéns",MG,Sudeste,UNAI,MAMOEIRO
1199,0,"2020-06-19","1900-01-01","1900-01-01",0.0,Não,,Comércio varejista de material elétrico,GO,Centro Oeste,CATALÃO,Residencial Leblon
1200,0,"1900-01-01","1900-01-01","1900-01-01",0.0,Não,,Consultoria em tecnologia da informação,SP,Sudeste,SAO PAULO,VILA NOVA CONCE
1201,0,"2021-05-31","2023-04-18","2025-02-28",20000000,Não,,Construção de rodovias e ferrovias,MG,Sudeste,BELO HORIZONTE,Califórnia
1202,0,"1900-01-01","1900-01-01","1900-01-01",0.0,Não,,Comércio atacadista de soja,MT,Centro Oeste,VARZEA GRANDE,Capela do pissa
1203,0,"2020-11-26","2020-11-26","2020-11-27",0.0,Não,,Construção de rodovias e ferrovias,"","","",""
1204,159,"2021-03-15","1900-01-01","1900-01-01",400000.0,Não,,Comércio atacadista de embalagens,"","","",""
1205,0,"2022-02-01","2022-02-03","2022-07-15",11500000,Não,,"Clubes sociais, esportivos e similares",MG,Sudeste,BELO HORIZONTE,LOURDES
1206,0,"2020-12-09","2021-02-01","2021-07-31",1000000.0,Não,,"Clubes sociais, esportivos e similares",MG,Sudeste,BELO HORIZONTE,Barro Preto
1207,976,"2020-07-01","2024-09-11","2024-11-30",15000000,Não,,Serviços combinados de escritório e apoio administrativo,MG,Sudeste,BELO HORIZONTE,Funcionários
1208,327,"2021-07-06","2025-05-19","2025-09-30",20000000,Não,,"Fabricação de cabines, carrocerias e reboques para caminhões",SP,Sudeste,SUMARÉ,Jardim São Francisco (Nova Veneza)
1209,0,"2018-12-13","1900-01-01","1900-01-01",0.0,Não,,Comércio atacadista de bombas e compressores; partes e peças,SP,Sudeste,LAURO DE FREITAS,PORTAO
1210,0,"2018-04-02","2018-03-29","2018-07-29",200000.0,Não,,Fabricação de papel,"","","",""
1211,0,"2018-06-26","2018-07-03","2018-07-04",1.0,Não,,Comércio atacadista de material elétrico,SP,Sudeste,SÃO PAULO,Bela Vista
1212,0,"2020-08-13","2022-10-11","2023-03-31",1900000.0,Não,,AGRO,GO,Centro Oeste,GOIATUBA,SETOR AEROPORTO
1213,0,"2018-03-27","2018-03-27","2018-03-27",1.0,Não,,"Comércio atacadista de mercadorias em geral, sem predominância de alimentos ou de insumos agropecuários","","","",""
1214,0,"2019-10-25","1900-01-01","1900-01-01",0.0,Não,,Construção de edifícios,BA,Nordeste,SALVADOR,Amaralina
1215,0,"2020-05-26","1900-01-01","1900-01-01",0.0,Não,,Fundição de metais não-ferrosos e suas ligas,SP,Sudeste,SUZANO,Chácara Primavera
1216,67,"2019-01-10","2020-11-16","2021-03-15",500000.0,Não,,"Fabricação de equipamentos de transmissão para fins industriais, exceto rolamentos",SP,Sudeste,VINHEDO,Distrito Industrial Benedito Storani
1217,233,"2021-06-28","2022-08-15","2023-02-28",1000000.0,Não,,Compra e venda de imóveis próprios,SP,Sudeste,SÃO PAULO,Itaim Bibi
1218,0,"1900-01-01","1900-01-01","1900-01-01",0.0,Não,,Moagem e fabricação de produtos de origem vegetal não especificados anteriormente,MG,Sudeste,CONTAGEM,SAO SEBASTIAO
1219,0,"1900-01-01","1900-01-01","1900-01-01",0.0,Não,,Sem Segmento,GO,Centro Oeste,HIDROLANDIA,vila Das Grimpa
1220,0,"2018-12-27","1900-01-01","1900-01-01",0.0,Não,,Serviços de engenharia,SP,Sudeste,SÃO PAULO,Jabaquara
1221,0,"2018-11-26","2023-01-24","2023-07-31",7500000.0,Não,,"Fabricação de outras máquinas e equipamentos de uso geral não especificados anteriormente, peças e acessórios",MG,Sudeste,ARAXÁ,Distrito Industrial José Honorato da Silva
1222,0,"1900-01-01","1900-01-01","1900-01-01",0.0,Não,,Comércio atacadista de cereais e leguminosas beneficiados,MG,Sudeste,PATOS DE MINAS,Bela Vista
1223,0,"1900-01-01","1900-01-01","1900-01-01",0.0,Não,,"Confecção de peças do vestuário, exceto roupas íntimas e as confeccionadas sob medida",SP,Sudeste,SAO PAULO,PARQUE CAPUAVA
1224,9,"2020-08-18","2020-08-17","2020-12-16",1.0,Não,,"Comércio atacadista de produtos da extração mineral, exceto combustíveis","","","",""
1225,0,"1900-01-01","1900-01-01","1900-01-01",0.0,Não,,Sem Segmento,MG,Sudeste,UBERLANDIA,NOSSA SENHORA A
1226,93,"2022-01-10","1900-01-01","2022-07-05",3000000.0,Não,,Sem Segmento,SP,Sudeste,SÃO PAULO,Vila Maria Baixa
1227,156,"2021-10-04","2022-08-09","2023-01-30",11000000,Não,,"Fabricação de outras máquinas e equipamentos de uso geral não especificados anteriormente, peças e acessórios","","","",""
1228,15,"1900-01-01","2018-04-23","2018-08-22",1100000.0,Não,,"Aluguel de máquinas e equipamentos para construção sem operador, exceto andaimes",SP,Sudeste,SAO PAULO,FERREIRA
1229,0,"2018-05-28","2018-05-28","2024-08-31",0.0,Não,,Representantes comerciais e agentes do comércio de matérias-primas agrícolas e animais vivos,MT,Centro Oeste,CUIABÁ,Distrito Industrial
1230,0,"2020-07-14","2020-07-20","2020-11-19",100000.0,Sim,"2022-02-21",Fabricação de aparelhos e equipamentos para distribuição e controle de energia elétrica,SP,Sudeste,ITAPEVI,Itaqui
1231,0,"2021-09-29","2022-03-04","2022-08-31",1132000.0,Não,,Comércio varejista de outros produtos não especificados anteriormente,MG,Sudeste,UBERABA,Parque Exposição
1232,0,"2019-12-19","2020-07-06","2020-11-05",1000000.0,Não,,"Fabricação de conservas de peixes, crustáceos e moluscos",RS,Sul,TEUTÔNIA,""
1233,313,"2021-03-29","2021-04-26","2021-10-25",700000.0,Não,,"Transporte rodoviário de carga, exceto produtos perigosos e mudanças, intermunicipal, interestadual e internacional","","","",""
1234,0,"1900-01-01","1900-01-01","1900-01-01",0.0,Não,,Fabricação de fraldas descartáveis,SP,Sudeste,SAO PAULO,CANINDE
1235,138,"2021-03-08","1900-01-01","1900-01-01",1200000.0,Não,,"Atividades de consultoria em gestão empresarial, exceto consultoria técnica específica",SP,Sudeste,SÃO PAULO,Santa Cecília
1236,0,"1900-01-01","1900-01-01","1900-01-01",0.0,Não,,Comércio atacadista de cereais e leguminosas beneficiados,MG,Sudeste,POCOS DE CALDAS,PARQUE PRIMAVEI
1237,67,"2019-08-16","2019-10-14","2020-02-13",500000.0,Não,,Fabricação de peças e acessórios para o sistema motor de veículos automotores,SP,Sudeste,VINHEDO,Distrito Industrial Benedito Storani
1238,59,"2018-12-11","2022-05-02","2022-10-29",0.0,Não,,Comércio atacadista de bebidas com atividade de fracionamento e acondicionamento associada,RJ,Sudeste,DUQUE DE CAXIAS,Jardim Gramacho
1239,59,"2018-12-24","1900-01-01","2022-10-29",0.0,Não,,Sem Segmento,SP,Sudeste,LEME,Distrito Industrial
1240,0,"2020-02-03","1900-01-01","1900-01-01",0.0,Não,,Frigorífico - abate de bovinos,"","","",""
1241,166,"2020-10-29","2020-11-30","2021-05-29",1000000.0,Não,,Comércio atacadista de outros equipamentos e artigos de uso pessoal e doméstico não especificados anteriormente,SP,Sudeste,SÃO PAULO,Centro
1242,166,"2020-12-03","2020-11-30","2021-05-29",1000000.0,Não,,Comércio atacadista de outros equipamentos e artigos de uso pessoal e doméstico não especificados anteriormente,SC,Sul,NAVEGANTES,Volta Grande
1243,0,"1900-01-01","1900-01-01","1900-01-01",0.0,Não,,Comércio varejista de artigos do vestuário e acessórios,SP,Sudeste,SAO PAULO,VILA ORATORIO
1244,0,"2021-11-09","2023-07-13","2023-11-30",1200000.0,Não,,Sem Segmento,SP,Sudeste,SÃO PAULO,Real Parque
1245,362,"2020-12-08","2022-02-07","2022-02-07",1.0,Não,,Fabricação de artefatos de material plástico para outros usos não especificados anteriormente,SP,Sudeste,DIADEMA,Casa Grande
1246,213,"2021-05-10","1900-01-01","1900-01-01",3000000.0,Não,,"Comércio atacadista de mercadorias em geral, com predominância de produtos alimentícios",SP,Sudeste,SÃO PAULO,Jardim das Pedras
1247,0,"2021-10-11","2021-10-08","2022-04-06",4000000.0,Não,,Comércio atacadista de outros equipamentos e artigos de uso pessoal e doméstico não especificados anteriormente,SC,Sul,JOINVILLE,Zona Industrial Norte
1248,0,"1900-01-01","1900-01-01","1900-01-01",0.0,Não,,Representantes comerciais e agentes do comércio de matérias-primas agrícolas e animais vivos,SP,Sudeste,MAIRIPORA,TERRA PRETA
1249,0,"2019-03-22","1900-01-01","1900-01-01",0.0,Não,,Fabricação de equipamentos e acessórios para segurança pessoal e profissional,SP,Sudeste,CAÇAPAVA,Jardim Maria Cândida
1250,0,"2019-06-27","2020-02-03","2020-06-02",1000000.0,Não,,"Comércio atacadista de frutas, verduras, raízes, tubérculos, hortaliças e legumes frescos",SP,Sudeste,ARTUR NOGUEIRA,CENTRO
1251,121,"2020-05-04","2022-09-08","2022-11-30",20000000,Sim,"2024-09-02",AGRO,MT,Centro Oeste,CUIABÁ,Residencial Coxipó
1252,156,"2020-09-17","2022-08-09","2022-08-30",11000000,Não,,"Transporte rodoviário de carga, exceto produtos perigosos e mudanças, intermunicipal, interestadual e internacional",PR,Sul,CURITIBA,Alto da Rua XV
1253,0,"2019-07-30","2019-07-29","2019-11-28",10000000,Não,,Comércio atacadista de componentes eletrônicos e equipamentos de telefonia e comunicação,MG,Sudeste,UBERABA,Parque das Américas
1254,0,"2019-09-23","2024-02-09","2024-05-31",10000000,Não,,Comércio atacadista de componentes eletrônicos e equipamentos de telefonia e comunicação,MG,Sudeste,CONQUISTA,Jubai
1255,85,"2019-07-02","2024-10-07","2025-01-31",16500000,Não,,AGRO,SP,Sudeste,SÃO PAULO,Itaim Bibi
1256,85,"2019-07-04","1900-01-01","2022-09-30",16500000,Não,,AGRO,MT,Centro Oeste,CANARANA,CENTRO
1257,85,"2019-07-04","1900-01-01","2022-09-30",16500000,Não,,Comércio atacadista de soja,MS,Centro Oeste,DOURADOS,Vila Ubiratan
1258,85,"2019-07-04","1900-01-01","2022-09-30",16500000,Não,,AGRO,PR,Sul,LONDRINA,Cilo 3
1259,85,"2019-07-04","1900-01-01","2022-09-30",16500000,Não,,AGRO,GO,Centro Oeste,RIO VERDE,PQ SOLAR DO AGRESTE A
1260,241,"2020-12-10","2023-04-13","2023-08-31",4200000.0,Não,,Holdings de instituições não-financeiras,RJ,Sudeste,VASSOURAS,CANANEA
1261,0,"2021-09-20","2025-10-08","2025-10-31",4000000.0,Sim,"2024-04-09",Fabricação de estruturas metálicas,RS,Sul,NOVA BASSANO,CENTRO
1262,0,"1900-01-01","1900-01-01","1900-01-01",0.0,Não,,Fabricação de calçados de material sintético,MG,Sudeste,NOVA SERRANA,PARK DONA GUMER
1263,0,"2021-08-20","1900-01-01","1900-01-01",0.0,Não,,"Tratamento de dados, provedores de serviços de aplicação e serviços de hospedagem na internet",MT,Centro Oeste,CUIABÁ,Bosque da Saúde
1264,190,"2021-03-15","1900-01-01","1900-01-01",10500000,Sim,"2024-09-10",Aluguel de imóveis próprios,SP,Sudeste,TABAPUÃ,ZONA RURAL 
1265,0,"2021-05-31","2024-03-11","2024-06-30",2000000.0,Não,,Produção de artefatos estampados de metal,SP,Sudeste,GUARULHOS,Jardim Flor do Campo
1266,93,"2022-01-10","1900-01-01","2022-07-05",3000000.0,Não,,Sem Segmento,SP,Sudeste,SÃO PAULO,Vila Maria Baixa
1267,275,"2021-04-14","2021-04-26","2021-10-25",1000000.0,Não,,Serviços de engenharia,BA,Nordeste,SALVADOR,Paralela
1268,235,"2018-04-25","2022-05-02","2023-05-30",8177000.0,Não,,Comércio atacadista de alimentos para animais,SP,Sudeste,SÃO PAULO,Real Parque
1269,235,"2018-06-05","2018-10-30","2023-05-30",8177000.0,Não,,Comércio atacadista de alimentos para animais,MG,Sudeste,BELO HORIZONTE,Centro
1270,235,"2019-09-18","1900-01-01","2023-05-30",8177000.0,Não,,Comércio atacadista de alimentos para animais,MA,Nordeste,PORTO FRANCO,CENTRO
1271,235,"2021-10-13","1900-01-01","2023-05-30",8177000.0,Não,,Comércio atacadista de alimentos para animais,SC,Sul,ITAJAÍ,Centro
1272,241,"2020-12-10","2023-12-06","2024-01-31",4200000.0,Não,,Holdings de instituições não-financeiras,RJ,Sudeste,SÃO PEDRO DA ALDEIA,Balneário São Pedro
1273,214,"2021-05-10","1900-01-01","1900-01-01",3500000.0,Não,,Treinamento em desenvolvimento profissional e gerencial,SP,Sudeste,SÃO PAULO,Ipiranga
1274,0,"2020-09-29","2021-09-06","2021-09-08",1.0,Não,,Comércio atacadista de máquinas e equipamentos para uso industrial; partes e peças,SP,Sudeste,SÃO PAULO,República
1275,0,"2021-04-20","1900-01-01","1900-01-01",0.0,Não,,"Fundos de investimento, exceto previdenciários e imobiliários",RJ,Sudeste,RIO DE JANEIRO,Botafogo
1276,214,"2021-05-10","1900-01-01","1900-01-01",3500000.0,Não,,Holdings de instituições não-financeiras,SP,Sudeste,SÃO PAULO,Ipiranga
1277,94,"2019-09-24","2019-09-23","2020-01-22",1.0,Não,,"Transporte rodoviário de carga, exceto produtos perigosos e mudanças, intermunicipal, interestadual e internacional",SP,Sudeste,GUARULHOS,CIDADE IND. CUMBICA
1278,0,"2020-03-06","1900-01-01","1900-01-01",0.0,Não,,Fabricação de calçados de couro,BA,Nordeste,ITAMBÉ,CENTRO
1279,357,"2020-09-24","2023-07-24","2024-10-31",5000000.0,Não,,Instalação de máquinas e equipamentos industriais,RS,Sul,SANTA ROSA,Glória
1280,194,"2019-08-06","2021-08-09","2022-02-08",1.0,Sim,"2022-02-21","Fabricação de conservas de legumes e outros vegetais, exceto palmito",MG,Sudeste,CONTAGEM,Campina Verde
1281,104,"2020-01-28","2022-08-30","2022-11-30",5000000.0,Não,,Holdings de instituições não-financeiras,RS,Sul,SANTO ANTÔNIO DA PATRULHA,centro
1282,170,"2021-03-08","2023-02-10","2023-05-31",1.0,Não,,Comércio atacadista de produtos alimentícios em geral,SC,Sul,JOINVILLE,América
1283,337,"2021-09-29","2021-09-06","2022-03-05",50000000,Não,,Armazéns gerais - emissão de warrant,SC,Sul,ITAJAÍ,Espinheiros
1284,0,"2018-12-20","1900-01-01","1900-01-01",0.0,Não,,Instalação de máquinas e equipamentos industriais,RS,Sul,CANOAS,Mathias Velho
1285,0,"2020-03-20","2024-12-17","2025-03-31",648000.0,Não,,"Fundos de investimento, exceto previdenciários e imobiliários",RJ,Sudeste,RIO DE JANEIRO,Botafogo
1286,0,"2018-11-13","1900-01-01","1900-01-01",0.0,Não,,Serviços combinados de escritório e apoio administrativo,GO,Centro Oeste,CATALÃO,Setor Central
1287,0,"2018-06-25","2019-08-16","2019-08-17",5.0,Não,,Comércio atacadista de leite e laticínios,SP,Sudeste,OSASCO,Piratininga
1288,334,"2021-08-24","1900-01-01","2022-07-01",26000000,Não,,"Transporte rodoviário de carga, exceto produtos perigosos e mudanças, intermunicipal, interestadual e internacional",SP,Sudeste,SÃO PAULO,Parque Industrial Tomas Edson
1289,0,"2020-06-01","2022-03-14","2022-09-10",15000000,Não,,AGRO,MG,Sudeste,LAVRAS,Distrito Industrial Deputado Sylvio Menicucci
1290,112,"2021-04-12","1900-01-01","1900-01-01",10000000,Não,,Produção de carvão vegetal - florestas plantadas,"","","",""
1291,0,"2022-01-04","1900-01-01","1900-01-01",0.0,Não,,"Outras atividades profissionais, científicas e técnicas não especificadas anteriormente",SP,Sudeste,CAJATI,BICO DO PATO
1292,179,"2021-03-08","2021-03-08","2022-10-30",10000000,Não,,"Transporte rodoviário de carga, exceto produtos perigosos e mudanças, municipal",MT,Centro Oeste,NORTELÂNDIA,Centro
1293,0,"2021-05-27","1900-01-01","1900-01-01",0.0,Não,,"Fundos de investimento, exceto previdenciários e imobiliários",SP,Sudeste,SÃO PAULO,Bela Vista
1294,191,"2021-03-15","1900-01-01","2022-08-30",10000000,Não,,Holdings de instituições não-financeiras,SP,Sudeste,SÃO PAULO,Itaim Bibi
1295,339,"2021-09-29","2022-03-28","2022-09-30",19000000,Não,,Holdings de instituições não-financeiras,SP,Sudeste,CAMPINAS,Jardim Madalena
1296,315,"2020-05-05","2021-05-17","2021-11-16",30000000,Não,,Atividades de cobrança e informações cadastrais,RJ,Sudeste,RIO DE JANEIRO,Barra da Tijuca
1297,0,"2019-10-22","1900-01-01","1900-01-01",0.0,Não,,"Fundos de investimento, exceto previdenciários e imobiliários",RJ,Sudeste,RIO DE JANEIRO,Ipanema
1298,181,"2021-03-08","1900-01-01","2022-03-10",40000000,Não,,Atividades auxiliares da justiça,SP,Sudeste,SÃO PAULO,Planalto Paulista
1299,0,"2022-01-17","2022-01-17","2022-01-17",0.0,Não,,Sem Segmento,GO,Centro Oeste,TURVELÂNDIA,SETOR CENTRAL
1300,358,"2021-12-10","1900-01-01","2022-06-30",0.0,Não,,Outras atividades de publicidade não especificadas anteriormente,SP,Sudeste,RIBEIRAO PRETO,IPIRANGA
1301,0,"2021-01-11","1900-01-01","1900-01-01",0.0,Não,,"Transporte rodoviário de carga, exceto produtos perigosos e mudanças, intermunicipal, interestadual e internacional",SP,Sudeste,CAPAO BONITO,Vila Santa Rosa
1302,343,"2020-09-16","1900-01-01","2025-10-31",5000000.0,Não,,Transporte,PR,Sul,TOLEDO,Jardim Gisela
1303,0,"2020-10-02","1900-01-01","1900-01-01",0.0,Não,,"Manutenção e reparação de geradores, transformadores e motores elétricos",GO,Centro Oeste,GOIANIA,CAPUAVA
1304,190,"2021-03-15","1900-01-01","1900-01-01",10500000,Não,,Holdings de instituições não-financeiras,SP,Sudeste,MATÃO,Centro
1305,0,"2019-03-29","2019-04-22","2019-08-21",1.0,Não,,Comércio a varejo de pneumáticos e câmaras-de-ar,SP,Sudeste,SANTO ANDRÉ,PARAISO
1306,0,"2021-03-15","2021-03-15","2021-03-16",0.0,Não,,"Serviços de organização de feiras, congressos, exposições e festas",SP,Sudeste,SÃO PAULO,Itaim Bibi
1307,1,"1900-01-01","2020-09-21","2021-01-20",450000000,Não,,Fabricação de alimentos para animais,SP,Sudeste,SÃO PAULO,Paraíso
1308,77,"2019-08-09","2020-09-21","2021-01-20",1.0,Não,,Comércio atacadista de óleos e gorduras,SP,Sudeste,DIADEMA,CASA GRANDE
1309,0,"2022-02-04","1900-01-01","1900-01-01",0.0,Não,,Demolição de edifícios e outras estruturas,SP,Sudeste,SAO BERNARDO DO CAMPO,DOS CASA
1310,19,"1900-01-01","1900-01-01","1900-01-01",0.0,Não,,Comércio atacadista de soja,PA,Norte,RONDON DO PARA,CENTRO
1311,264,"2021-04-20","2021-04-19","2021-10-18",700000.0,Sim,"2024-03-20","Transporte rodoviário de carga, exceto produtos perigosos e mudanças, intermunicipal, interestadual e internacional",SC,Sul,CURITIBANOS,BOM JESUS
1312,0,"2020-07-22","1900-01-01","1900-01-01",0.0,Não,,Locação de mão-de-obra temporária,MG,Sudeste,PASSOS,Novo Horizonte
1313,185,"2020-07-15","2021-03-08","2021-03-10",1.0,Não,,Comércio atacadista de máquinas e equipamentos para uso industrial; partes e peças,MG,Sudeste,BELO HORIZONTE,Diamante (Barreiro)
1314,361,"2022-01-25","1900-01-01","1900-01-01",1.0,Não,,Sem Segmento,SC,Sul,FLORIANÓPOLIS,Centro
1315,0,"2021-05-21","1900-01-01","1900-01-01",0.0,Não,,Serviços de engenharia,MG,Sudeste,BELO HORIZONTE,SAVASSI
1316,359,"2022-01-17","1900-01-01","1900-01-01",0.0,Não,,Armazéns gerais - emissão de warrant,"","","",""
1317,0,"2020-07-16","1900-01-01","1900-01-01",0.0,Não,,Desenvolvimento e licenciamento de programas de computador customizáveis,ES,Sudeste,SERRA,Colina de Laranjeiras
1318,0,"2020-02-04","2020-02-03","2020-06-02",8000000.0,Não,,Comércio atacadista de soja,MT,Centro Oeste,TANGARÁ DA SERRA,JARDIM EUROPA
1319,0,"2019-05-22","2023-07-04","2024-05-31",20000000,Não,,Construção de rodovias e ferrovias,MG,Sudeste,UBERABA,Parque das Américas
1320,227,"2021-06-18","1900-01-01","2022-07-30",5000000.0,Não,,Holdings de instituições não-financeiras,SP,Sudeste,SANTA BÁRBARA D'OESTE,Distrito Industrial I
1321,227,"2021-06-18","1900-01-01","2022-07-30",5000000.0,Não,,Gestão e administração da propriedade imobiliária,BA,Nordeste,JUAZEIRO,Centro
1322,0,"1900-01-01","1900-01-01","1900-01-01",0.0,Não,,Moagem e fabricação de produtos de origem vegetal não especificados anteriormente,MG,Sudeste,CONTAGEM,São Sebastião
1323,0,"1900-01-01","1900-01-01","1900-01-01",0.0,Não,,"Confecção de peças do vestuário, exceto roupas íntimas e as confeccionadas sob medida",SP,Sudeste,SAO PAULO,PARI
1324,0,"1900-01-01","1900-01-01","1900-01-01",0.0,Não,,Comércio atacadista de cereais e leguminosas beneficiados,MT,Centro Oeste,CUIABA,BOSQUE DA SAUDE
1325,0,"1900-01-01","1900-01-01","1900-01-01",0.0,Não,,Comércio atacadista de cereais e leguminosas beneficiados,MG,Sudeste,UBERLANDIA,TABAJARAS
1326,0,"1900-01-01","1900-01-01","1900-01-01",0.0,Não,,Comércio atacadista de cereais e leguminosas beneficiados,PR,Sul,PARANAGUA,TUIUTI
1327,0,"2018-12-26","2020-08-18","2020-11-19",1.0,Não,,Comércio atacadista de produtos alimentícios em geral,SP,Sudeste,ITATIBA,Jardim Galetto
1328,0,"2020-04-06","2023-04-10","2024-03-31",1700000.0,Não,,Instalação e manutenção elétrica,MG,Sudeste,ARAXA,CENTRO
1329,189,"2020-12-14","2021-05-03","2021-11-02",500000.0,Não,,Comércio atacadista de cosméticos e produtos de perfumaria,SP,Sudeste,SÃO PAULO,Belenzinho
1330,0,"2021-10-06","2022-05-02","2022-10-30",4500000.0,Não,,Construção de edifícios,MG,Sudeste,MATOZINHOS,PRESIDENTE
1331,144,"2021-03-29","1900-01-01","1900-01-01",5000000.0,Não,,Serviços de entrega rápida,"","","",""
1332,0,"2019-01-29","1900-01-01","2019-07-29",0.0,Não,,Comércio atacadista de cereais e leguminosas beneficiados,TO,Sudeste,ALIANCA DO TOCATINS,CENTRO
1333,0,"2019-01-18","1900-01-01","1900-01-01",0.0,Não,,Fabricação de outros produtos químicos não especificados anteriormente,BA,Nordeste,ITAPETINGA,CENTRO
1334,0,"2020-03-11","1900-01-01","2022-07-01",0.0,Não,,Comércio atacadista de componentes eletrônicos e equipamentos de telefonia e comunicação,SP,Sudeste,JUNDIAÍ,Distrito Industrial
1335,0,"2022-01-06","2022-11-01","2023-04-30",20000000,Não,,"Comércio varejista de mercadorias em geral, com predominância de produtos alimentícios - minimercados, mercearias e armazéns",PA,Norte,SENADOR JOSE PORFIRIO,INDUSTRIAL
1336,892,"2022-02-08","2025-10-24","2025-12-31",710000000,Não,,Incorporação de empreendimentos imobiliários,SP,Sudeste,SANTA BÁRBARA D'OESTE,Centro
1337,0,"1900-01-01","2019-02-11","2019-06-10",500000.0,Não,,Torrefação e moagem de café,MG,Sudeste,VARGINHA,FAUSTO RIBEIRO
1338,0,"1900-01-01","1900-01-01","1900-01-01",0.0,Não,,Comércio atacadista de carnes bovinas e suínas e derivados,GO,Centro Oeste,BRAZABRANTES,centro
1339,339,"2021-09-29","2022-03-28","2022-09-30",19000000,Não,,Compra e venda de imóveis próprios,SP,Sudeste,CAMPINAS,Loteamento Alphaville Campinas
1340,0,"2021-03-01","2021-03-01","2021-03-02",0.0,Não,,"Comércio atacadista de artigos do vestuário e acessórios, exceto profissionais e de segurança",SC,Sul,ITAJAÍ,Centro
1341,0,"1900-01-01","1900-01-01","1900-01-01",0.0,Não,,Manutenção e reparação de equipamentos e produtos não especificados anteriormente,SP,Sudeste,GUARULHOS,JD PRESIDENTE D
1342,284,"2021-05-10","2025-09-29","2026-01-31",3000000.0,Não,,"Fabricação de fogões, refrigeradores e máquinas de lavar e secar para uso doméstico, peças e acessórios",MG,Sudeste,BELO HORIZONTE,Pilar
1343,0,"2021-06-28","2021-11-08","2022-05-07",0.0,Não,,"Comércio varejista de mercadorias em geral, com predominância de produtos alimentícios - supermercados",PA,Sudeste,DUQUE DE CAXIAS,MANTIQUEIRA
1344,0,"2020-12-29","1900-01-01","1900-01-01",0.0,Não,,Securitização de créditos,SP,Sudeste,SÃO PAULO,Cidade Monções
1345,279,"1900-01-01","2021-03-01","2021-08-31",5590000.0,Não,,"Fabricação de óleos vegetais em bruto, exceto óleo de milho",SP,Sudeste,SÃO PAULO,Vila Olímpia
1346,340,"2021-10-04","1900-01-01","1900-01-01",0.0,Não,,"Atividades de consultoria em gestão empresarial, exceto consultoria técnica específica","","","",""
1347,0,"1900-01-01","1900-01-01","1900-01-01",0.0,Não,,"Fabricação de óleos vegetais em bruto, exceto óleo de milho",MT,Centro Oeste,POXOREO,IRANTINOPOLIS
1348,0,"2020-08-12","1900-01-01","2022-04-30",0.0,Não,,Pesquisa e desenvolvimento experimental em ciências físicas e naturais,BA,Nordeste,SALVADOR,CAMINHO DAS ARVORES
1349,220,"2021-05-25","1900-01-01","2022-11-30",3500000.0,Não,,Holdings de instituições não-financeiras,SP,Sudeste,BATATAIS,CASTELO
1350,220,"2021-05-25","1900-01-01","2022-11-30",3500000.0,Não,,Holdings de instituições não-financeiras,SP,Sudeste,BATATAIS,JD PRIMAVERA
1351,220,"2021-05-25","2025-10-10","2026-02-28",3500000.0,Não,,Holdings de instituições não-financeiras,SP,Sudeste,BATATAIS,Centro
1352,0,"1900-01-01","1900-01-01","1900-01-01",0.0,Não,,Comércio atacadista de cereais e leguminosas beneficiados,MG,Sudeste,UNAÍ,D LOURDES
1353,0,"2020-07-15","1900-01-01","1900-01-01",0.0,Não,,Instalação e manutenção elétrica,RN,Nordeste,NATAL,Lagoa Nova
1354,27,"2021-04-13","2022-10-25","2023-02-28",82000000,Não,,Holdings de instituições não-financeiras,SP,Sudeste,JACAREÍ,Conjunto Habitacional Marinho
1355,0,"2018-12-19","1900-01-01","1900-01-01",0.0,Não,,Fabricação de artefatos de material plástico para usos industriais,SP,Sudeste,IPEÚNA,RURAL
1356,0,"2018-11-14","2023-03-17","2026-01-31",8500000.0,Não,,Construção de edifícios,MG,Sudeste,TAPIRA,CENTRO
1357,0,"2022-01-20","2022-04-25","2022-10-30",3000000.0,Não,,"Comércio atacadista de cereais e leguminosas beneficiados, farinhas, amidos e féculas, com atividade de fracionamento e acondicionamento associada",MA,Nordeste,BALSAS,SANTO AMARO
1358,0,"1900-01-01","1900-01-01","1900-01-01",0.0,Não,,"Confecção de peças do vestuário, exceto roupas íntimas e as confeccionadas sob medida",SC,Sul,BLUMENAU,BAIRRO DO SALTO
1359,0,"1900-01-01","1900-01-01","1900-01-01",0.0,Não,,"Comércio atacadista de mercadorias em geral, sem predominância de alimentos ou de insumos agropecuários",SP,Sudeste,SAO PAULO,JARDIM PAULISTA
1360,0,"1900-01-01","1900-01-01","1900-01-01",0.0,Não,,"Comércio atacadista de mercadorias em geral, sem predominância de alimentos ou de insumos agropecuários",SP,Sudeste,BARUERI,JARDIM DOS CAMA
1361,207,"2021-04-20","2023-12-21","2024-02-29",45000000,Não,,Comércio atacadista de matérias-primas agrícolas não especificadas anteriormente,SC,Sul,ITAPEMA,CENTRO
1362,0,"2021-04-05","2021-04-05","2021-04-06",0.0,Não,,Serviços de engenharia,SP,Sudeste,RIBEIRÃO PRETO,Ribeirânia
1363,179,"2021-03-08","2021-08-04","2022-10-30",10000000,Não,,Criação de bovinos para corte,SP,Sudeste,PEREIRA BARRETO,ZONA RURAL
1364,0,"2021-10-06","1900-01-01","1900-01-01",0.0,Não,,Holdings de instituições não-financeiras,SP,Sudeste,PRESIDENTE PRUDENTE,VILA ROSA
1365,355,"2021-12-20","1900-01-01","2022-12-30",6000000.0,Não,,Comércio atacadista de tecidos,SP,Sudeste,SÃO PAULO,Parque Industrial Tomas Edson
1366,0,"2019-02-01","1900-01-01","1900-01-01",0.0,Não,,"Fundos de investimento, exceto previdenciários e imobiliários",RJ,Sudeste,RIO DE JANEIRO,Botafogo
1367,318,"2021-04-05","2021-04-05","2021-10-04",700000.0,Sim,"2024-08-01",Outras obras de instalações em construções não especificadas anteriormente,SP,Sudeste,SÃO PAULO,Planalto Paulista
1368,0,"2018-05-21","2018-05-21","2018-05-22",0.0,Não,,Comércio varejista de produtos alimentícios em geral ou especializado em produtos alimentícios não especificados anteriormente,"","","",""
1369,165,"2020-10-20","2021-07-05","2021-12-04",2270000.0,Não,,Cultivo de pinus,SC,Sul,VARGEÃO,Área Industrial
1370,28,"2020-07-22","2020-07-27","2022-10-30",13000000,Não,,Comércio varejista de outros produtos não especificados anteriormente,SP,Sudeste,DIADEMA,Centro
1371,0,"2021-09-17","2022-11-08","2023-04-30",800000.0,Não,,Serviços de engenharia,SE,Nordeste,ARACAJU,Jardim Centenário
1372,0,"1900-01-01","1900-01-01","1900-01-01",0.0,Não,,"Fabricação de sucos de frutas, hortaliças e legumes, exceto concentrados",SP,Sudeste,SAO PAULO,VILA GERTRUDES
1373,0,"2022-02-08","2022-02-07","2022-03-09",0.0,Não,,Desenvolvimento e licenciamento de programas de computador customizáveis,SC,Sul,SAO JOSE,BARREIROS
1374,0,"2018-12-19","1900-01-01","1900-01-01",0.0,Não,,Manutenção e reparação de outras máquinas e equipamentos para usos industriais não especificados anteriormente,CE,Nordeste,PARACURU,LAGOA
1375,0,"2020-05-13","1900-01-01","1900-01-01",0.0,Não,,Serviços de agronomia e de consultoria às atividades agrícolas e pecuárias,SP,Sudeste,SÃO PAULO,Pinheiros
1376,0,"1900-01-01","1900-01-01","1900-01-01",0.0,Não,,"Comércio atacadista de defensivos agrícolas, adubos, fertilizantes e corretivos do solo",MG,Sudeste,BURITIS,ZONA RURAL
1377,334,"2021-08-24","1900-01-01","2022-07-01",26000000,Não,,Holdings de instituições não-financeiras,SP,Sudeste,SÃO PAULO,Parque Industrial Tomas Edson
1378,7,"1900-01-01","1900-01-01","1900-01-01",5000000.0,Não,,"Confecção de peças do vestuário, exceto roupas íntimas e as confeccionadas sob medida",SP,Sudeste,SAO PAULO,Mooca
1379,7,"1900-01-01","1900-01-01","1900-01-01",5000000.0,Não,,Comércio atacadista de cereais e leguminosas beneficiados,MG,Sudeste,UBERLANDIA,PACAEMBU
1380,0,"2020-10-29","2025-10-30","2025-11-30",105000000,Sim,"2024-07-10",Frigorífico - abate de bovinos,TO,Norte,ARAGUAÍNA,JK
1381,141,"2020-09-09","2020-09-08","2021-01-07",1.0,Não,,"Comércio atacadista de cereais e leguminosas beneficiados, farinhas, amidos e féculas, com atividade de fracionamento e acondicionamento associada",MS,Centro Oeste,DOURADOS,Centro
1382,0,"2021-05-17","2022-05-02","2022-10-30",500000.0,Não,,Preparação de documentos e serviços especializados de apoio administrativo não especificados anteriormente,PR,Sul,PARANAGUÁ,Jardim Iguaçu
1383,0,"1900-01-01","1900-01-01","1900-01-01",0.0,Não,,Fabricação de calçados de material sintético,MG,Sudeste,NOVA SERRANA,PARK D. GUMERCI
1384,0,"2021-07-28","2023-05-02","2024-08-31",20000000,Não,,Fabricação de alimentos para animais,TO,Norte,ALVORADA,Centro
1385,195,"2022-02-23","2024-09-17","2025-01-31",15500000,Não,,Comércio atacadista de café em grão,ES,Sudeste,VITÓRIA,Enseada do Suá
1386,0,"2021-04-13","1900-01-01","1900-01-01",0.0,Não,,Restaurantes e similares,GO,Centro Oeste,FORMOSA,PARQUE VILA VERDE
1387,306,"2021-09-01","1900-01-01","2022-10-30",10000000,Não,,Extração de granito e beneficiamento associado,RS,Sul,VENÂNCIO AIRES,CENTRO
1388,203,"2021-04-12","1900-01-01","1900-01-01",0.0,Não,,Outros representantes comerciais e agentes do comércio especializado em produtos não especificados anteriormente,SP,Sudeste,BARUERI,Alphaville Comercial
1389,0,"2019-07-30","2019-07-29","2019-11-28",10000000,Não,,Fabricação de biscoitos e bolachas,MG,Sudeste,UBERABA,Parque das Américas
1390,0,"2019-09-23","2024-02-09","2024-05-31",10000000,Não,,Fabricação de outros produtos alimentícios não especificados anteriormente,MG,Sudeste,UBERABA,Gleba Déa Maria
1391,0,"2019-05-24","1900-01-01","1900-01-01",0.0,Não,,Representantes comerciais e agentes do comércio de mercadorias em geral não especializado,ES,Sudeste,VITÓRIA,Jardim Camburi
1392,398,"2020-12-09","2023-03-23","2026-02-28",10000000,Não,,"Atividades de consultoria em gestão empresarial, exceto consultoria técnica específica",SP,Sudeste,BARRA BONITA,DISTRITO INDUSTRIAL
1393,0,"2020-10-22","1900-01-01","1900-01-01",0.0,Não,,Produção e promoção de eventos esportivos,SC,Sul,FLORIANÓPOLIS,Canto
1394,205,"2021-04-13","1900-01-01","2022-12-30",20000000,Não,,Incorporação de empreendimentos imobiliários,SP,Sudeste,SÃO PAULO,Bela Vista
1395,0,"2020-03-19","1900-01-01","1900-01-01",0.0,Não,,Comércio varejista de outros produtos não especificados anteriormente,SP,Sudeste,SÃO PAULO,Vila Cordeiro
1396,194,"2021-03-22","1900-01-01","2022-02-08",1.0,Não,,Sem Segmento,MG,Sudeste,CONTAGEM,Campina Verde
1397,0,"2020-07-21","1900-01-01","1900-01-01",0.0,Não,,Comércio atacadista de resinas e elastômeros,"","","",""
1398,0,"2021-09-17","1900-01-01","1900-01-01",0.0,Não,,"Instalação, manutenção e reparação de elevadores, escadas e esteiras rolantes",SP,Sudeste,CUBATÃO,VILA NOVA
1399,0,"2021-12-23","2023-10-11","2024-08-31",20000000,Não,,"Comércio varejista de mercadorias em geral, com predominância de produtos alimentícios - minimercados, mercearias e armazéns",RJ,Sudeste,DUQUE DE CAXIAS,MANTIQUEIRA
1400,0,"2020-09-23","1900-01-01","1900-01-01",0.0,Não,,Pesquisa e desenvolvimento experimental em ciências físicas e naturais,MG,Sudeste,LAVRAS,NOSSA SRA APARECIDA
1401,0,"2020-08-11","1900-01-01","1900-01-01",0.0,Não,,Pessoa Fisica,SP,Sudeste,SÃO PAULO,Saúde
1402,233,"2021-06-28","2022-08-15","2023-02-28",1000000.0,Não,,Sem Segmento,SP,Sudeste,SANTO ANDRÉ,Vila Bastos
1403,0,"2019-08-16","2019-10-07","2020-02-06",300000.0,Não,,Serviços combinados de escritório e apoio administrativo,MA,Nordeste,PORTO FRANCO,CENTRO
1404,345,"2021-02-22","2022-04-28","2022-10-30",3000000.0,Não,,Serviços de engenharia,SC,Sul,JOINVILLE,Zona Industrial Norte
1405,0,"2019-02-11","1900-01-01","1900-01-01",0.0,Não,,"Comércio atacadista de frutas, verduras, raízes, tubérculos, hortaliças e legumes frescos",SP,Sudeste,SÃO PAULO,Parque São Domingos
1406,0,"2020-07-17","2022-05-02","1900-01-01",20000000,Não,,"Fabricação de outras máquinas e equipamentos de uso geral não especificados anteriormente, peças e acessórios",SP,Sudeste,OSASCO,Piratininga
1407,41,"2021-06-22","1900-01-01","1900-01-01",1.0,Não,,Holdings de instituições não-financeiras,"","","",""
1408,197,"2020-08-24","2022-05-27","2026-01-31",5000000.0,Não,,Instalação e manutenção elétrica,GO,Centro Oeste,ITUMBIARA,Setor Rodoviário
1409,0,"2021-12-07","2021-12-06","2022-06-05",0.0,Não,,Comércio atacadista de café em grão,ES,Sudeste,PINHEIROS,ZONA RURAL
1410,0,"2021-09-27","2021-09-27","2022-03-25",10000000,Não,,AGRO,MG,Sudeste,LAGOA DA PRATA,CENTRO
1411,0,"1900-01-01","1900-01-01","1900-01-01",0.0,Não,,Fabricação de calçados de materiais não especificados anteriormente,MG,Sudeste,NOVA SERRANA,SANTA CLARA
1412,0,"2019-04-04","1900-01-01","1900-01-01",0.0,Não,,Comércio varejista de material elétrico,SP,Sudeste,SÃO PAULO,Jardim Adelaide
1413,0,"2020-07-03","2020-07-20","2020-11-19",0.0,Não,,Comércio varejista especializado de equipamentos e suprimentos de informática,SP,Sudeste,SÃO PAULO,Centro
1414,0,"1900-01-01","1900-01-01","1900-01-01",0.0,Não,,Comércio varejista de produtos alimentícios em geral ou especializado em produtos alimentícios não especificados anteriormente,SP,Sudeste,SAO PAULO,VILA FORMOSA
1415,305,"2021-04-07","2021-03-29","2021-03-30",1300000.0,Não,,Fabricação de luminárias e outros equipamentos de iluminação,SP,Sudeste,PINDAMONHANGABA,Feital
1416,0,"2021-04-20","1900-01-01","1900-01-01",0.0,Não,,"Fundos de investimento, exceto previdenciários e imobiliários",RJ,Sudeste,RIO DE JANEIRO,CENTRO
1417,0,"2019-09-02","2020-02-11","2022-09-01",1000000.0,Não,,Fabricação de produtos de panificação industrial,MG,Sudeste,LUZ,Centro
1418,0,"2021-05-28","2023-05-30","2024-04-30",1800000.0,Não,,Construção Civil,MG,Sudeste,ARAXÁ,Centro
1419,146,"2020-09-21","2025-11-06","2026-02-28",3000000.0,Não,,Comércio atacadista de outros produtos químicos e petroquímicos não especificados anteriormente,SP,Sudeste,GUARULHOS,Jardim Nossa Senhora Aparecida
1420,0,"2020-09-01","2022-04-04","2022-09-30",200000.0,Não,,Obras de montagem industrial,MG,Sudeste,ARAXA,AMAZONAS
1421,254,"2020-09-17","2021-09-13","2022-03-12",2285000.0,Não,"2025-03-20",Comércio varejista especializado de eletrodomésticos e equipamentos de áudio e vídeo,MG,Sudeste,MONTE CARMELO,PLANALTO
1422,0,"2020-03-13","1900-01-01","1900-01-01",0.0,Não,,Cultivo de milho,MG,Sudeste,ROMARIA,ZONA RURAL
1423,95,"2019-10-29","2019-11-25","2020-02-27",10000000,Não,,Produção de semi-acabados de aço,SP,Sudeste,LEME,Jardim Nova Leme
1424,1151,"2021-12-27","2025-09-19","2026-01-31",3300000.0,Não,,Locação de automóveis sem condutor,SC,Sul,ITAJAÍ,Balneário Santa Clara
1425,807,"2021-07-02","2023-09-28","2023-11-30",25000000,Não,,Comércio atacadista de materiais de construção em geral,ES,Sudeste,CARIACICA,Porto Engenho
1426,271,"2019-02-22","2023-04-14","2023-08-31",50000000,Sim,"2022-02-21","Fabricação de adubos e fertilizantes, exceto organo-minerais",ES,Sudeste,VIANA,Parque Industrial
1427,0,"2020-05-08","1900-01-01","1900-01-01",0.0,Não,,"Transporte rodoviário de carga, exceto produtos perigosos e mudanças, intermunicipal, interestadual e internacional",MG,Sudeste,CONTAGEM,Cincão
1428,345,"2021-02-05","2022-04-28","2022-10-30",3000000.0,Não,,Serviços de engenharia,SC,Sul,JOINVILLE,Zona Industrial Norte
1429,0,"2021-07-05","2021-07-05","2021-09-29",1.0,Não,,Comércio por atacado de pneumáticos e câmaras-de-ar,SP,Sudeste,SANTO ANDRE,Bairro VILA HOMERO T
1430,0,"2021-03-10","1900-01-01","1900-01-01",0.0,Não,,"Outras sociedades de participação, exceto holdings",SP,Sudeste,SÃO PAULO,Vila Santa Catarina
1431,0,"2021-07-22","2022-03-15","2022-09-11",1400000.0,Não,,Fabricação de artefatos de material plástico para outros usos não especificados anteriormente,SP,Sudeste,MAIRIPORÃ,JD SOL NASCENTE
1432,0,"2020-02-05","1900-01-01","1900-01-01",0.0,Não,,Comércio atacadista de cereais e leguminosas beneficiados,MG,Sudeste,CONTAGEM,São Sebastião
1433,19,"1900-01-01","2019-04-08","2019-08-07",0.0,Não,,Comércio atacadista de soja,MT,Centro Oeste,TANGARÁ DA SERRA,CHACARA
1434,309,"2020-10-28","2020-10-26","2021-04-25",12000000,Não,,Transporte rodoviário de produtos perigosos,MG,Sudeste,BETIM,Betim Industrial
1435,0,"2019-06-06","1900-01-01","2022-03-30",0.0,Não,,"Transporte rodoviário de carga, exceto produtos perigosos e mudanças, intermunicipal, interestadual e internacional",SP,Sudeste,VALINHOS,Parque dos Cocais
1436,0,"1900-01-01","1900-01-01","1900-01-01",0.0,Não,,"Fabricação de cosméticos, produtos de perfumaria e de higiene pessoal",RJ,Sudeste,RIO DE JANEIRO,BARRA DA TIJUCA
1437,0,"2019-01-18","1900-01-01","1900-01-01",0.0,Não,,Outros representantes comerciais e agentes do comércio especializado em produtos não especificados anteriormente,BA,Nordeste,VITÓRIA DA CONQUISTA,Zabelê
1438,9,"2018-03-28","2020-08-17","2020-12-16",1.0,Não,,"Comércio atacadista de produtos da extração mineral, exceto combustíveis",SP,Sudeste,SÃO PAULO,ITAIM BIBI
1439,9,"2018-05-22","1900-01-01","1900-01-01",1.0,Não,,"Comércio atacadista de produtos da extração mineral, exceto combustíveis",SC,Sul,ITAJAÍ,Itaipava
1440,181,"2021-03-08","1900-01-01","2022-03-10",40000000,Não,,Restaurantes e similares,SP,Sudeste,SOROCABA,Jardim Vergueiro
1441,189,"2020-12-15","2021-05-03","2021-11-02",500000.0,Não,,Comércio atacadista de cosméticos e produtos de perfumaria,SP,Sudeste,SÃO PAULO,Belenzinho
1442,99,"2021-10-26","1900-01-01","1900-01-01",600000.0,Não,,Sem Segmento,"","","",""
1443,165,"2020-12-01","2021-03-22","2021-12-04",2270000.0,Não,,Comércio atacadista de madeira e produtos derivados,PR,Sul,PALMAS,LAGOAO
1444,165,"2020-12-03","2021-03-22","2021-12-04",2270000.0,Não,,Comércio atacadista de madeira e produtos derivados,SC,Sul,LAGES,Área Industrial
1445,165,"2020-12-03","2021-03-22","2021-12-04",2270000.0,Não,,Comércio atacadista de madeira e produtos derivados,RS,Sul,SÃO JOSÉ DOS AUSENTES,Silveira
1446,109,"2020-02-12","2020-02-11","2020-06-10",700000.0,Não,,Comércio atacadista de resinas e elastômeros,SP,Sudeste,VÁRZEA PAULISTA,Centro
1447,0,"2021-12-13","2021-12-20","2022-06-18",1000000.0,Não,,"Comércio a varejo de automóveis, camionetas e utilitários novos",MT,Centro Oeste,SORRISO,INDUSTRIAL - 1A ETAP
1448,0,"2020-03-10","1900-01-01","1900-01-01",0.0,Não,,Comércio atacadista de soja,MT,Centro Oeste,SORRISO,CENTRO
1449,40,"2018-09-17","2019-07-02","2019-07-03",1.0,Não,,"Representantes comerciais e agentes do comércio de combustíveis, minerais, produtos siderúrgicos e químicos",SP,Sudeste,GUARULHOS,Várzea do Palácio
1450,212,"2021-05-10","1900-01-01","1900-01-01",1.0,Não,,Sem Segmento,"","","",""
1451,358,"2021-12-10","1900-01-01","2022-06-30",0.0,Não,,Fotocópias,SP,Sudeste,RIBEIRAO PRETO,IPIRANGA
1452,360,"2022-01-17","1900-01-01","2022-06-30",2230000.0,Não,,Serviços combinados de escritório e apoio administrativo,PR,Sul,CURITIBA,Bom Retiro
1453,234,"2021-03-15","2025-02-25","2025-07-31",5000000.0,Não,,AGRO,MT,Centro Oeste,CANARANA,Zona Rural
1454,0,"2021-09-29","2022-06-01","2025-11-30",5000000.0,Não,,Comércio varejista especializado de eletrodomésticos e equipamentos de áudio e vídeo,GO,Centro Oeste,CATALÃO,Pio Gomes
1455,0,"2021-02-23","2021-03-08","2021-03-10",0.0,Não,,"Instalações hidráulicas, sanitárias e de gás",SP,Sudeste,SOROCABA,Jardim Portal da Colina
1456,0,"2018-12-13","1900-01-01","1900-01-01",0.0,Não,,Comércio atacadista de máquinas e equipamentos para uso industrial; partes e peças,SP,Sudeste,BOITUVA,CENTRO
1457,0,"2021-11-05","1900-01-01","2022-06-30",0.0,Não,,Pesquisa e desenvolvimento experimental em ciências físicas e naturais,MS,Centro Oeste,DOURADOS,PARQUE ALVORADA
1458,0,"2020-07-28","1900-01-01","1900-01-01",0.0,Não,,Manutenção e reparação de motocicletas e motonetas,TO,Norte,PALMAS,Jardim Aureny IV (Taquaralto)
1459,0,"2021-08-26","1900-01-01","1900-01-01",0.0,Não,,Serviços advocatícios,SP,Sudeste,JANDIRA,Centro
1460,297,"2020-12-21","2023-12-18","2024-04-30",1000000.0,Não,,"Depósitos de mercadorias para terceiros, exceto armazéns gerais e guarda-móveis",TO,Norte,PORTO NACIONAL,ZONA RURAL
1461,0,"2019-05-14","2019-07-02","2019-07-03",0.0,Não,,Comércio varejista de artigos de papelaria,SP,Sudeste,BOITUVA,RESIDENCIAL VITORIA
1462,0,"2019-04-12","2019-04-12","2019-05-12",1000000.0,Não,,Serviços de desenho técnico relacionados à arquitetura e engenharia,SP,Sudeste,SÃO PAULO,VILA SONIA
1463,0,"2020-11-24","1900-01-01","1900-01-01",0.0,Não,,"Fundos de investimento, exceto previdenciários e imobiliários",SP,Sudeste,SÃO PAULO,Jardim Paulistano
1464,0,"2020-11-26","2023-10-20","2024-03-31",100000000,Não,,"Fundos de investimento, exceto previdenciários e imobiliários",SP,Sudeste,SÃO PAULO,Jardim Paulistano
1465,0,"2021-09-13","2021-09-13","2022-03-12",2300000.0,Não,,Comércio varejista de produtos alimentícios em geral ou especializado em produtos alimentícios não especificados anteriormente,PA,Norte,BELÉM,Guamá
1466,204,"2021-04-12","1900-01-01","1900-01-01",3000000.0,Não,,"Comércio a varejo de automóveis, camionetas e utilitários novos",MG,Sudeste,PASSOS,Centro
1467,0,"2021-04-08","1900-01-01","1900-01-01",0.0,Não,,Sem Segmento,"","","",""
1468,0,"2021-08-16","1900-01-01","2022-07-30",0.0,Não,,Manutenção de redes de distribuição de energia elétrica,PA,Norte,ABAETETUBA,CENTRO
1469,0,"2022-01-17","2021-05-31","2021-06-01",0.0,Não,,Atividades de apoio à extração de petróleo e gás natural,RJ,Sudeste,RIO DE JANEIRO,CENTRO
1470,68,"2018-12-28","2025-09-09","2025-11-30",20000000,Sim,"2025-09-15",Fabricação de alimentos para animais,MG,Sudeste,PATOS DE MINAS,Centro
1471,0,"2018-05-21","2019-08-16","2019-08-17",5.0,Não,,Outros representantes comerciais e agentes do comércio especializado em produtos não especificados anteriormente,SP,Sudeste,SÃO PAULO,Santo Amaro
1472,0,"1900-01-01","2018-08-13","2018-12-12",5000000.0,Não,,Comércio atacadista de produtos alimentícios em geral,SP,Sudeste,SÃO PAULO,Paraíso
1473,0,"2021-05-13","1900-01-01","1900-01-01",0.0,Não,,Obras de montagem industrial,SP,Sudeste,SAO JOSE DO RIO PRETO,DISTRITO INDUSTRIAL
1474,218,"2021-05-25","1900-01-01","2022-05-18",1.0,Não,,Outras atividades auxiliares dos serviços financeiros não especificadas anteriormente,CE,Nordeste,FORTALEZA,Centro
1475,361,"2020-03-13","1900-01-01","1900-01-01",1.0,Não,,Comércio atacadista de resinas e elastômeros,SP,Sudeste,SÃO PAULO,Água Branca
1476,0,"2020-08-03","2020-08-24","2020-12-23",100000.0,Não,,Cultivo de soja,PI,Nordeste,URUÇUÍ,URUCUI RIBEIRO GONCA
1477,0,"2020-08-10","1900-01-01","1900-01-01",0.0,Não,,"Transporte rodoviário de carga, exceto produtos perigosos e mudanças, municipal",SP,Sudeste,GUARULHOS,CIDADE JARDIM CUMBICA
1478,892,"2022-01-21","2025-10-24","2025-12-31",710000000,Não,,Incorporação de empreendimentos imobiliários,SP,Sudeste,RIO CLARO,Centro
1479,0,"2019-10-23","1900-01-01","1900-01-01",0.0,Não,,Serviços combinados de escritório e apoio administrativo,AM,Norte,MANAUS,Coroado
1480,236,"2021-03-15","2025-04-07","2025-07-31",4000000.0,Não,,Comércio atacadista de algodão,MT,Centro Oeste,CUIABÁ,Distrito Industrial
1481,152,"2020-02-18","2023-02-03","2023-06-30",16000000,Não,,Fabricação de luminárias e outros equipamentos de iluminação,MG,Sudeste,EXTREMA,DOS PIRES
1482,152,"2020-11-10","2022-10-04","2023-06-30",16000000,Não,,Sem Segmento,AM,Norte,MANAUS,DISTRITO INDUSTRIAL II
1483,0,"2018-11-16","2019-08-12","2019-12-11",200000.0,Não,,Construção de edifícios,SP,Sudeste,SANTOS,Vila Matias
1484,207,"2021-04-20","2023-12-21","2024-02-29",45000000,Não,,Serviços de agronomia e de consultoria às atividades agrícolas e pecuárias,PR,Sul,CURITIBA,Uberaba
1485,0,"2021-04-27","1900-01-01","1900-01-01",0.0,Não,,Sem Segmento,SC,Sul,ITAJAÍ,Ressacada
1486,335,"2021-08-24","1900-01-01","1900-01-01",10000000,Não,,"Transporte rodoviário de carga, exceto produtos perigosos e mudanças, intermunicipal, interestadual e internacional",PR,Sul,LONDRINA,CENTRO
1487,73,"2018-07-16","2019-10-28","2020-02-27",1500000.0,Não,,Recuperação de materiais plásticos,SP,Sudeste,SÃO PAULO,Ermelino Matarazzo
1488,0,"1900-01-01","1900-01-01","1900-01-01",0.0,Não,,Comércio atacadista de produtos alimentícios em geral,MG,Sudeste,CONSELHEIRO LAFAIETE,CENTRO
1489,0,"2019-04-01","1900-01-01","1900-01-01",0.0,Não,,Atividades de pós-colheita,MG,Sudeste,PIMENTA,""
1490,154,"2020-09-16","2023-06-27","2025-12-31",5000000.0,Não,,Serviço de pulverização e controle de pragas agrícolas,PR,Sul,TOLEDO,Jardim Gisela
1491,154,"2020-10-14","2023-06-27","2024-10-31",5000000.0,Não,,AGRO,MT,Centro Oeste,SORRISO,CENTRO
1492,0,"2019-05-16","2022-10-07","2025-07-31",7500000.0,Não,,"Aluguel de outras máquinas e equipamentos comerciais e industriais não especificados anteriormente, sem operador",MG,Sudeste,UBERABA,RECREIO DOS BANDEIRANTES
1493,326,"2021-07-05","1900-01-01","1900-01-01",0.0,Não,,Holdings de instituições não-financeiras,"","","",""
1494,202,"2021-04-12","1900-01-01","1900-01-01",3500000.0,Não,,"Outras sociedades de participação, exceto holdings",SP,Sudeste,SÃO BERNARDO DO CAMPO,Centro
1495,0,"1900-01-01","1900-01-01","1900-01-01",200000.0,Não,,"Fabricação de artigos de serralheria, exceto esquadrias",SP,Sudeste,MONTE APRAZIVEL,DISTRITO INDUST
1496,227,"2021-06-18","1900-01-01","2022-07-30",5000000.0,Não,,"Transporte rodoviário de carga, exceto produtos perigosos e mudanças, intermunicipal, interestadual e internacional",SP,Sudeste,BARUERI,Jardim Audir
1497,99,"2021-10-26","1900-01-01","1900-01-01",600000.0,Não,,Sem Segmento,"","","",""
1498,331,"2021-08-02","2023-02-02","2023-07-30",10000000,Não,,Comércio atacadista de matérias-primas agrícolas não especificadas anteriormente,PR,Sul,MARINGÁ,Zona 04
1499,0,"1900-01-01","1900-01-01","1900-01-01",0.0,Não,,Comércio atacadista de produtos alimentícios em geral,RJ,Sudeste,DUQUE DE CAXIAS,""
1500,161,"2020-09-20","2025-08-01","2025-12-31",15000000,Não,,"Fabricação de aparelhos de recepção, reprodução, gravação e amplificação de áudio e vídeo",AM,Norte,MANAUS,Distrito Industrial I
1501,0,"1900-01-01","1900-01-01","1900-01-01",0.0,Não,,Comércio varejista de produtos alimentícios em geral ou especializado em produtos alimentícios não especificados anteriormente,MG,Sudeste,CABECEIRA GRANDE,CENTRO PALMITAL
1502,11,"1900-01-01","2018-06-07","2018-06-07",500000.0,Não,,Fundição de metais não-ferrosos e suas ligas,SP,Sudeste,LIMEIRA,RIBEIRAO DO PINHAL
1503,0,"2021-03-11","1900-01-01","1900-01-01",0.0,Não,,Comércio atacadista de cereais e leguminosas beneficiados,TO,Norte,COLINAS DO TOCATINS,SETOR NOVO PLANALTO
1504,103,"2021-03-09","1900-01-01","2022-10-31",15000000,Não,,Atividade médica ambulatorial restrita a consultas,SP,Sudeste,CATANDUVA,Vila Dona Engracia Agudo Romão
1505,0,"2020-10-01","1900-01-01","1900-01-01",0.0,Não,,Serviços combinados de escritório e apoio administrativo,SP,Sudeste,SAO PAULO,Cidade Líder
1506,0,"2021-10-07","2022-11-23","2023-05-30",20000000,Não,,Transporte rodoviário de produtos perigosos,SP,Sudeste,BOITUVA,SANTO ANTONIO
1507,287,"2020-09-29","2021-04-19","2021-10-18",700000.0,Não,,Treinamento em desenvolvimento profissional e gerencial,AL,Nordeste,MACEIÓ,Pajuçara
1508,332,"2021-08-10","2025-11-04","2026-02-28",3100000.0,Não,,"Comércio atacadista de defensivos agrícolas, adubos, fertilizantes e corretivos do solo",PR,Sul,PALOTINA,Esquina Progresso
1509,0,"1900-01-01","1900-01-01","1900-01-01",0.0,Não,,"Confecção de peças do vestuário, exceto roupas íntimas e as confeccionadas sob medida",SC,Sul,BLUMENAU,Salto Norte
1510,283,"2020-11-17","2023-01-06","2023-03-31",4000000.0,Não,,"Transporte rodoviário de carga, exceto produtos perigosos e mudanças, intermunicipal, interestadual e internacional",SP,Sudeste,SÃO PAULO,Barra Funda
1511,100,"2022-01-17","2022-04-05","2022-10-02",5500000.0,Não,,Serviços combinados de escritório e apoio administrativo,SP,Sudeste,BARUERI,Alphaville Industrial
1512,0,"2021-02-08","2021-02-08","2021-02-09",0.0,Não,,Holdings de instituições não-financeiras,PE,Nordeste,GARANHUNS,Sto. Antonio
1513,199,"2021-04-05","1900-01-01","1900-01-01",2000000.0,Não,,Serviços combinados de escritório e apoio administrativo,SP,Sudeste,PIRACICABA,Vale do Sol
1514,0,"2020-11-30","2023-06-16","2024-05-31",600000.0,Não,,Instalação de máquinas e equipamentos industriais,RS,Sul,ESTEIO,Centro
1515,0,"1900-01-01","1900-01-01","1900-01-01",0.0,Não,,Sociedades de crédito ao microempreendedor,SP,Sudeste,SÃO PAULO,Centro
1516,0,"1900-01-01","1900-01-01","1900-01-01",0.0,Não,,"Fabricação de óleos vegetais em bruto, exceto óleo de milho",MT,Centro Oeste,CAMPO NOVO DO PARECI,SETOR INDUSTRIA
1517,0,"1900-01-01","1900-01-01","1900-01-01",120000.0,Não,,Comércio varejista de móveis,RS,Sul,FLORES DA CUNHA,CENTRO
1518,0,"1900-01-01","1900-01-01","1900-01-01",0.0,Não,,Fabricação de móveis com predominância de madeira,RS,Sul,FLORES DA CUNHA,LAGOA BELA
1519,0,"2020-09-21","2022-03-15","2022-09-11",3000000.0,Não,,Comércio a varejo de peças e acessórios novos para veículos automotores,SP,Sudeste,JAÚ,Jardim Sanzovo
1520,191,"2020-08-31","2024-08-13","2024-12-31",10000000,Não,,AGRO,MT,Centro Oeste,VÁRZEA GRANDE,Novo Mundo
1521,191,"2020-10-05","2024-08-13","2024-12-31",10000000,Não,,Armazéns gerais - emissão de warrant,MG,Sudeste,UBERLÂNDIA,Distrito Industrial
1522,191,"2020-10-05","2024-08-13","2024-12-31",10000000,Não,,Armazéns gerais - emissão de warrant,MG,Sudeste,UBERLÂNDIA,Distrito Industrial
1523,191,"2020-10-05","2024-08-13","2024-12-31",10000000,Não,,Armazéns gerais - emissão de warrant,MG,Sudeste,ITUIUTABA,Distrito Industrial
1524,291,"2021-11-16","1900-01-01","1900-01-01",1.0,Não,,Cultivo de soja,MT,Centro Oeste,RONDONÓPOLIS,ZONA RURAL
1525,235,"1900-01-01","2025-10-30","2026-02-28",8177000.0,Não,,Serviços combinados de escritório e apoio administrativo,SP,Sudeste,COLÔMBIA,CENTRO
1526,360,"2018-08-13","2022-01-10","2023-01-01",2230000.0,Sim,"2023-09-18",Comércio atacadista de produtos alimentícios em geral,PR,Sul,CURITIBA,CAMPO COMPRIDO
1527,74,"2019-03-14","1900-01-01","2022-10-01",0.0,Não,,Comércio atacadista de soja,MT,Centro Oeste,RONDOPOLIS,DIST IND AUGUSTO BORTOLI RAZIA
1528,74,"2019-03-14","1900-01-01","2022-10-01",0.0,Não,,Comércio atacadista de soja,MT,Centro Oeste,RONDONÓPOLIS,Distrito Industrial Augusto Bortoli Razia
1529,74,"2019-03-14","1900-01-01","2022-10-01",0.0,Não,,Comércio atacadista de produtos alimentícios em geral,PR,Sul,CURITIBA,HAUER
1530,74,"2019-03-14","1900-01-01","2022-10-01",0.0,Não,,"Transporte rodoviário de carga, exceto produtos perigosos e mudanças, intermunicipal, interestadual e internacional",MT,Centro Oeste,NOVA MUTUM,Expansão Urbana
1531,74,"2019-05-17","1900-01-01","2022-10-01",0.0,Não,,Comércio atacadista de produtos alimentícios em geral,SP,Sudeste,SANTOS,GONZAGA
1532,0,"2021-02-12","2023-02-10","2023-07-30",10000000,Não,,AGRO,GO,Centro Oeste,FORMOSA,Formosinha
1533,235,"2021-12-07","2022-09-21","2023-05-30",8177000.0,Não,,"Comércio varejista de mercadorias em geral, com predominância de produtos alimentícios - minimercados, mercearias e armazéns",RJ,Sudeste,DUQUE DE CAXIAS,Xerém
1534,0,"2020-08-11","2020-08-10","2020-12-09",500000.0,Não,,Moagem e fabricação de produtos de origem vegetal não especificados anteriormente,SP,Sudeste,VARZEA GRANDE,Cão do Pequi
1535,0,"2021-06-21","1900-01-01","2022-06-30",0.0,Não,,Obras de montagem industrial,SP,Sudeste,GUARATINGUETÁ,Pólo Industrial José Pires de Castro
1536,0,"2019-08-06","2020-12-09","2021-12-10",1.0,Não,,Fabricação de produtos diversos não especificados anteriormente,GO,Centro Oeste,ANÁPOLIS,Jd. São Paulo
1537,79,"2019-04-29","2020-03-09","2020-07-08",600000.0,Não,,Comércio varejista de artigos de papelaria,SP,Sudeste,SÃO PAULO,Vila Santa Catarina
1538,42,"2018-09-25","2018-07-16","2018-11-17",150000.0,Não,,Fabricação de móveis com predominância de madeira,SP,Sudeste,BARUERI,Alphaville Industrial
1539,20,"2018-05-15","2019-02-11","2019-06-10",30000000,Não,,Frigorífico - abate de bovinos,PA,Norte,NOVO PROGRESSO,Gleba Curua
1540,162,"2021-05-03","1900-01-01","2022-09-30",7000000.0,Não,,Sem Segmento,PA,Norte,ANANINDEUA,Distrito Industrial
1541,54,"2018-11-27","2020-03-16","2020-07-15",1.0,Não,,"Fabricação de óleos vegetais em bruto, exceto óleo de milho","","","",""
1542,130,"2020-06-16","2020-06-05","2020-10-04",2000000.0,Não,,"Comércio atacadista de mercadorias em geral, com predominância de produtos alimentícios",SP,Sudeste,DIADEMA,Conceição
1543,152,"2021-03-08","2022-10-04","2023-06-30",16000000,Não,,Holdings de instituições não-financeiras,SP,Sudeste,SÃO PAULO,Mirandópolis
1544,236,"2021-03-15","2025-04-07","2025-07-31",4000000.0,Não,,Comércio atacadista de matérias-primas agrícolas não especificadas anteriormente,SP,Sudeste,ATIBAIA,Jardim Alvinópolis
1545,0,"2021-12-17","2022-06-14","2022-12-30",2000000.0,Não,,"Manutenção e reparação de máquinas, aparelhos e materiais elétricos não especificados anteriormente",SP,Sudeste,SOROCABA,Boa Vista
1546,0,"2020-03-19","1900-01-01","1900-01-01",0.0,Não,,Comércio varejista de outros artigos de uso pessoal e doméstico não especificados anteriormente,SP,Sudeste,SÃO PAULO,Vila Suzana
1547,181,"2021-03-08","1900-01-01","2022-03-10",40000000,Não,,Serviços advocatícios,SP,Sudeste,SÃO PAULO,Indianópolis
1548,98,"2019-11-19","2021-01-18","2021-01-19",1.0,Não,,Criação de bovinos para corte,PE,Nordeste,CARPINA,Bairro Novo
1549,98,"2019-11-22","1900-01-01","1900-01-01",1.0,Não,,Comércio atacadista de carnes bovinas e suínas e derivados,PE,Nordeste,SANTO AGOSTINHO (CABO DE SANTO AGOSTINHO),GAIBU
1550,98,"2019-11-22","1900-01-01","1900-01-01",1.0,Não,,Frigorífico - abate de bovinos,PA,Norte,XINGUARA,Centro
1551,122,"2020-05-13","1900-01-01","1900-01-01",0.0,Não,,"Transporte rodoviário de carga, exceto produtos perigosos e mudanças, intermunicipal, interestadual e internacional",GO,Centro Oeste,GOIÂNIA,Setor Sul
1552,122,"2020-05-13","1900-01-01","1900-01-01",0.0,Não,,"Transporte rodoviário de carga, exceto produtos perigosos e mudanças, intermunicipal, interestadual e internacional",MG,Sudeste,UBERLÂNDIA,Nossa Senhora Aparecida
1553,0,"2021-06-09","1900-01-01","1900-01-01",2000000.0,Não,,"Transporte rodoviário de carga, exceto produtos perigosos e mudanças, intermunicipal, interestadual e internacional","","","",""
1554,0,"1900-01-01","1900-01-01","1900-01-01",0.0,Não,,Comércio atacadista de cereais e leguminosas beneficiados,MG,Sudeste,UNAÍ,KUMAYURA
1555,0,"2019-06-12","2019-06-10","2019-10-09",6000000.0,Não,,Comércio atacadista de animais vivos,MG,Sudeste,UBERABA,Santos Dumont
1556,83,"2021-04-12","1900-01-01","2022-10-30",20000000,Não,,Holdings de instituições não-financeiras,SP,Sudeste,LENÇÓIS PAULISTA,Vila Mamedina
1557,227,"2021-06-18","1900-01-01","2022-07-30",5000000.0,Não,,Atividade médica ambulatorial restrita a consultas,MG,Sudeste,BELO HORIZONTE,Centro
1558,327,"2021-07-08","1900-01-01","2022-12-10",20000000,Não,,Holdings de instituições não-financeiras,PR,Sul,CASCAVEL,Country
1559,83,"2021-04-12","1900-01-01","2022-10-30",20000000,Não,,"Outras sociedades de participação, exceto holdings",SP,Sudeste,LENÇÓIS PAULISTA,Jardim Morumbi
1560,0,"2020-05-12","1900-01-01","1900-01-01",0.0,Não,,"Lanchonetes, casas de chá, de sucos e similares",TO,Norte,PALMAS,Plano Diretor Sul
1561,83,"2021-04-12","1900-01-01","2022-10-30",20000000,Não,,Holdings de instituições não-financeiras,SP,Sudeste,LENÇÓIS PAULISTA,Jardim Morumbi
1562,0,"2019-07-18","1900-01-01","1900-01-01",0.0,Não,,Extração de minério de estanho,RO,Norte,ARIQUEMES,Apoio BR-421
1563,147,"2021-03-05","2023-03-01","2025-12-31",5000000.0,Não,,Atividades de apoio à agricultura não especificadas anteriormente,GO,Centro Oeste,ITUMBIARA,Jardim Bandeirantes
1564,0,"2021-02-04","2023-01-17","2026-01-31",35000000,Não,,"Fabricação de óleos vegetais em bruto, exceto óleo de milho",PR,Sul,ARAPONGAS,Parque Industrial II
1565,0,"2019-12-06","1900-01-01","1900-01-01",0.0,Não,,"Atividades de intermediação e agenciamento de serviços e negócios em geral, exceto imobiliários",SP,Sudeste,SÃO PAULO,Cerqueira César
1566,0,"2018-07-23","2018-07-23","2018-07-24",0.0,Não,,Comércio atacadista de aparelhos eletrônicos de uso pessoal e doméstico,"","","",""
1567,0,"2020-09-16","2023-07-26","2026-01-31",5000000.0,Não,,Atividades de apoio à produção florestal,SP,Sudeste,CAJATI,VILA VITORIA
1568,0,"2018-10-16","2018-10-16","2019-02-15",500000.0,Não,,Serviços advocatícios,SP,Sudeste,SÃO PAULO,Vila Olímpia
1569,0,"2020-05-05","1900-01-01","1900-01-01",0.0,Não,,Testes e análises técnicas,MG,Sudeste,CONTAGEM,Inconfidentes
1570,395,"2021-01-18","2023-02-15","2025-11-30",5000000.0,Não,,Fornecimento de alimentos preparados preponderantemente para empresas,GO,Centro Oeste,ITUMBIARA,Parque Vale dos Buritys III
1571,235,"2021-11-17","2025-10-30","2026-02-28",8177000.0,Não,,Serviços combinados de escritório e apoio administrativo,SP,Sudeste,BARUERI,Alphaville Industrial
1572,0,"2020-10-19","1900-01-01","1900-01-01",0.0,Não,,Serviços de manutenção e reparação mecânica de veículos automotores,TO,Norte,COLINAS DO TOCANTINS,NOVO PLANALTO
1573,0,"2018-06-04","2019-05-27","2019-09-26",300000.0,Não,,Comércio atacadista de resinas e elastômeros,SP,Sudeste,SANTANA DE PARNAÍBA,Campo da Vila
1574,141,"2020-09-09","2020-09-08","2021-01-07",1.0,Não,,Comércio atacadista de cereais e leguminosas beneficiados,MS,Centro Oeste,DOURADOS,Centro
1575,190,"2020-02-18","2025-09-02","2025-11-30",10500000,Sim,"2024-09-10","Comércio atacadista de defensivos agrícolas, adubos, fertilizantes e corretivos do solo",SP,Sudeste,MATÃO,Centro
1576,0,"2019-06-10","2020-02-18","2022-11-01",5.0,Não,,"Comércio atacadista de produtos siderúrgicos e metalúrgicos, exceto para construção",SP,Sudeste,ITAQUAQUECETUBA,QUINTA DA BOA VISTA
1577,0,"2021-02-03","2023-06-16","2026-02-28",10000000,Não,,"Serviço de preparação de terreno, cultivo e colheita",BA,Nordeste,BARREIRAS,Serra do Mimo
1578,0,"2021-07-23","1900-01-01","1900-01-01",0.0,Não,,Fabricação de outros produtos de metal não especificados anteriormente,SP,Sudeste,INDAIATUBA,DIST INDL JOAO NAREZZI
1579,327,"2021-07-08","2019-07-08","2022-12-10",20000000,Não,,Holdings de instituições não-financeiras,PR,Sul,CASCAVEL,Cascavel Velho
1580,0,"2021-11-05","1900-01-01","2022-07-30",0.0,Não,,Construção de edifícios,TO,Norte,PORTO NACIONAL,PORTO REAL
1581,243,"2021-03-12","2021-04-05","2021-10-04",1.0,Não,,Construção de edifícios,RN,Nordeste,CAMPO REDONDO,CENTRO
1582,305,"2021-04-07","2021-04-05","2021-10-04",1300000.0,Não,,Instalação e manutenção elétrica,SP,Sudeste,PINDAMONHANGABA,Mombaça
1583,0,"2019-05-14","2023-12-01","2024-04-30",15000000,Não,,Fabricação de alimentos para animais,TO,Norte,PARAÍSO DO TOCANTINS,PARQUE AGROINDUSTRIAL
1584,101,"2019-12-24","1900-01-01","1900-01-01",400000.0,Não,,"Comércio atacadista de instrumentos e materiais para uso médico, cirúrgico, hospitalar e de laboratórios",ES,Sudeste,VILA VELHA,RIO MARINHO
1585,333,"2021-08-10","2023-08-25","2023-10-31",440000000,Não,,"Outras sociedades de participação, exceto holdings",GO,Centro Oeste,ANÁPOLIS,Setor Central
1586,219,"2021-05-25","2025-10-07","2026-01-31",5500000.0,Não,,Comércio atacadista de algodão,SP,Sudeste,ARTUR NOGUEIRA,Jardim Santo Amaro
1587,219,"2021-06-10","2025-10-07","2026-01-31",5500000.0,Não,,Sem Segmento,TO,Norte,PALMAS,PLANO DIRETOR SUL
1588,0,"2019-01-28","2019-02-01","2019-03-01",1.0,Não,,Comércio atacadista de matérias-primas agrícolas não especificadas anteriormente,SP,Sudeste,SÃO PAULO,Vila Olímpia
1589,0,"2019-12-12","1900-01-01","1900-01-01",0.0,Não,,Comércio varejista especializado de equipamentos e suprimentos de informática,SP,Sudeste,SANTOS,Aparecida
1590,0,"2019-05-30","1900-01-01","1900-01-01",0.0,Não,,Construção de edifícios,BA,Nordeste,FEIRA DE SANTANA,Brasília
1591,99,"2019-11-05","2021-10-25","2022-04-24",600000.0,Não,,Comércio atacadista de cosméticos e produtos de perfumaria,SP,Sudeste,SAO PAULO,PQ SANTO ANTONIO
1592,232,"2021-06-28","1900-01-01","2022-10-30",2000000.0,Não,,Aluguel de imóveis próprios,PR,Sul,BELA VISTA DO PARAÍSO,Centro
1593,0,"2021-10-14","1900-01-01","1900-01-01",0.0,Não,,Fabricação de alimentos para animais,TO,Norte,PEIXE,ZONA RURAL
1594,0,"2021-08-16","2021-08-16","2022-02-15",0.0,Não,,Fabricação de outros produtos alimentícios não especificados anteriormente,"","","",""
1595,335,"2021-08-24","1900-01-01","1900-01-01",10000000,Não,,Incorporação de empreendimentos imobiliários,PR,Sul,LONDRINA,BELA SUICA
1596,0,"2021-01-07","2022-11-03","2025-11-30",5000000.0,Não,,Outras obras de engenharia civil não especificadas anteriormente,SP,Sudeste,SOROCABA,Jardim Astro
1597,0,"2021-07-29","1900-01-01","1900-01-01",0.0,Não,,Fundição de metais não-ferrosos e suas ligas,SP,Sudeste,MAUÁ,Loteamento Industrial Coral
1598,144,"2021-03-29","1900-01-01","1900-01-01",5000000.0,Não,,Atividades de condicionamento físico,"","","",""
1599,0,"2020-01-23","1900-01-01","1900-01-01",0.0,Não,,"Fabricação de óleos vegetais em bruto, exceto óleo de milho",PA,Norte,TOMÉ-AÇÚ,ZONA RURAL
1600,804,"2019-04-22","2022-09-08","2022-12-30",2800000.0,Não,,Extração de calcário e dolomita e beneficiamento associado,ES,Sudeste,CACHOEIRO DE ITAPEMIRIM,ITAOCA
1601,0,"2018-10-17","1900-01-01","1900-01-01",0.0,Não,,Comércio atacadista de cereais e leguminosas beneficiados,MG,Sudeste,CONTAGEM,Campina Verde
1602,0,"2020-08-11","1900-01-01","1900-01-01",0.0,Não,,Pessoa Fisica,SP,Sudeste,PERUÍBE,Centro
1603,85,"2021-11-08","1900-01-01","2022-09-30",16500000,Não,,"Atividades de consultoria em gestão empresarial, exceto consultoria técnica específica",SP,Sudeste,SÃO PAULO,Pinheiros
1604,0,"1900-01-01","1900-01-01","1900-01-01",0.0,Não,,Comércio varejista de animais vivos e de artigos e alimentos para animais de estimação,GO,Centro Oeste,APARECIDA DE GOIÂNIA,Vila Brasília
1605,212,"2021-05-10","1900-01-01","1900-01-01",1.0,Não,,Sem Segmento,"","","",""
1606,0,"2018-12-14","1900-01-01","1900-01-01",0.0,Não,,Representantes comerciais e agentes do comércio de mercadorias em geral não especializado,SP,Sudeste,GUARULHOS,Vila Nova Bonsucesso
1607,179,"2021-03-08","2021-03-08","2022-10-30",10000000,Não,,Holdings de instituições não-financeiras,MT,Centro Oeste,CUIABÁ,Ribeirão da Ponte
1608,87,"2019-07-19","2019-07-01","2019-11-01",5.0,Não,,Comércio varejista de outros produtos não especificados anteriormente,SP,Sudeste,LIMEIRA,Jardim Piratininga
1609,113,"2021-05-03","1900-01-01","1900-01-01",1.0,Não,,Comércio atacadista de embalagens,"","","",""
1610,0,"2019-09-09","2019-09-23","2020-01-22",0.0,Não,,Comércio atacadista de óleos e gorduras,"","","",""
1611,0,"2019-10-21","1900-01-01","1900-01-01",0.0,Não,,Comércio varejista de outros produtos não especificados anteriormente,SP,Sudeste,SÃO PAULO,Vila Vitório Mazzei
1612,0,"1900-01-01","1900-01-01","1900-01-01",0.0,Não,,Comércio atacadista de cereais e leguminosas beneficiados,PA,Norte,REDENCAO,VILA PAULISTA
1613,440,"2020-05-27","2025-11-04","2026-01-31",20000000,Não,,"Fabricação de intermediários para plastificantes, resinas e fibras",BA,Nordeste,CAMAÇARI,Pólo Industrial de Camaçari
1614,0,"2020-08-31","1900-01-01","1900-01-01",0.0,Não,,Comercio varejista de artigos de armarinho,AC,Norte,RIO BRANCO,Conjunto Castelo Branco
1615,0,"2019-04-24","2019-04-22","2019-04-30",0.0,Não,,Comércio atacadista de carnes e derivados de outros animais,RS,Sul,PORTO ALEGRE,Auxiliadora
1616,279,"2021-03-01","2021-03-01","2021-08-31",5590000.0,Não,,Holdings de instituições não-financeiras,SP,Sudeste,SÃO PAULO,Vila Olimpia
1617,155,"2021-04-16","1900-01-01","1900-01-01",5000000.0,Não,,AGRO,"","","",""
1618,0,"2021-09-24","2022-08-03","2024-11-30",5000000.0,Não,,Instalação e manutenção elétrica,MG,Sudeste,ARAXÁ,Centro
1619,0,"2018-03-29","1900-01-01","1900-01-01",0.0,Não,,"Comércio atacadista de mercadorias em geral, com predominância de produtos alimentícios",MG,Sudeste,CAMPOS GERAIS,CENTRO
1620,0,"2018-05-07","1900-01-01","1900-01-01",0.0,Não,,Comércio atacadista de soja,SP,Sudeste,ITABERÁ,CAMBARA
1621,100,"2022-01-17","2022-04-05","2022-10-02",5500000.0,Não,,"Transporte rodoviário de carga, exceto produtos perigosos e mudanças, intermunicipal, interestadual e internacional",SP,Sudeste,CAMPINAS,Chácaras São Francisco do Aeroporto
1622,0,"2018-12-17","1900-01-01","1900-01-01",0.0,Não,,"Fabricação de aparelhos e equipamentos de medida, teste e controle",RJ,Sudeste,RIO DE JANEIRO,Barra da Tijuca
1623,179,"2021-03-08","2021-03-08","2022-10-30",10000000,Não,,Frigorífico - abate de bovinos,MT,Centro Oeste,CUIABÁ,Ribeirão da Ponte
1624,0,"2020-11-06","1900-01-01","2023-04-04",0.0,Não,,"Comércio atacadista de cereais e leguminosas beneficiados, farinhas, amidos e féculas, com atividade de fracionamento e acondicionamento associada",SP,Sudeste,PILAR DO SUL,CENTRO
1625,219,"2021-06-17","2025-10-07","2026-01-31",5500000.0,Não,,Comércio atacadista de algodão,SP,Sudeste,ARTUR NOGUEIRA,Centro
1626,219,"2021-06-01","2025-10-07","2026-01-31",5500000.0,Não,,Sem Segmento,SP,Sudeste,SAO PAULO,TATUAPE
1627,0,"2020-03-19","1900-01-01","1900-01-01",0.0,Não,,Comércio varejista de outros artigos de uso pessoal e doméstico não especificados anteriormente,SP,Sudeste,SÃO PAULO,Vila Tramontano
1628,0,"2019-07-05","2019-08-05","2019-09-05",0.0,Não,,Recuperação de materiais plásticos,SP,Sudeste,DIADEMA,Serraria
1629,181,"2021-03-08","2025-06-06","2026-01-31",40000000,Não,,Comércio atacadista de soja,MT,Centro Oeste,SORRISO,CENTRO
1630,121,"2021-07-19","1900-01-01","2022-11-30",20000000,Sim,"2024-09-02","Transporte rodoviário de carga, exceto produtos perigosos e mudanças, intermunicipal, interestadual e internacional",MT,Centro Oeste,SINOP,Área Rural de Sinop
1631,0,"2020-07-10","1900-01-01","1900-01-01",0.0,Não,,Outras atividades de ensino não especificadas anteriormente,AM,Norte,MANAUS,Armando Mendes
1632,0,"2020-02-27","2020-12-28","2021-01-27",1.0,Não,,Fabricação de produtos de carne,SP,Sudeste,VÁRZEA PAULISTA,Loteamento Olaria Parque Empresarial
1633,236,"2021-03-15","2025-04-07","2025-07-31",4000000.0,Não,,"Transporte rodoviário de carga, exceto produtos perigosos e mudanças, intermunicipal, interestadual e internacional",GO,Centro Oeste,RIO VERDE,PERIMETRO URBANO
1634,0,"2019-01-10","1900-01-01","1900-01-01",0.0,Não,,"Manutenção e reparação de tanques, reservatórios metálicos e caldeiras, exceto para veículos",BA,Nordeste,CANDEIAS,Distrito Industrial
1635,235,"2018-12-04","2021-07-27","2023-05-30",8177000.0,Não,,Serviços combinados de escritório e apoio administrativo,RJ,Sudeste,DUQUE DE CAXIAS,Vila Santa Cruz
1636,214,"2021-05-10","1900-01-01","1900-01-01",3500000.0,Não,,Comércio varejista de produtos alimentícios em geral ou especializado em produtos alimentícios não especificados anteriormente,SP,Sudeste,SÃO PAULO,Ipiranga
1637,0,"2020-12-10","1900-01-01","2022-06-30",0.0,Não,,Serviços de reboque de veículos,DF,Centro Oeste,BRASILIA,SETOR NORTE (PLANALTINA)
1638,0,"2021-11-01","2021-11-29","2022-05-28",0.0,Não,,Comércio atacadista de cereais e leguminosas beneficiados,PR,Sul,CIANORTE,Zona 03
1639,0,"2019-05-27","1900-01-01","1900-01-01",0.0,Não,,"Atividades de consultoria em gestão empresarial, exceto consultoria técnica específica","","","",""
1640,0,"1900-01-01","1900-01-01","1900-01-01",0.0,Não,,Moagem e fabricação de produtos de origem vegetal não especificados anteriormente,MG,Sudeste,CONTAGEM,SAO SEBASTIAO
1641,0,"2020-08-06","1900-01-01","1900-01-01",0.0,Não,,"Serviços de lavagem, lubrificação e polimento de veículos automotores",MG,Sudeste,CONTAGEM,Kennedy
1642,341,"2021-10-04","2021-10-04","2026-03-31",10000000,Não,,"Fabricação de máquinas e aparelhos de refrigeração e ventilação para uso industrial e comercial, peças e acessórios",RJ,Sudeste,BARRA DO PIRAÍ,Oficinas Velhas
1643,0,"2021-11-23","2025-04-28","2025-08-31",26000000,Não,,Geração de energia elétrica,AL,Nordeste,TEOTONIO VILELA,ZONA RURAL
1644,56,"2018-09-26","2019-10-17","2020-02-16",5000000.0,Não,,"Comércio atacadista de mercadorias em geral, com predominância de produtos alimentícios",DF,Centro Oeste,BRASÍLIA,Setor Habitacional Fercal (Sobradinho)
1645,179,"2021-03-08","2021-03-08","2022-10-30",10000000,Não,,Holdings de instituições não-financeiras,MT,Centro Oeste,CUIABÁ,Ribeirão da Ponte
1646,0,"2019-02-19","2019-02-18","2019-06-17",300000.0,Não,,"Fabricação de bicicletas e triciclos não-motorizados, peças e acessórios",SP,Sudeste,BOITUVA,PARQ. DAS ARVORES
1647,179,"2021-03-08","2021-03-08","2022-10-30",10000000,Não,,Representantes comerciais e agentes do comércio de matérias-primas agrícolas e animais vivos,SP,Sudeste,SÃO JOSÉ DO RIO PRETO,Vila São Pedro
1648,0,"2020-05-22","2023-02-28","2024-11-30",5000000.0,Não,,Comércio varejista de material elétrico,MG,Sudeste,UBERABA,São Benedito
1649,0,"2021-10-22","2021-11-29","2021-11-30",0.0,Sim,"2024-03-20",Preparação de subprodutos do abate,PR,Sul,SABÁUDIA,ZONA RURAL
1650,0,"2020-10-14","2020-10-13","2021-02-13",0.0,Não,,Produção de ferroligas,SP,Sudeste,PIRACICABA,Loteamento Distrito Industrial Uninorte
1651,0,"2019-11-04","1900-01-01","1900-01-01",0.0,Não,,Comércio atacadista de material elétrico,RJ,Sudeste,RIO DE JANEIRO,Anil
1652,892,"2022-01-21","2025-10-24","2025-12-31",710000000,Não,,Incorporação de empreendimentos imobiliários,SP,Sudeste,RIO CLARO,Centro
1653,0,"2021-02-01","2021-02-01","2021-02-02",0.0,Não,,Comércio atacadista de soja,MT,Centro Oeste,SORRISO,CENTRO
1654,0,"2020-07-16","1900-01-01","1900-01-01",0.0,Não,,Comércio varejista de ferragens e ferramentas,SP,Sudeste,MOGI DAS CRUZES,Jundiapeba
1655,348,"2021-11-10","2025-10-29","2026-02-28",11000000,Não,,AGRO,PR,Sul,ALVORADA DO SUL,JD MAFALDA SINIGALIA ROUTOLO
1656,216,"2021-05-25","1900-01-01","2021-11-24",1500000.0,Não,,Serviços combinados de escritório e apoio administrativo,SP,Sudeste,BAURU,VILA NOVA CIDADE UNIVERSITARIA
1657,214,"2021-05-10","1900-01-01","1900-01-01",3500000.0,Não,,Serviços combinados de escritório e apoio administrativo,SP,Sudeste,SÃO PAULO,Ipiranga
1658,0,"2020-04-08","1900-01-01","1900-01-01",0.0,Não,,Comércio atacadista de matérias-primas agrícolas não especificadas anteriormente,SP,Sudeste,CHAPADA GAUCHA,SAGRADA FAMILIA
1659,0,"2022-01-17","2022-01-17","2022-01-17",0.0,Não,,Criação de bovinos para corte,MS,Centro Oeste,NOVA ANDRADINA,CASA BRANCA
1660,892,"2022-01-21","2025-10-24","2025-12-31",710000000,Não,,Incorporação de empreendimentos imobiliários,SP,Sudeste,RIO CLARO,Centro
1661,0,"2019-08-12","2020-12-09","2020-12-10",1.0,Não,,Comércio atacadista de resíduos e sucatas metálicos,SP,Sudeste,SÃO PAULO,Barra Funda
1662,0,"2018-12-07","1900-01-01","1900-01-01",0.0,Não,,Serviços de arquitetura,BA,Nordeste,LAURO DE FREITAS,Buraquinho
1663,0,"2018-12-18","1900-01-01","1900-01-01",0.0,Não,,Comércio atacadista de matérias-primas agrícolas com atividade de fracionamento e acondicionamento associada,TO,Norte,PALMAS,Plano Diretor Sul
1664,0,"2019-09-03","1900-01-01","1900-01-01",0.0,Não,,Moagem e fabricação de produtos de origem vegetal não especificados anteriormente,MG,Sudeste,CONTAGEM,Kennedy
1665,179,"2021-03-08","2022-04-25","2022-10-30",10000000,Não,,AGRO,MT,Centro Oeste,NORTELANDIA,ZONA RURAL
1666,0,"2020-10-21","1900-01-01","1900-01-01",0.0,Não,,Comércio a varejo de peças e acessórios novos para veículos automotores,TO,Norte,GURUPI,Setor Central
1667,0,"2022-02-01","1900-01-01","1900-01-01",0.0,Não,,Locação de automóveis sem condutor,SE,Nordeste,ROSARIO DO CATETE,CENTRO
1668,0,"1900-01-01","1900-01-01","1900-01-01",1000000.0,Não,,"Fabricação de outras máquinas e equipamentos de uso geral não especificados anteriormente, peças e acessórios",SP,Sudeste,SÃO PAULO,Paraíso
1669,328,"2021-07-19","1900-01-01","1900-01-01",2800000.0,Não,,"Atividades de consultoria em gestão empresarial, exceto consultoria técnica específica","","","",""
1670,233,"2021-06-28","2022-08-15","2023-02-28",1000000.0,Não,,Holdings de instituições não-financeiras,SP,Sudeste,SÃO PAULO,Jardim Guedala
1671,0,"2019-03-25","2019-06-10","2019-10-09",2000000.0,Não,,Comércio varejista de calçados,"","","",""
1672,0,"2020-08-04","1900-01-01","1900-01-01",0.0,Não,,"Fabricação de produtos de trefilados de metal, exceto padronizados",RJ,Sudeste,NITERÓI,Ilha da Conceição
1673,127,"2020-06-01","2020-05-28","2020-09-27",1000000.0,Não,,Frigorífico - abate de suínos,SP,Sudeste,VÁRZEA GRANDE,Glória
1674,175,"2020-09-23","1900-01-01","2022-04-30",0.0,Não,,"Manutenção e reparação de máquinas, aparelhos e materiais elétricos não especificados anteriormente",GO,Centro Oeste,FORMOSA,JD CALIFORNIA
1675,0,"2019-08-22","2024-01-15","2024-06-30",20000000,Não,,"Comércio atacadista de defensivos agrícolas, adubos, fertilizantes e corretivos do solo",SC,Sul,INDAIAL,Rio Morto
1676,0,"2020-07-09","1900-01-01","1900-01-01",0.0,Não,,Serviços de engenharia,SP,Sudeste,MOGI DAS CRUZES,Centro
1677,198,"2021-03-29","1900-01-01","1900-01-01",6000000.0,Não,,Produção de ferro-gusa,"","","",""
1678,156,"2022-02-23","2022-08-09","2022-08-30",11000000,Não,,Comércio por atacado de caminhões novos e usados,PR,Sul,SÃO JOSÉ DOS PINHAIS,Ipê
1679,0,"2021-02-04","1900-01-01","2026-02-28",30000000,Não,,"Comércio atacadista de cereais e leguminosas beneficiados, farinhas, amidos e féculas, com atividade de fracionamento e acondicionamento associada",MA,Nordeste,BALSAS,ZONA RURAL
1680,255,"2021-07-19","1900-01-01","1900-01-01",1.0,Não,,Sem Segmento,"","","",""
1681,19,"2018-04-16","1900-01-01","1900-01-01",0.0,Não,,Comércio atacadista de cereais e leguminosas beneficiados,PA,Norte,JACUNDÁ,CENTRO
1682,350,"2020-10-05","2025-08-29","2026-01-31",12000000,Não,,Comércio atacadista de animais vivos,SP,Sudeste,IBIRAPITANGA,VILA OLIMPIA
1683,0,"2020-12-28","2023-07-31","2026-03-31",10000000,Não,,Atividades de apoio à agricultura não especificadas anteriormente,MG,Sudeste,UBERLÂNDIA,Custódio Pereira
1684,0,"2019-09-27","1900-01-01","1900-01-01",0.0,Não,,Serviços de engenharia,GO,Centro Oeste,CATALÃO,Setor Central
1685,179,"2021-03-08","2021-03-08","2022-10-30",10000000,Não,,Criação de bovinos para corte,BA,Nordeste,CORRENTINA,Zona Rural
1686,144,"2021-03-29","1900-01-01","1900-01-01",5000000.0,Não,,"Comércio atacadista de mercadorias em geral, sem predominância de alimentos ou de insumos agropecuários","","","",""
1687,81,"2022-01-17","1900-01-01","1900-01-01",1.0,Não,,Frigorífico - abate de bovinos,"","","",""
1688,172,"2021-01-11","2021-01-11","2022-08-01",10000000,Não,,Comércio varejista especializado de equipamentos de telefonia e comunicação,SC,Sul,JOINVILLE,DISTRITO INDUSTRIAL
1689,69,"2019-02-12","2019-02-11","2022-08-01",4000000.0,Não,,Sem Segmento,SP,Sudeste,SÃO PAULO,Vila Jaraguá
1690,0,"2020-10-23","2022-06-09","2022-11-30",1300000.0,Não,,Comércio a varejo de peças e acessórios novos para veículos automotores,GO,Centro Oeste,ITUMBIARA,Setor Santos Dumont
1691,0,"2019-11-05","2019-11-25","2019-12-25",1.0,Não,,Comércio atacadista de máquinas e equipamentos para uso industrial; partes e peças,ES,Sudeste,VITÓRIA,Santa Lúcia
1692,0,"2021-02-22","2021-02-22","2021-02-23",0.0,Não,,Fabricação de alimentos para animais,MT,Centro Oeste,SÃO JOSÉ DO RIO CLARO,ZONA RURAL
1693,0,"2021-06-17","2021-06-14","2022-09-01",1.0,Não,,Fabricação de outros produtos alimentícios não especificados anteriormente,SP,Sudeste,SÃO PAULO,Parque Anhangüera
1694,0,"2020-10-21","1900-01-01","1900-01-01",0.0,Não,,Securitização de créditos,SP,Sudeste,SÃO PAULO,Itaim Bibi
1695,120,"2020-04-14","2021-03-01","2021-06-30",1500000.0,Não,,Fabricação de produtos de panificação industrial,SP,Sudeste,JUNDIAÍ,Distrito Industrial
1696,0,"2018-11-21","1900-01-01","1900-01-01",0.0,Não,,Obras de montagem industrial,MG,Sudeste,ARAXÁ,Distrito Industrial José Honorato da Silva
1697,0,"2020-07-02","1900-01-01","1900-01-01",0.0,Não,,Comércio atacadista de resinas e elastômeros,SP,Sudeste,SÃO PAULO,perdizes
1698,0,"2021-11-18","1900-01-01","1900-01-01",0.0,Não,,Construção de edifícios,MG,Sudeste,ARAXA,CENTRO
1699,70,"2018-11-21","2019-07-01","2019-11-01",600000.0,Sim,"2022-02-21",Fabricação de peças e acessórios para o sistema de freios de veículos automotores,SP,Sudeste,SALTO,Distrito Industrial II
1700,0,"1900-01-01","2018-04-10","2018-04-10",1.0,Não,,"Fabricação de cosméticos, produtos de perfumaria e de higiene pessoal",RJ,Sudeste,NOVA IGUACU,CALIFORNIA
1701,0,"1900-01-01","2018-04-10","2018-04-10",1.0,Não,,"Fabricação de cosméticos, produtos de perfumaria e de higiene pessoal",RJ,Sudeste,NOVA IGUACU,CALIFORNIA
1702,0,"1900-01-01","2018-04-10","2018-04-10",1.0,Não,,"Fabricação de cosméticos, produtos de perfumaria e de higiene pessoal",SP,Sudeste,SAO BERNARDO DO CAMPO,CALIFORNIA
1703,361,"2020-03-12","2020-11-03","2021-05-02",1.0,Não,,Comércio atacadista de resinas e elastômeros,SP,Sudeste,SÃO BERNARDO DO CAMPO,Centro
1704,232,"2021-06-28","1900-01-01","2022-10-30",2000000.0,Não,,Serviços combinados de escritório e apoio administrativo,PR,Sul,LONDRINA,Gleba Fazenda Palhano
1705,0,"2018-05-21","2020-03-02","2020-07-01",1.0,Não,,Comércio atacadista de outros produtos químicos e petroquímicos não especificados anteriormente,"","","",""
1706,181,"2021-03-08","2021-03-08","2022-03-10",40000000,Não,,Comércio atacadista de soja,MT,Centro Oeste,SORRISO,CENTRO SUL
1707,0,"2022-01-03","1900-01-01","1900-01-01",0.0,Não,,Condomínios prediais,SP,Sudeste,BARUERI,PQ VIANA
1708,0,"2021-03-12","1900-01-01","1900-01-01",0.0,Não,,"Fabricação de tanques, reservatórios metálicos e caldeiras para aquecimento central",SP,Sudeste,PAULÍNIA,Jardim América
1709,222,"2021-10-18","1900-01-01","1900-01-01",50000000,Não,,Aluguel de imóveis próprios,RJ,Sudeste,PETRÓPOLIS,Quitandinha
1710,0,"2020-09-15","1900-01-01","2022-01-30",0.0,Não,,Fabricação de embalagens de material plástico,RJ,Sudeste,PETRÓPOLIS,Quitandinha
1711,0,"2021-09-27","2021-09-27","2022-03-25",3000000.0,Não,,Fabricação de cervejas e chopes,MG,Sudeste,FRUTAL,AREA RURAL DE FRUTAL
1712,84,"2021-03-08","1900-01-01","2022-10-10",10000000,Não,,"Locação de outros meios de transporte não especificados anteriormente, sem condutor",SP,Sudeste,SÃO PAULO,Parque Industrial Tomas Edson
1713,0,"2021-05-31","2021-05-31","2021-06-01",0.0,Não,,Fabricação de artefatos de material plástico para usos industriais,AM,Norte,MANAUS,DISTRIT INDUSTRIAL I
1714,84,"2021-03-08","1900-01-01","2022-10-10",10000000,Não,,Geração de energia elétrica,SP,Sudeste,SÃO PAULO,Parque Industrial Tomas Edson
1715,190,"2021-03-15","1900-01-01","1900-01-01",10500000,Não,,Comércio atacadista de cereais e leguminosas beneficiados,SP,Sudeste,MATÃO,Centro
1716,0,"2021-07-20","1900-01-01","1900-01-01",0.0,Não,,Comércio varejista de outros produtos não especificados anteriormente,SP,Sudeste,SANTO ANDRÉ,Jardim Santo Antônio
1717,0,"2019-11-08","1900-01-01","1900-01-01",0.0,Não,,"Atividades de consultoria em gestão empresarial, exceto consultoria técnica específica",MG,Sudeste,CONTAGEM,Campina Verde
1718,211,"2021-05-05","1900-01-01","2022-11-30",6000000.0,Não,,Loteamento de imóveis próprios,PR,Sul,FAXINAL,Faxinal
1719,0,"2022-01-27","2023-09-25","2024-01-31",75000000,Não,,"Fundos de investimento, exceto previdenciários e imobiliários",SP,Sudeste,SÃO PAULO,Itaim Bibi
1720,84,"2021-03-08","1900-01-01","2022-10-10",10000000,Não,,Holdings de instituições não-financeiras,SP,Sudeste,SÃO PAULO,Parque Industrial Tomas Edson
1721,0,"2019-12-19","1900-01-01","1900-01-01",0.0,Não,,Comércio varejista de produtos alimentícios em geral ou especializado em produtos alimentícios não especificados anteriormente,SP,Sudeste,SÃO PAULO,Vila Minerva
1722,233,"2021-06-28","2022-08-15","2023-02-28",1000000.0,Não,,"Fabricação de máquinas e equipamentos para a agricultura e pecuária, peças e acessórios, exceto para irrigação",SP,Sudeste,IRACEMÁPOLIS, PARK EMPRESARIAL
1723,99,"2019-11-26","2019-11-11","2020-03-10",600000.0,Não,,Comércio atacadista de cosméticos e produtos de perfumaria,SP,Sudeste,SANTANA DE PARNAÍBA,Tamboré
1724,0,"2021-10-14","1900-01-01","1900-01-01",0.0,Não,,Representantes comerciais e agentes do comércio de matérias-primas agrícolas e animais vivos,SC,Sul,JOINVILLE,FLORESTA
1725,355,"2021-12-20","1900-01-01","2022-12-30",6000000.0,Não,,Sem Segmento,SP,Sudeste,SÃO PAULO,Parque Industrial Tomas Edson
1726,0,"2021-01-26","2021-01-26","2021-01-27",0.0,Não,,Fabricação de artefatos de material plástico para usos industriais,SP,Sudeste,LIMEIRA,Vila Claudia
1727,204,"2021-04-12","1900-01-01","1900-01-01",3000000.0,Não,,Serviços combinados de escritório e apoio administrativo,MG,Sudeste,PASSOS,Serra das Brisas
1728,362,"2021-03-10","1900-01-01","1900-01-01",1.0,Não,,"Aluguel de outras máquinas e equipamentos comerciais e industriais não especificados anteriormente, sem operador","","","",""
1729,0,"2021-08-19","1900-01-01","1900-01-01",0.0,Não,,"Atividades de consultoria em gestão empresarial, exceto consultoria técnica específica",SP,Sudeste,SÃO PAULO,Jardim Paulistano
1730,343,"2020-08-27","1900-01-01","2026-03-31",5000000.0,Não,,"Transporte rodoviário de carga, exceto produtos perigosos e mudanças, intermunicipal, interestadual e internacional",MT,Centro Oeste,SORRISO,Industrial e Comercial Eldorado - 1ª Etapa
1731,0,"2021-04-23","1900-01-01","1900-01-01",0.0,Não,,"Fundos de investimento, exceto previdenciários e imobiliários",SP,Sudeste,SAO PAULO,Jardim Paulistano
1732,0,"2022-01-25","2022-01-24","2022-01-24",0.0,Não,,Recuperação de materiais plásticos,"","","",""
1733,213,"2021-05-10","1900-01-01","1900-01-01",3000000.0,Não,,Corretoras de contratos de mercadorias,SP,Sudeste,SÃO PAULO,Jardim das Pedras
1734,195,"2021-03-22","1900-01-01","2022-08-30",15500000,Não,,Comércio atacadista de café em grão,ES,Sudeste,COLATINA,Vila Amélia
1735,212,"2021-05-10","1900-01-01","1900-01-01",1.0,Não,,"Atividades de consultoria em gestão empresarial, exceto consultoria técnica específica","","","",""
1736,181,"2021-03-08","1900-01-01","2022-03-10",40000000,Não,,Comércio atacadista de cimento,MT,Centro Oeste,SORRISO,Jardim das Américas
1737,362,"2021-03-10","1900-01-01","1900-01-01",1.0,Não,,Fabricação de artefatos de material plástico para outros usos não especificados anteriormente,SP,Sudeste,DIADEMA,CASA GRANDE
1738,348,"2021-11-10","2025-10-29","2026-02-28",11000000,Não,,AGRO,PR,Sul,SERTANOPOLIS,PARQUE INDUSTRIAL
1739,232,"2021-06-28","1900-01-01","2022-10-30",2000000.0,Não,,"Atividades de consultoria em gestão empresarial, exceto consultoria técnica específica",PR,Sul,LONDRINA,Condomínio Royal Golf Residence
1740,348,"2021-11-10","2025-10-29","2026-02-28",11000000,Não,,"Comércio atacadista de defensivos agrícolas, adubos, fertilizantes e corretivos do solo",PR,Sul,NOVA FATIMA,CENTRO
1741,0,"2021-03-11","2023-05-02","2025-11-27",5000000.0,Não,,"Portais, provedores de conteúdo e outros serviços de informação na internet",RS,Sul,SANTA CRUZ DO SUL,Centro
1742,0,"2019-11-28","2019-11-28","2020-03-27",15000000,Não,,Comércio atacadista de cereais e leguminosas beneficiados,PA,Norte,MOCAJUBA,CENTRO
1743,0,"2019-07-16","1900-01-01","1900-01-01",0.0,Não,,Comércio atacadista de cereais e leguminosas beneficiados,TO,Norte,PALMAS,Plano Diretor Sul
1744,0,"2022-02-16","2022-09-12","2023-03-31",150000.0,Não,,"Serviços de lavagem, lubrificação e polimento de veículos automotores",MS,Centro Oeste,TRES LAGOAS,CHACARA IMPERIAL
1745,0,"2020-09-22","1900-01-01","1900-01-01",0.0,Não,,Comércio varejista de outros produtos não especificados anteriormente,SP,Sudeste,SANTOS,Centro
1746,0,"2020-06-17","1900-01-01","1900-01-01",0.0,Não,,"Comércio atacadista de defensivos agrícolas, adubos, fertilizantes e corretivos do solo",PR,Sul,CURITIBA,Santa Felicidade
1747,103,"2020-01-21","2020-04-28","2022-10-31",15000000,Não,,Comércio atacadista de matérias-primas agrícolas não especificadas anteriormente,SP,Sudeste,CATANDUVA,Higienópolis
1748,0,"2021-07-22","2023-08-11","2025-12-31",40000000,Não,,Comércio atacadista de cereais e leguminosas beneficiados,BA,Nordeste,LUIS EDUARDO GUIMARÃES,ZONA RURAL
1749,0,"2020-11-10","2025-09-05","2026-02-28",100000000,Não,,Fabricação de produtos do refino de petróleo,RJ,Sudeste,RIO DE JANEIRO,Centro
1750,0,"2021-08-02","2021-08-02","2022-02-01",1.0,Não,,Produção de tubos de aço com costura,RJ,Sudeste,RIO DE JANEIRO - RJ,PAVUNA
1751,224,"2021-05-31","2022-10-31","2023-01-31",2400000.0,Não,,UTI móvel,SP,Sudeste,SÃO PAULO,Parque Industrial Tomas Edson
1752,0,"2022-02-15","1900-01-01","2023-01-04",0.0,Não,,Atividades de cobrança e informações cadastrais,SP,Sudeste,SANTANA DE PARNAÍBA,Alphaville
1753,213,"2021-05-10","1900-01-01","1900-01-01",3000000.0,Não,,Sem Segmento,SP,Sudeste,SÃO PAULO,Jardim das Pedras
1754,339,"2021-09-29","2022-03-28","2022-09-30",19000000,Não,,Cultivo de café,SP,Sudeste,GARÇA,rural
1755,0,"2021-11-19","2022-11-16","2026-01-31",5000000.0,Não,,Serviços de manutenção e reparação mecânica de veículos automotores,SP,Sudeste,REGISTRO,VILA TUPY
1756,348,"2021-11-10","2025-10-29","2026-02-28",11000000,Não,,AGRO,PR,Sul,ANDIRA,AREA INDUSTRIAL
1757,0,"2021-05-25","2022-05-04","2022-10-30",900000.0,Não,,Fornecimento de alimentos preparados preponderantemente para empresas,GO,Centro Oeste,FORMOSA,Setor Sul
1758,0,"2021-12-27","2021-12-27","2021-12-27",0.0,Não,,Sem Segmento,RJ,Sudeste,RIO DE JANEIRO,Vicente de Carvalho
1759,0,"2020-05-25","1900-01-01","1900-01-01",0.0,Não,,Comércio atacadista de cereais e leguminosas beneficiados,GO,Centro Oeste,GOIÂNIA,Setor Bueno
1760,205,"2021-04-13","1900-01-01","2022-12-30",20000000,Não,,Aluguel de imóveis próprios,SP,Sudeste,SÃO PAULO,Parque Industrial Tomas Edson
1761,0,"2022-02-01","2022-01-31","2022-01-31",0.0,Não,,Extração de minério de ferro,"","","",""
1762,0,"2021-06-01","1900-01-01","1900-01-01",0.0,Não,,Fabricação de embalagens de papel,GO,Centro Oeste,GOIÂNIA,Santa Genoveva
1763,0,"2020-09-17","1900-01-01","1900-01-01",0.0,Não,,Treinamento em desenvolvimento profissional e gerencial,RJ,Sudeste,RESENDE,Jardim do Sol
1764,0,"2021-09-20","2021-09-20","2021-09-21",0.0,Não,,"Clubes sociais, esportivos e similares",RJ,Sudeste,RIO DE JANEIRO,Vasco da Gama
1765,259,"2021-01-15","2021-02-22","2021-08-21",1.0,Não,,"Clubes sociais, esportivos e similares",RJ,Sudeste,RIO DE JANEIRO,Lagoa
1766,239,"2020-12-10","2021-01-11","2021-06-10",1000000.0,Não,,"Clubes sociais, esportivos e similares",RJ,Sudeste,RIO DE JANEIRO,Padre Miguel
1767,0,"2019-07-30","1900-01-01","1900-01-01",0.0,Não,,Representantes comerciais e agentes do comércio de matérias-primas agrícolas e animais vivos,MG,Sudeste,PIMENTA,CENTRO
1768,0,"2019-09-20","2023-10-27","2024-03-31",100000000,Não,,"Fundos de investimento, exceto previdenciários e imobiliários",SP,Sudeste,SÃO PAULO,Itaim Bibi
1769,0,"2020-08-15","2020-08-17","2020-12-16",20000000,Não,,Serviços de assistência social sem alojamento,SP,Sudeste,SÃO PAULO,Bom Retiro
1770,222,"2020-11-24","2025-08-18","2026-01-31",50000000,Não,,Fabricação de intermediários para fertilizantes,MG,Sudeste,UBERABA,DISTRITO INDUSTRIAL III
1771,181,"2021-03-08","1900-01-01","2022-03-10",40000000,Não,,"Transporte rodoviário de carga, exceto produtos perigosos e mudanças, intermunicipal, interestadual e internacional",MT,Centro Oeste,LUCAS DO RIO VERDE,industrial
1772,203,"2020-12-21","2021-04-05","2021-04-06",0.0,Não,,Comércio atacadista especializado de materiais de construção não especificados anteriormente,SP,Sudeste,BARUERI,Chácaras Marco
1773,144,"2021-03-29","1900-01-01","1900-01-01",5000000.0,Não,,"Comércio varejista de produtos farmacêuticos, com manipulação de fórmulas","","","",""
1774,348,"2021-11-10","2025-10-29","2026-02-28",11000000,Não,,AGRO,PR,Sul,CORNELIO PROCOPIO,VILA GALEANO
1775,0,"2021-09-27","2021-09-27","2022-03-25",0.0,Não,,Comércio atacadista de roupas e acessórios para uso profissional e de segurança do trabalho,PR,Sul,CAMBARÁ,""
1776,169,"2020-11-10","2021-09-20","2021-09-21",1.0,Não,,Moagem de trigo e fabricação de derivados,GO,Centro Oeste,GOIANIA,FAZENDA SANTA RITA
1777,169,"2020-12-10","2020-12-07","2021-06-06",1.0,Não,,"Comércio atacadista de farinhas, amidos e féculas",DF,Centro Oeste,APARECIDA DE GOIÂNIA,Setor Placa da Mercedes (Núcleo Bandeirante)
1778,169,"2020-12-10","2020-12-07","2021-06-06",1.0,Não,,Moagem de trigo e fabricação de derivados,AL,Nordeste,APARECIDA DE GOIÂNIA,Poço
1779,0,"2019-08-27","1900-01-01","1900-01-01",0.0,Não,,"Comércio atacadista de produtos alimentícios em geral, com atividade de fracionamento e acondicionamento associada",MG,Sudeste,BURITIS,BURITIS
1780,1053,"2021-09-09","2025-02-27","2025-07-31",700000000,Não,,Outras atividades de serviços financeiros não especificadas anteriormente,SP,Sudeste,SÃO PAULO,Bela Vista
1781,232,"2021-06-28","1900-01-01","2022-10-30",2000000.0,Não,,"Tratamento de dados, provedores de serviços de aplicação e serviços de hospedagem na internet",PR,Sul,LONDRINA,Gleba Fazenda Palhano
1782,0,"2020-12-16","2023-03-03","2026-03-31",10000000,Não,,Atividades de apoio à agricultura não especificadas anteriormente,GO,Centro Oeste,FORMOSA,Parque Lago
1783,144,"2021-03-29","1900-01-01","1900-01-01",5000000.0,Não,,Comércio atacadista de embalagens,"","","",""
1784,331,"2021-08-02","1900-01-01","1900-01-01",10000000,Não,,"Transporte rodoviário de carga, exceto produtos perigosos e mudanças, municipal",PR,Sul,MARINGÁ,Zona 05
1785,0,"2020-03-03","1900-01-01","1900-01-01",0.0,Não,,Comércio atacadista de cereais e leguminosas beneficiados,MG,Sudeste,BELO HORIZONTE,Inconfidência
1786,0,"2019-09-13","1900-01-01","1900-01-01",0.0,Não,,Moagem e fabricação de produtos de origem vegetal não especificados anteriormente,MG,Sudeste,ITAÚ DE MINAS,JARDIM DOS IPES
1787,0,"2020-12-23","2021-01-11","2021-01-12",0.0,Não,,Organização logística do transporte de carga,RJ,Sudeste,TRÊS RIOS,Centro
1788,0,"2021-04-14","1900-01-01","1900-01-01",0.0,Não,,"Fundos de investimento, exceto previdenciários e imobiliários",SP,Sudeste,SÃO PAULO,Itaim Bibi
1789,0,"2020-11-10","1900-01-01","1900-01-01",0.0,Não,,Fabricação de alimentos para animais,PI,Nordeste,BOM JESUS,ZONA RURAL
1790,0,"2020-04-17","2020-04-16","2020-08-15",10.0,Não,,Comércio atacadista de máquinas e equipamentos para uso industrial; partes e peças,SP,Sudeste,SÃO PAULO,Jardim Andaraí
1791,327,"2021-07-08","2025-05-28","2025-09-30",20000000,Não,,Comércio atacadista de soja,PR,Sul,CASCAVEL,Universitário
1792,146,"2020-09-21","2020-09-21","2021-01-20",3000000.0,Não,,Comércio atacadista de outros produtos químicos e petroquímicos não especificados anteriormente,SP,Sudeste,GUARULHOS,Jardim Nossa Senhora Aparecida
1793,0,"2021-11-11","2023-09-15","2024-11-30",30000000,Não,,Comércio atacadista de cereais e leguminosas beneficiados,TO,Norte,PEIXE,CENTRO
1794,214,"2021-05-10","1900-01-01","1900-01-01",3500000.0,Não,,Treinamento em desenvolvimento profissional e gerencial,SP,Sudeste,SÃO PAULO,Ipiranga
1795,143,"2020-09-17","2020-09-14","2021-01-13",600000.0,Não,,Comércio atacadista especializado em outros produtos intermediários não especificados anteriormente,AC,Norte,GUARULHOS,Vila Carmela I
1796,0,"2019-11-07","2019-11-25","2019-12-25",1.0,Não,,Aluguel de imóveis próprios,SP,Sudeste,CAMPINAS,Cidade Universitária
1797,0,"2019-11-11","1900-01-01","1900-01-01",0.0,Não,,"Comércio atacadista de cereais e leguminosas beneficiados, farinhas, amidos e féculas, com atividade de fracionamento e acondicionamento associada",BA,Nordeste,RODA VELHA (SÃO DESIDÉRIO),RODA VELHA
1798,0,"2021-05-04","1900-01-01","1900-01-01",0.0,Não,,Sem Segmento,"","","",""
1799,0,"2021-11-16","2023-07-07","2023-12-31",1000000.0,Não,,Serviços,PR,Sul,CURITIBA,Hauer
1800,139,"2020-09-01","2020-12-21","2021-06-20",15000000,Não,,Holdings de instituições não-financeiras,SP,Sudeste,SÃO PAULO,Jardim América
1801,139,"2020-11-19","2022-01-17","2022-01-17",15000000,Não,,Frigorífico - abate de bovinos,MT,Centro Oeste,NOVA XAVANTINA,ZONA RURAL
1802,139,"2020-11-19","1900-01-01","1900-01-01",15000000,Não,,Frigorífico - abate de bovinos,GO,Centro Oeste,PIRENÓPOLIS,ZONA RURAL
1803,0,"2020-05-29","1900-01-01","1900-01-01",0.0,Não,,Comércio atacadista de alimentos para animais,GO,Centro Oeste,ITUMBIARA,Setor Novo Horizonte
1804,218,"2021-05-25","1900-01-01","2022-05-18",1.0,Não,,Comércio atacadista de leite e laticínios,CE,Nordeste,FORTALEZA,Centro
1805,0,"2020-04-30","1900-01-01","1900-01-01",0.0,Não,,Comércio atacadista de cereais e leguminosas beneficiados,GO,Centro Oeste,GOIÂNIA,Residencial Vereda dos Buritis
1806,173,"2020-06-24","2025-08-08","2025-11-30",3000000.0,Não,,Representantes comerciais e agentes do comércio de matérias-primas agrícolas e animais vivos,TO,Norte,PALMAS,Plano Diretor Sul
1807,0,"2021-10-04","2021-10-04","2021-10-05",1.0,Não,,Sem Segmento,MA,Nordeste,BALSAS,""
1808,212,"2021-05-10","1900-01-01","1900-01-01",1.0,Não,,Representantes comerciais e agentes do comércio de mercadorias em geral não especializado,"","","",""
1809,350,"2021-11-30","1900-01-01","2022-10-30",12000000,Não,,Holdings de instituições não-financeiras,SP,Sudeste,ESPÍRITO SANTO DO PINHAL,Centro
1810,0,"2021-05-28","1900-01-01","1900-01-01",0.0,Não,,Fabricação de ferramentas,SP,Sudeste,ITU,São Luiz
1811,0,"2021-01-11","2021-01-11","2021-01-12",0.0,Não,,"Atividades de consultoria em gestão empresarial, exceto consultoria técnica específica",SP,Sudeste,SÃO PAULO,Jardim São Luís
1812,0,"2020-03-04","1900-01-01","1900-01-01",0.0,Não,,Comércio atacadista de soja,MA,Nordeste,RIACHÃO,CENTRO
1813,157,"2020-12-17","2023-07-31","2026-01-31",5500000.0,Não,,Manutenção e reparação de máquinas e equipamentos para agricultura e pecuária,DF,Centro Oeste,BRASÍLIA,Área Rural de Planaltina
1814,181,"2021-03-08","1900-01-01","2022-03-10",40000000,Não,,"Comércio atacadista de defensivos agrícolas, adubos, fertilizantes e corretivos do solo",SP,Sudeste,SÃO PAULO,Bela Vista
1815,0,"2020-06-01","2020-05-28","2020-09-27",280000.0,Não,,Desenvolvimento e licenciamento de programas de computador customizáveis,SP,Sudeste,SÃO PAULO,Jardim Europa
1816,235,"2020-05-18","2025-10-30","2026-02-28",8177000.0,Não,,Comércio atacadista de cereais e leguminosas beneficiados,MA,Nordeste,PORTO FRANCO,ENTRONCAMENTO
1817,0,"2020-10-29","2023-11-07","2024-04-30",5000000.0,Não,,Cultivo de soja,MA,Nordeste,AÇAILÂNDIA,ZONA RURAL
1818,203,"2021-04-12","1900-01-01","1900-01-01",0.0,Não,,Preparação de documentos e serviços especializados de apoio administrativo não especificados anteriormente,SP,Sudeste,BARUERI,Alphaville Comercial
1819,0,"2020-08-13","1900-01-01","1900-01-01",0.0,Não,,Construção de edifícios,BA,Nordeste,CAMAÇARI,GLEBA B
1820,85,"2021-11-08","1900-01-01","2022-09-30",16500000,Não,,Sem Segmento,MT,Centro Oeste,SORRISO,Centro
1821,395,"2021-01-15","2023-02-15","2025-11-30",5000000.0,Não,,Fornecimento de alimentos preparados preponderantemente para empresas,TO,Norte,PALMAS,Plano Diretor Sul
1822,0,"2021-02-11","2023-03-15","2023-09-11",20000000,Não,,Comércio atacadista de matérias-primas agrícolas não especificadas anteriormente,GO,Centro Oeste,CRISTALINA,ZONA RURAL
1823,307,"2021-03-18","2021-03-15","2021-09-14",0.0,Não,,Corretagem no aluguel de imóveis,"","","",""
1824,0,"2021-04-28","1900-01-01","1900-01-01",0.0,Não,,"Fundos de investimento, exceto previdenciários e imobiliários",BA,Sudeste,ITAQUARA,ITAIM BIBI
1825,0,"2020-07-27","1900-01-01","1900-01-01",0.0,Não,,Comércio atacadista de cereais e leguminosas beneficiados,PI,Nordeste,CRISTINO CASTRO,CENTRO
1826,0,"2022-02-10","2022-03-21","2022-09-17",0.0,Sim,"2022-03-07",AGRO,GO,Centro Oeste,ANÁPOLIS,Distrito Agroindustrial de Anápolis
1827,831,"2021-09-08","2025-10-03","2025-12-31",2700000.0,Sim,"2023-10-04",Frigorífico - abate de bovinos,GO,Centro Oeste,GOIANIRA,Área Rural
1828,0,"2021-08-10","2023-12-05","2024-05-31",50000000,Não,,Outras atividades de serviços financeiros não especificadas anteriormente,SP,Sudeste,SÃO PAULO,Itaim Bibi
1829,401,"2021-11-11","2022-05-18","2026-01-31",5000000.0,Não,,Manutenção e reparação de máquinas e equipamentos para uso geral não especificados anteriormente,GO,Centro Oeste,FORMOSA,Parque Vila Verde
1830,0,"2021-05-21","1900-01-01","1900-01-01",0.0,Não,,Compra e venda de imóveis próprios,SP,Sudeste,SAO PAULO,VILA OLIMPIA
1831,282,"2020-11-03","2020-11-16","2021-11-19",300000.0,Não,,Incorporação de empreendimentos imobiliários,SP,Sudeste,SÃO PAULO,Jardim Paulista
1832,0,"2020-09-18","1900-01-01","1900-01-01",0.0,Não,,Holdings de instituições não-financeiras,SP,Sudeste,SÃO PAULO,Bela Vista
1833,0,"2021-02-05","1900-01-01","1900-01-01",0.0,Não,,Comércio atacadista de cereais e leguminosas beneficiados,SP,Sudeste,SAO PAULO,CERQUEIRA CESAR
1834,0,"2020-09-21","1900-01-01","1900-01-01",0.0,Não,,Comércio atacadista de cereais e leguminosas beneficiados,MG,Sudeste,CONTAGEM,Santa Terezinha
1835,282,"2020-09-24","2020-11-23","2021-05-22",300000.0,Não,,Construção de edifícios,TO,Norte,ARAGUAINA,LOTEAMENTO LAGO SUL
1836,1,"2020-09-22","2025-11-03","2026-03-31",450000000,Não,,"Fabricação de óleos vegetais em bruto, exceto óleo de milho",SP,Sudeste,ORLÂNDIA,JARDIM TEIXEIRA
1837,0,"2021-07-13","2023-02-14","2023-08-31",700000.0,Não,,Instalação de máquinas e equipamentos industriais,GO,Centro Oeste,ITUMBIARA,Setor Santa Rita
1838,342,"2021-09-22","2021-08-09","2022-02-08",2000000.0,Não,,AGRO,PR,Sul,TOLEDO,DISTRITO OURO PRETO
1839,240,"2021-04-12","2025-10-21","2026-02-28",43000000,Não,,Armazéns gerais - emissão de warrant,SP,Sudeste,CUBATÃO,Jardim das Indústrias
1840,235,"2021-07-27","2022-09-21","2023-05-30",8177000.0,Não,,Comércio atacadista de matérias-primas agrícolas com atividade de fracionamento e acondicionamento associada,SC,Sul,ITAJAÍ,São João
1841,0,"2020-08-25","1900-01-01","1900-01-01",0.0,Não,,Fabricação de artefatos de material plástico para usos industriais,SP,Sudeste,RIBEIRÃO PRETO,Vila Elisa
1842,0,"2019-04-24","2019-04-22","2019-08-21",1.0,Não,,Fabricação de outros produtos químicos inorgânicos não especificados anteriormente,SP,Sudeste,MOGI GUAÇU,Jardim Santa Terezinha
1843,96,"2021-05-17","1900-01-01","1900-01-01",1.0,Não,,Armazéns gerais - emissão de warrant,"","","",""
1844,212,"2021-05-10","1900-01-01","1900-01-01",1.0,Não,,Sem Segmento,"","","",""
1845,0,"2022-02-15","1900-01-01","2022-08-30",0.0,Não,,Outras atividades de serviços prestados principalmente às empresas não especificadas anteriormente,SP,Sudeste,SAO PAULO,PINHEIROS
1846,0,"2021-11-11","2022-05-19","2022-11-30",5000000.0,Não,,Comércio atacadista de máquinas e equipamentos para uso industrial; partes e peças,RJ,Sudeste,RIO DE JANEIRO,SAO CRISTOVAO
1847,0,"2022-02-01","1900-01-01","2022-04-30",0.0,Não,,"Comércio atacadista de mercadorias em geral, sem predominância de alimentos ou de insumos agropecuários",SC,Sul,PALMA SOLA,DISTRITO DE RENE DAMO
1848,214,"2019-02-19","2025-08-01","2025-10-31",3500000.0,Não,,Comércio atacadista especializado em outros produtos intermediários não especificados anteriormente,ES,Sudeste,SERRA,TIMS
1849,69,"2021-03-08","1900-01-01","2022-08-01",4000000.0,Não,,Holdings de instituições não-financeiras,SP,Sudeste,SÃO PAULO,Brooklin Paulista
1850,69,"2021-03-08","1900-01-01","2022-08-01",4000000.0,Não,,Holdings de instituições não-financeiras,SP,Sudeste,SÃO PAULO,Brooklin Paulista
1851,0,"2021-06-10","1900-01-01","1900-01-01",0.0,Não,,Sem Segmento,TO,Norte,MIRANORTE,CENTRO
1852,0,"2021-03-03","1900-01-01","1900-01-01",0.0,Não,,Comércio varejista de produtos alimentícios em geral ou especializado em produtos alimentícios não especificados anteriormente,SP,Sudeste,SÃO PAULO,Sé
1853,0,"1900-01-01","2018-04-10","2018-04-10",1.0,Não,,Comércio varejista especializado de equipamentos e suprimentos de informática,SP,Sudeste,SAO BERNARDO DO CAMPO,LAGOA
1854,0,"2020-08-17","1900-01-01","1900-01-01",0.0,Não,,"Comércio atacadista de produtos siderúrgicos e metalúrgicos, exceto para construção",RJ,Sudeste,ITABORAÍ,Centro
1855,272,"2021-05-27","2021-05-25","2021-11-24",8500000.0,Não,,Transporte,SP,Sudeste,SÃO PAULO,Jardim Europa
1856,0,"2019-08-26","1900-01-01","1900-01-01",0.0,Não,,Carga e descarga,PE,Nordeste,RECIFE,Afogados
1857,218,"2022-01-17","1900-01-01","2022-05-18",1.0,Não,,Comércio varejista especializado de equipamentos e suprimentos de informática,CE,Nordeste,FORTALEZA,Centro
1858,0,"2021-04-19","1900-01-01","1900-01-01",0.0,Não,,Compra e venda de imóveis próprios,SP,Sudeste,SÃO PAULO,Bela Vista
1859,0,"2021-05-04","1900-01-01","1900-01-01",0.0,Não,,Holdings de instituições financeiras,"","","",""
1860,0,"2021-11-19","1900-01-01","1900-01-01",0.0,Não,,Sem Segmento,SP,Sudeste,SOROCABA,Centro
1861,0,"2020-03-13","1900-01-01","1900-01-01",0.0,Não,,Fabricação de outras peças e acessórios para veículos automotores não especificadas anteriormente,MG,Sudeste,BETIM,São Caetano
1862,35,"2018-09-04","2018-09-03","2019-01-02",2000000.0,Não,,Beneficiamento de arroz,MG,Sudeste,UBERABA,Jardim Maracanã
1863,225,"2021-06-02","1900-01-01","1900-01-01",0.0,Não,,"Fabricação de fios, cabos e condutores elétricos isolados","","","",""
1864,0,"2020-01-13","1900-01-01","1900-01-01",0.0,Não,,Comércio por atacado de peças e acessórios novos para veículos automotores,BA,Nordeste,SIMÕES FILHO,""
1865,0,"2022-01-17","2022-01-17","2022-01-17",0.0,Não,,Planos de saúde,RJ,Sudeste,RIO DE JANEIRO,Barra da Tijuca
1866,0,"2021-08-02","2021-08-02","2022-02-01",1.0,Não,,Produção de tubos de aço com costura,SP,Sudeste,RIO DE JANEIRO - RJ,BARRA DA TIJUCA
1867,250,"2021-03-01","2021-03-01","2021-06-30",500000.0,Não,,"Fabricação de artefatos de material plástico para uso na construção, exceto tubos e acessórios",SC,Sul,JOINVILLE,Boa Vista
1868,0,"2019-11-04","2019-11-18","2023-01-01",25000000,Não,,"Extração de minérios de cobre, chumbo, zinco e outros minerais metálicos não-ferrosos não especificados anteriormente",BA,Nordeste,JAGUARARI,SEDE
1869,0,"2021-01-15","1900-01-01","1900-01-01",0.0,Não,,"Fabricação de outras máquinas e equipamentos de uso geral não especificados anteriormente, peças e acessórios",MG,Sudeste,LAGOA SANTA,FAZENDA LAPA VERMELH
1870,196,"2022-02-08","2022-02-08","2022-11-30",5000000.0,Não,,Preparação de massa de concreto e argamassa para construção,SP,Sudeste,SAO PAULO,CAMBUCI
1871,0,"2021-02-18","1900-01-01","1900-01-01",0.0,Não,,"Transporte rodoviário de carga, exceto produtos perigosos e mudanças, intermunicipal, interestadual e internacional",RS,Sul,CAXIAS DO SUL,Pioneiro
1872,0,"2018-07-11","2024-12-19","2025-04-30",1000000.0,Não,,Fabricação de outros produtos químicos não especificados anteriormente,SP,Sudeste,JANDIRA,Jardim Alvorada
1873,355,"2020-03-10","2025-01-13","2025-05-31",6000000.0,Não,,"Fabricação de tecidos especiais, inclusive artefatos",SP,Sudeste,NOVA ODESSA,Parque Industrial Recanto
1874,0,"2019-12-17","2019-12-16","2020-01-15",1.0,Não,,"Fabricação de máquinas e equipamentos para a indústria do plástico, peças e acessórios",SP,Sudeste,AMERICANA,SÃO VITO
1875,96,"2021-05-17","1900-01-01","1900-01-01",1.0,Não,,Armazéns gerais - emissão de warrant,"","","",""
1876,211,"2021-05-05","2023-01-27","2023-04-30",6000000.0,Não,,"Transporte rodoviário de carga, exceto produtos perigosos e mudanças, intermunicipal, interestadual e internacional",SP,Sudeste,SÃO PAULO,Jardim das Pedras
1877,351,"2021-06-07","2025-09-19","2026-01-31",10026000,Não,,Comércio varejista de artigos de papelaria,SP,Sudeste,SAO PAULO,MOOCA
1878,49,"2018-10-30","2019-08-12","2019-12-11",600000.0,Não,,Fabricação de artefatos de borracha não especificados anteriormente,SP,Sudeste,LEME,Jardim do Bosque
1879,0,"2019-04-01","2020-04-01","2020-05-01",1.0,Não,,Fabricação de outros produtos têxteis não especificados anteriormente,SP,Sudeste,SÃO PAULO,Bom Retiro
1880,41,"2018-09-17","2020-12-07","2021-06-06",1.0,Não,,Fabricação de embalagens de material plástico,SP,Sudeste,SÃO PAULO,Casa Verde Média
1881,0,"2021-07-27","2021-07-27","2022-01-26",0.0,Não,,Fabricação de álcool,SP,Sudeste,MARAPOAMA,""
1882,0,"2018-12-12","2023-03-13","2023-09-09",7000000.0,Não,,Comércio atacadista de máquinas e equipamentos para uso industrial; partes e peças,SP,Sudeste,COTIA,Parque Rincão
1883,130,"2020-03-09","2020-06-05","2020-10-04",2000000.0,Não,,Fabricação de produtos derivados do cacau e de chocolates,SP,Sudeste,SAO PAULO,VILA ERNA
1884,0,"1900-01-01","2018-08-27","2018-08-28",1.0,Não,,Fabricação de outros produtos químicos não especificados anteriormente,SP,Sudeste,SAO BERNARDO DO CAMPO,BAIRRO DOS PEDROSOS
1885,0,"2021-10-04","2021-10-04","2021-10-05",1.0,Não,,Sem Segmento,MA,Nordeste,BALSAS,""
1886,0,"1900-01-01","1900-01-01","1900-01-01",0.0,Não,,"Alvejamento, tingimento e torção em fios, tecidos, artefatos têxteis e peças do vestuário",SP,Sudeste,SAO PAULO,BOM RETIRO
1887,413,"2019-08-07","2022-06-01","2022-11-30",6000000.0,Não,,"Aluguel de máquinas e equipamentos para construção sem operador, exceto andaimes",SP,Sudeste,SÃO PAULO,Pinheiros
1888,413,"2021-10-27","2022-06-01","2022-11-30",6000000.0,Não,,"Aluguel de máquinas e equipamentos para construção sem operador, exceto andaimes",SP,Sudeste,CAJATI,CENTRO
1889,96,"2021-05-17","1900-01-01","1900-01-01",1.0,Não,,"Corretores e agentes de seguros, de planos de previdência complementar e de saúde","","","",""
1890,53,"2018-11-26","2019-01-28","2019-05-27",500000.0,Não,,"Fabricação de óleos vegetais refinados, exceto óleo de milho",SP,Sudeste,BARUERI,Jardim dos Camargos
1891,0,"2020-03-06","2025-01-23","2025-04-30",615000.0,Não,"2024-05-20",Fabricação de adesivos e selantes,RS,Sul,CAMPO BOM,INDUSTRIAL
1892,0,"2020-02-26","2020-04-01","2020-05-01",0.0,Não,,Fabricação de açúcar em bruto,SP,Sudeste,ITAPETININGA,Vila Mazzei
1893,0,"2022-01-19","1900-01-01","1900-01-01",0.0,Não,,Holdings de instituições não-financeiras,"","","",""
1894,265,"2021-11-03","1900-01-01","1900-01-01",1.0,Não,,Aluguel de imóveis próprios,"","","",""
1895,0,"2018-12-26","2022-09-19","2023-03-31",15000000,Não,,"Fabricação de máquinas e equipamentos para a agricultura e pecuária, peças e acessórios, exceto para irrigação",SP,Sudeste,BATATAIS,Riachuelo
1896,0,"2022-01-20","1900-01-01","1900-01-01",0.0,Não,,Serviços combinados de escritório e apoio administrativo,SP,Sudeste,SOROCABA,Centro
1897,116,"2020-03-10","2020-07-13","2020-11-12",1000000.0,Não,,Fabricação de chapas e de embalagens de papelão ondulado,SP,Sudeste,ESTIVA GERBI,centro
1898,333,"2021-08-10","2025-08-11","2025-11-30",440000000,Sim,"2024-01-03",Cultivo de cana-de-açúcar,SP,Norte,RIO DAS PEDRAS,Rural
1899,37,"2018-08-14","2021-03-22","2021-09-21",1700000.0,Sim,"2022-02-21",Produção de ferroligas,SP,Sudeste,PIRACICABA,Santa Terezinha
1900,0,"2021-10-18","2025-03-28","2025-07-31",5700000.0,Não,,"Fabricação de compressores para uso não-industrial, peças e acessórios",SP,Sudeste,SÃO CARLOS,Vila Izabel
1901,0,"2018-11-12","2019-06-17","2019-10-16",500000.0,Não,,Fabricação de tênis de qualquer material,SP,Sudeste,BIRIGUI,Chácaras Caiçaras
1902,10,"2018-04-11","2019-10-21","2020-02-20",600000.0,Não,,Fabricação de artefatos de material plástico para uso pessoal e doméstico,SP,Sudeste,VARGEM GRANDE PAULISTA,""
1903,0,"1900-01-01","1900-01-01","1900-01-01",0.0,Não,,Fabricação de artefatos de material plástico para outros usos não especificados anteriormente,SP,Sudeste,RIO CLARO,DISTRITO INDUST
1904,0,"1900-01-01","1900-01-01","1900-01-01",0.0,Não,,Fabricação de artefatos de material plástico para outros usos não especificados anteriormente,SP,Sudeste,IPEUNA,RURAL
1905,0,"2020-03-18","2020-03-16","2020-07-15",300000.0,Não,,Impressão de material para uso publicitário,SP,Sudeste,TIETÊ,PONTE ALTA
1906,0,"1900-01-01","1900-01-01","1900-01-01",0.0,Não,,Comércio varejista de materiais hidráulicos,SP,Sudeste,SAO BERNARDO DO CAMP,CENTRO
1907,355,"2021-12-20","1900-01-01","2022-12-30",6000000.0,Não,,Aluguel de imóveis próprios,SP,Sudeste,SÃO PAULO,Parque Industrial Tomas Edson
1908,0,"2020-08-11","2020-08-10","2020-12-09",100000.0,Não,,"Clubes sociais, esportivos e similares",SP,Sudeste,CAMPINAS,Bosque
1909,0,"2018-11-30","1900-01-01","1900-01-01",0.0,Não,,"Fabricação de equipamentos de transmissão para fins industriais, exceto rolamentos",SP,Sudeste,ITATIBA,Jardim Leonor
1910,0,"2021-08-05","1900-01-01","1900-01-01",0.0,Não,,Fabricação de artefatos de material plástico para outros usos não especificados anteriormente,SP,Sudeste,SÃO PAULO,Jardim Consórcio
1911,359,"2022-01-17","2022-01-17","2022-01-17",0.0,Não,,Comércio varejista de artigos do vestuário e acessórios,SP,Sudeste,SÃO PAULO,Tatuapé
1912,96,"2021-05-17","1900-01-01","1900-01-01",1.0,Não,,Comércio atacadista de alimentos para animais,"","","",""
1913,312,"2021-07-05","2024-06-28","2024-10-31",3000000.0,Não,,Curtimento e outras preparações de couro,SP,Sudeste,PRESIDENTE PRUDENTE,Jardim Eldorado
1914,0,"1900-01-01","1900-01-01","1900-01-01",0.0,Não,,Preparação de documentos e serviços especializados de apoio administrativo não especificados anteriormente,SP,Sudeste,SAO PAULO,AGUA FRIA
1915,84,"2019-07-02","2022-08-03","2022-10-31",10000000,Não,"2022-07-27",Fabricação de outros equipamentos e aparelhos elétricos não especificados anteriormente,SP,Sudeste,ORLÂNDIA,CENTRO
1916,0,"1900-01-01","1900-01-01","1900-01-01",0.0,Não,,Comércio varejista de materiais de construção em geral,SP,Sudeste,SAO PAULO,VILA REDENTORA
1917,155,"2021-04-16","1900-01-01","1900-01-01",5000000.0,Não,,AGRO,"","","",""
1918,0,"2019-06-26","2019-07-08","2019-11-07",1.0,Não,,"Fabricação de produtos de pastas celulósicas, papel, cartolina, papel-cartão e papelão ondulado não especificados anteriormente",SP,Sudeste,SÃO PAULO,BAIRRO DO LIMÃO
1919,0,"2019-09-02","2019-09-02","2022-05-20",1700000.0,Não,,"Fabricação de equipamentos de transmissão para fins industriais, exceto rolamentos",SP,Sudeste,CRAVINHOS,Distrito Industrial
1920,281,"1900-01-01","2020-10-26","2021-04-25",1200000.0,Não,"2024-11-27","Fabricação de outros aparelhos eletrodomésticos não especificados anteriormente, peças e acessórios",SP,Sudeste,CATANDUVA,JARDIM DA TORRE
1921,0,"2021-07-05","1900-01-01","1900-01-01",0.0,Não,,Fabricação de outros produtos de metal não especificados anteriormente,SP,Sudeste,EMBU DAS ARTES,Jardim Magaly
1922,133,"2020-07-08","2025-08-26","2026-01-31",130000000,Não,,AGRO,SP,Sudeste,BARUERI,Tamboré
1923,0,"2020-12-30","1900-01-01","1900-01-01",0.0,Não,,Comércio atacadista de outros produtos químicos e petroquímicos não especificados anteriormente,SP,Sudeste,SÃO PAULO,Brooklin Paulista
1924,0,"2021-05-18","1900-01-01","1900-01-01",0.0,Não,,Atividades de vigilância e segurança privada,SP,Sudeste,SÃO PAULO,Bela Vista
1925,0,"2021-11-08","2021-11-08","2021-11-09",0.0,Não,,Produção de tubos de aço com costura,SP,Sudeste,SAO CAETANO DO SUL,CENTRO
1926,0,"2020-03-16","1900-01-01","1900-01-01",0.0,Não,,Fabricação de defensivos agrícolas,SP,Sudeste,MAIRINQUE,Centro
1927,1140,"2020-02-18","2025-08-29","2026-01-31",10000000,Sim,"2025-09-23",Indústria,SP,Sudeste,CORDEIRÓPOLIS,BARRO PRETO 
1928,28,"1900-01-01","2025-10-28","2026-02-28",13000000,Não,,Fabricação de produtos de trefilados de metal padronizados,SP,Sudeste,ARTUR NOGUEIRA,Jardim Santa Rosa
1929,0,"2021-11-11","1900-01-01","1900-01-01",0.0,Não,,Fabricação de outras peças e acessórios para veículos automotores não especificadas anteriormente,SP,Sudeste,RIBEIRAO PIRES,VILA TAVOLARO
1930,0,"2020-10-22","2024-12-19","2025-03-31",500000.0,Sim,"2024-11-25","Comércio atacadista de cereais e leguminosas beneficiados, farinhas, amidos e féculas, com atividade de fracionamento e acondicionamento associada",SP,Sudeste,ITU,Vila Martins
1931,0,"2020-03-09","2021-05-03","2021-11-02",15000000,Não,,Fabricação de azulejos e pisos,SP,Sudeste,RIO CLARO,Vila do Rádio
1932,269,"2018-03-27","2025-11-04","2026-01-31",2000000.0,Sim,"2025-10-15","Transporte rodoviário de carga, exceto produtos perigosos e mudanças, intermunicipal, interestadual e internacional",SP,Sudeste,JANDIRA,JD ALVORADA
1933,0,"2018-09-10","2025-05-02","2025-08-31",1000000.0,Não,,Fabricação de artefatos de borracha não especificados anteriormente,SP,Sudeste,FRANCA,Vila Santos Dumont
1934,37,"2021-03-23","1900-01-01","1900-01-01",1700000.0,Não,,Produção de ferroligas,"","","",""
1935,0,"1900-01-01","1900-01-01","1900-01-01",0.0,Não,,"Fabricação de artefatos de material plástico para uso na construção, exceto tubos e acessórios",SP,Sudeste,SAO BERNARDO DO CAMP,MONTANHAO
1936,1162,"2020-01-09","2025-09-23","2025-12-31",7500000.0,Não,,Extração de basalto e beneficiamento associado,SP,Sudeste,SAO PAULO,VILA OLIMPIA
1937,117,"1900-01-01","2025-05-19","2025-09-30",2500000.0,Sim,"2025-05-26","Fabricação de adubos e fertilizantes, exceto organo-minerais",SP,Sudeste,BATATAIS,Bela Vista
1938,117,"2020-03-23","2025-05-19","2025-09-30",2500000.0,Sim,"2025-05-26",Sem Segmento,SP,Sudeste,BATATAIS,VILA CRUZEIRO
1939,117,"2020-03-23","2025-05-19","2025-09-30",2500000.0,Sim,"2025-05-26",Sem Segmento,SP,Sudeste,BATATAIS,DISTR INDUSTRIAL
1940,117,"1900-01-01","2025-05-27","2025-09-30",2500000.0,Sim,"2025-06-02",Sem Segmento,SP,Sudeste,BATATAIS,Vila Maria
1941,0,"2020-03-11","2024-12-17","2025-04-30",2500000.0,Não,,Fabricação de outras peças e acessórios para veículos automotores não especificadas anteriormente,SP,Sudeste,GUARULHOS,Cidade Aracilia
1942,199,"2018-12-10","2021-12-20","2022-06-18",2000000.0,Não,,Rerrefino de óleos lubrificantes,SP,Sudeste,PIRACICABA,VALE DO SOL
1943,0,"2018-10-30","2018-10-30","2018-10-31",1.0,Sim,"2022-02-21",Fabricação de outros produtos químicos não especificados anteriormente,SP,Sudeste,VARGEM GRANDE PAULISTA,CENTRO
1944,0,"2020-04-02","2020-04-01","2020-05-01",0.0,Não,,Fabricação de álcool,SP,Sudeste,PIRACICABA,Centro
1945,34,"2018-08-29","2021-05-17","2021-11-16",1000000.0,Não,,Fabricação de embalagens de material plástico,SP,Sudeste,AMERICANA,Brieds
1946,0,"2021-11-26","2022-06-01","2022-11-30",150000.0,Não,,Instalação e manutenção elétrica,SP,Sudeste,COTIA,Jardim Cláudio
1947,84,"2019-07-02","2022-08-03","2022-10-10",10000000,Não,"2022-08-03","Fabricação de fios, cabos e condutores elétricos isolados",SP,Sudeste,CAMPINAS,Distrito Industrial
1948,0,"2021-10-04","2021-10-04","2021-10-05",0.0,Não,,"Fabricação de produtos de papel, cartolina, papel-cartão e papelão ondulado para uso comercial e de escritório",SP,Sudeste,GUARULHOS,Jardim Santo Afonso
1949,0,"1900-01-01","2018-04-10","2018-04-10",1.0,Não,,Atividades de organizações associativas patronais e empresariais,SP,Sudeste,SAO PAULO,PLANALTO PAULIS
1950,285,"2021-02-08","2021-02-08","2021-08-07",1.0,Não,,Fabricação de álcool,SP,Sudeste,ITÁPOLIS,BOA VISTA DO SAO LOU
1951,0,"2020-11-06","1900-01-01","1900-01-01",0.0,Não,,"Fabricação de outros aparelhos eletrodomésticos não especificados anteriormente, peças e acessórios",SP,Sudeste,CATANDUVA,Conjunto Polo Comercial e Industrial Giordano Mest
1952,0,"2021-01-26","2021-01-26","2021-01-27",0.0,Não,,Atividades de vigilância e segurança privada,SP,Sudeste,INDAIATUBA,Centro
1953,0,"2018-12-21","2019-01-28","2019-02-28",1.0,Não,,"Fabricação de máquinas e equipamentos para uso industrial específico não especificados anteriormente, peças e acessórios",SP,Sudeste,PIRACICABA,CRUZ CAIADA
1954,2,"1900-01-01","2021-06-14","2021-11-27",21000000,Sim,"2023-11-30",Fabricação de alimentos para animais,RJ,Sudeste,JANDIRA,NUCLEO MICRO INDUSTRIAL PRESID
1955,2,"1900-01-01","2021-06-14","2021-11-27",21000000,Não,,Fabricação de outros produtos químicos não especificados anteriormente,SP,Sudeste,CAPAO BONITO,Distr. Indl.
1956,96,"2019-08-19","2021-02-22","2021-08-21",1.0,Não,,AGRO,SP,Sudeste,SÃO PAULO,Cidade Monções
1957,96,"2019-11-06","2021-08-22","2021-08-21",1.0,Não,,"Fabricação de óleos vegetais em bruto, exceto óleo de milho",GO,Centro Oeste,ANÁPOLIS,Distrito Agroindustrial de Anápolis
1958,96,"2019-11-06","2021-02-22","2022-02-28",1.0,Não,,"Fabricação de óleos vegetais em bruto, exceto óleo de milho",RS,Sul,CACHOEIRA DO SUL,Volta da Charqueada
1959,96,"2019-11-06","2021-02-22","2021-08-21",1.0,Não,,"Fabricação de biocombustíveis, exceto álcool",TO,Norte,PORTO NACIONAL,SETOR PARQUE INDUSTR
1960,0,"2021-07-27","2021-07-27","2022-01-26",1.0,Não,,Sem Segmento,MT,Centro Oeste,SAPEZAL,CENTRO
1961,0,"1900-01-01","1900-01-01","1900-01-01",0.0,Não,,Papel,SP,Sudeste,JACAREÍ,""
1962,0,"2021-12-08","2025-11-04","2026-02-28",5000000.0,Não,,"Quimica, Petroquimica e Mineração",SP,Sudeste,SÃO BERNARDO DO CAMPO,Rudge Ramos
1963,0,"2020-03-09","1900-01-01","1900-01-01",0.0,Não,,Curtimento e outras preparações de couro,SP,Sudeste,FRANCA,Distrito Industrial Antônio Della - Torre
1964,0,"2021-10-04","2021-10-04","2021-10-05",1.0,Não,,Sem Segmento,MA,Nordeste,BALSAS,""
1965,268,"2021-01-26","2025-09-24","2026-01-31",21000000,Sim,"2023-10-04",Atividades de vigilância e segurança privada,SP,Sudeste,SÃO PAULO,Brooklin Paulista
1966,0,"2021-06-18","2022-06-09","2022-11-30",3000000.0,Não,,Fabricação de artefatos de borracha não especificados anteriormente,SP,Sudeste,JUNDIAÍ,Vila Nova Jundiainópolis
1967,0,"2019-08-06","2019-08-05","2019-09-05",1.0,Não,,Comércio atacadista de ferragens e ferramentas,SP,Sudeste,JUNDIAÍ,Distrito Industrial
1968,0,"2019-11-12","2019-12-04","2020-04-03",3000000.0,Não,,Comércio atacadista de medicamentos e drogas de uso humano,SP,Sudeste,COTIA,Jardim do Rio Cotia
1969,0,"2018-11-12","2019-05-23","2019-05-24",1.0,Sim,"2023-09-21",Fabricação de produtos químicos orgânicos não especificados anteriormente,SP,Sudeste,MOGI MIRIM,Chácara São Marcelo
1970,178,"2021-02-01","2025-07-07","2025-10-31",4100000.0,Não,,Fabricação de outros produtos químicos inorgânicos não especificados anteriormente,SP,Sudeste,BARUERI,Vila Engenho Novo
1971,178,"2021-04-08","2021-07-05","2022-06-05",4100000.0,Não,,"Comércio atacadista de mercadorias em geral, com predominância de insumos agropecuários",SC,Sul,ITAJAÍ,Salseiros
1972,178,"2021-04-08","2021-07-05","2022-06-05",4100000.0,Não,,Fabricação de outros produtos químicos inorgânicos não especificados anteriormente,MT,Centro Oeste,CUIABÁ,"Distrito Industrial"
1973,274,"2019-11-19","2020-11-16","2021-03-15",500000.0,Não,,"Fabricação de válvulas, registros e dispositivos semelhantes, peças e acessórios",SP,Sudeste,SAO JOSE DO RIO PRETO,DIST. INDUSTRIAL
1974,0,"2020-09-16","2023-02-28","2024-02-29",350000.0,Não,,Serviços de engenharia,SP,Sudeste,SANTANA DE PARNAÍBA,Tamboré
1975,0,"2021-05-03","2021-05-03","2021-05-04",0.0,Não,,"Fabricação de equipamentos de transmissão para fins industriais, exceto rolamentos","","","",""
1976,0,"2021-12-17","2023-04-10","2025-12-31",5000000.0,Não,,Agências de viagens,SP,Sudeste,SÃO PAULO,República
1977,91,"2018-06-11","2020-02-03","2022-06-02",1500000.0,Não,,"Fabricação de equipamentos hidráulicos e pneumáticos, peças e acessórios, exceto válvulas",SP,Sudeste,ITAPIRA,Vila Penha do Rio do Peixe
1978,32,"2018-04-23","2020-08-03","2020-12-02",1.0,Não,,Holdings de instituições não-financeiras,SP,Sudeste,SÃO PAULO,Vila Leopoldina
1979,0,"2019-09-30","1900-01-01","1900-01-01",0.0,Não,,Outras obras de instalações em construções não especificadas anteriormente,SP,Sudeste,SÃO PAULO,Butantã
1980,179,"2021-03-17","2022-04-25","2022-10-30",10000000,Não,,Sem Segmento,MT,Centro Oeste,CUIABÁ,Ribeirão da Ponte
1981,211,"2020-09-17","2025-10-06","2026-01-31",6000000.0,Sim,"2022-02-21",Fabricação de outros produtos alimentícios não especificados anteriormente,SP,Sudeste,SÃO PAULO,Jardim Paulista
1982,134,"2020-07-14","2020-07-13","2020-11-12",1.0,Não,,"Transporte rodoviário de carga, exceto produtos perigosos e mudanças, intermunicipal, interestadual e internacional",SP,Sudeste,ITAPEVI,Itaqui
1983,103,"2021-03-09","1900-01-01","2022-10-31",15000000,Não,,Comércio varejista de combustíveis para veículos automotores,SP,Sudeste,CATANDUVA,Vila Dona Engracia Agudo Romão
1984,286,"2020-10-01","2025-10-21","2026-03-09",1919000.0,Não,,"Fabricação de máquinas e equipamentos para a agricultura e pecuária, peças e acessórios, exceto para irrigação",SP,Sudeste,MATÃO,Nova Matão
1985,217,"2018-09-19","2021-05-25","2021-11-24",10000000,Não,,"Fabricação de máquinas e equipamentos para a agricultura e pecuária, peças e acessórios, exceto para irrigação",SP,Sudeste,MATÃO,Residencial Olivio Benassi
1986,277,"2019-03-01","2020-10-19","2021-04-18",8500000.0,Sim,"2022-02-21",Fabricação de laticínios,SP,Sudeste,SÃO PAULO,Barra Funda
1987,0,"1900-01-01","2018-04-10","2018-04-10",1.0,Não,,Alimentar,SP,Sudeste,SAO PAULO,SAO JOSE
1988,352,"2021-08-24","2025-09-23","2026-01-31",52650000,Não,"2023-04-11",Serviços combinados de escritório e apoio administrativo,SP,Sudeste,ESTRELA D'OESTE,ZONA RURAL
1989,0,"2020-05-19","2020-05-15","2020-09-14",500000.0,Não,,Fabricação de cartolina e papel-cartão,SP,Sudeste,MOGI MIRIM,VILA SANTA ELISA
1990,0,"2020-03-09","2024-08-12","2024-11-30",3000000.0,Não,,Comércio por atacado de peças e acessórios novos para veículos automotores,SP,Sudeste,MOGI MIRIM,Saúde
1991,0,"2020-07-10","1900-01-01","1900-01-01",0.0,Não,,"Outras sociedades de participação, exceto holdings",SP,Sudeste,SAO PAULO,""
1992,434,"2020-01-22","2022-07-18","2023-01-30",3000000.0,Não,,Comércio atacadista de soja,SP,Sudeste,ASSIS,Vila Maria Izabel
1993,0,"2018-11-23","1900-01-01","1900-01-01",0.0,Não,,Comércio atacadista de pescados e frutos do mar,SP,Sudeste,MARÍLIA,Parque São Jorge
1994,112,"2019-07-10","2021-04-12","2021-04-13",10000000,Não,,Fundição de ferro e aço,SP,Sudeste,PIRACICABA,Vila Novo Tanquinho
1995,0,"2018-12-28","2018-12-20","2018-12-29",0.0,Não,,"Comércio atacadista de produtos siderúrgicos e metalúrgicos, exceto para construção",SP,Sudeste,MOGI DAS CRUZES,Vila Industrial
1996,0,"1900-01-01","1900-01-01","1900-01-01",0.0,Não,,"Atividades de intermediação e agenciamento de serviços e negócios em geral, exceto imobiliários",SP,Sudeste,SAO PAULO,TATUAPE
1997,350,"2021-11-30","1900-01-01","2022-10-30",12000000,Não,,AGRO,MG,Sudeste,VAZANTE,Centro
1998,0,"1900-01-01","2018-04-10","2018-04-10",1.0,Não,,Fabricação de móveis com predominância de madeira,SP,Sudeste,SÃO PAULO,Bela Vista
1999,0,"2021-10-14","2024-07-15","2024-10-31",5000000.0,Não,,Construção de rodovias e ferrovias,PR,Sul,MARINGÁ,Parque Industrial 200
2000,58,"2018-12-11","2019-08-16","2019-08-17",5.0,Sim,"2022-02-21","Fabricação de fios, cabos e condutores elétricos isolados",SP,Sudeste,RIBEIRÃO PRETO,Vila Mariana
2001,58,"2018-12-11","2019-08-16","2019-08-17",5.0,Sim,"2022-02-21",Sem Segmento,MA,Nordeste,SAO LUIS,distrito industrial
2002,216,"2018-09-10","2021-05-25","2023-01-01",1500000.0,Sim,"2022-02-21",Fabricação de embalagens de material plástico,SP,Sudeste,CAIEIRAS,Laranjeiras
2003,0,"2020-10-19","1900-01-01","1900-01-01",0.0,Sim,"2024-09-10",Fabricação de álcool,SP,Sudeste,PIRACICABA,Centro
2004,0,"2019-05-21","2023-02-28","2026-01-31",5000000.0,Não,,Aplicação de revestimentos e de resinas em interiores e exteriores,SP,Sudeste,ITUPEVA,JARDIM ANA LUIZA
2005,0,"2020-09-02","1900-01-01","1900-01-01",0.0,Não,,Fabricação de artefatos de tanoaria e de embalagens de madeira,SP,Sudeste,CAPIVARI,CAPIVARI
2006,293,"2021-04-09","2024-12-23","2025-02-28",2000000.0,Não,,Fabricação de móveis com predominância de madeira,SP,Sudeste,DOIS CÓRREGOS,DISTRITO INDUSTRIAL
2007,0,"2019-03-20","2019-10-21","2020-02-20",500000.0,Não,,Fabricação de outros produtos químicos não especificados anteriormente,SP,Sudeste,ITUPEVA,SÃO ROQUE DA CHAVE
2008,0,"2018-12-20","1900-01-01","1900-01-01",0.0,Não,,Manutenção e reparação de máquinas e equipamentos para uso geral não especificados anteriormente,SP,Sudeste,COTIA,Jardim San Ressore (Caucaia do Alto)
2009,44,"2018-08-13","2019-06-03","2019-10-02",1500000.0,Não,,Fabricação de artefatos de material plástico para usos industriais,SP,Sudeste,BARUERI,Chácaras Marco
2010,967,"2021-11-03","2024-12-04","2025-01-31",2000000.0,Sim,"2024-09-20",Impressão de material para outros usos,SP,Sudeste,BAURU,Vila Cardia
2011,967,"2021-05-06","1900-01-01","1900-01-01",2000000.0,Não,,Sem Segmento,"","","",""
2012,0,"2021-06-02","1900-01-01","2022-06-30",0.0,Não,,Fabricação de estruturas metálicas,SP,Sudeste,ORLÂNDIA,JARDIM ANHANGUERA
2013,177,"2021-02-22","2021-02-22","2021-08-21",21600000,Não,,Fabricação de laminados planos e tubulares de material plástico,SP,Sudeste,SÃO PAULO,Vila Olímpia
2014,246,"2021-04-14","2023-02-03","2023-04-30",2000000.0,Sim,"2024-07-30",Fabricação de azulejos e pisos,SP,Sudeste,PORTO FERREIRA,Centro
2015,103,"2019-04-10","2025-10-28","2026-02-28",15000000,Sim,"2022-02-21",AGRO,SP,Sudeste,CATANDUVA,Vila Dona Engracia Agudo Romão
2016,70,"2019-02-12","2019-07-01","2019-11-01",600000.0,Sim,"2022-02-21",Sem Segmento,SP,Sudeste,SÃO PAULO,Ipiranga
2017,0,"1900-01-01","1900-01-01","1900-01-01",0.0,Não,,"Comércio atacadista de lustres, luminárias e abajures",SP,Sudeste,SAO PAULO,VILA MARIANA
2018,0,"2022-03-02","1900-01-01","1900-01-01",0.0,Não,,Sem Segmento,"","","",""
2019,93,"2022-01-10","1900-01-01","2022-07-05",3000000.0,Não,,Comércio atacadista especializado em outros produtos intermediários não especificados anteriormente,SP,Sudeste,SÃO PAULO,Vila Maria Baixa
2020,0,"2019-07-31","1900-01-01","1900-01-01",0.0,Não,,"Fabricação de válvulas, registros e dispositivos semelhantes, peças e acessórios",SP,Sudeste,SÃO PAULO,CHACARA BELENZINHO
2021,49,"2018-10-30","2019-08-12","2019-12-11",600000.0,Não,,Fabricação de artefatos de borracha não especificados anteriormente,SP,Sudeste,SÃO PAULO,Mooca
2022,132,"2020-06-02","2025-10-31","2026-02-28",40000000,Não,,Comércio por atacado de peças e acessórios novos para veículos automotores,SP,Sudeste,GUARULHOS,Água Chata
2023,215,"2019-05-28","2025-07-14","2025-11-30",88000000,Não,,"Fabricação de óleos vegetais em bruto, exceto óleo de milho",SP,Sudeste,JABOTICABAL,Jardim Alvorada
2024,0,"2018-08-07","2018-08-06","2018-08-07",1.0,Sim,"2022-02-21","Fabricação de outras máquinas e equipamentos de uso geral não especificados anteriormente, peças e acessórios",SP,Sudeste,SÃO PAULO,Quarta Parada
2025,0,"2019-09-30","1900-01-01","1900-01-01",0.0,Não,,Comércio atacadista de máquinas e equipamentos para uso industrial; partes e peças,SP,Sudeste,CAMPINAS,Jardim Santa Genebra
2026,0,"1900-01-01","1900-01-01","1900-01-01",360000.0,Não,,Produção de tubos de aço com costura,SP,Sudeste,RIBEIRAO PRETO,TANQUINHO
2027,145,"2020-09-21","2025-06-30","2025-10-31",7545000.0,Não,,"Comércio varejista de produtos farmacêuticos, sem manipulação de fórmulas",SP,Sudeste,RIBEIRÃO PRETO,Centro
2028,0,"2020-03-19","1900-01-01","1900-01-01",0.0,Não,,Serviços de arquitetura,SP,Sudeste,SÃO PAULO,Jardim Prudência
2029,136,"2020-08-04","2020-08-03","2020-12-02",500000.0,Sim,"2024-06-10",Fabricação de laminados planos e tubulares de material plástico,SP,Sudeste,MAIRIPORÃ,Chácara São Jorge
2030,1,"1900-01-01","2025-11-03","2026-03-31",450000000,Não,,Abate de aves,SP,Sudeste,ITAPUÍ,CENTRO
2031,333,"2021-10-06","2025-08-11","2025-11-30",440000000,Sim,"2022-02-21",Fabricação de açúcar em bruto,SP,Sudeste,RIO DAS PEDRAS,Área Rural de Rio das Pedras
2032,0,"2020-10-09","2021-05-10","2021-05-11",1.0,Não,,Tecelagem de fios de algodão,SP,Sudeste,SANTA BÁRBARA D'OESTE,Jardim São Francisco
2033,0,"2022-01-17","2022-01-17","2022-01-17",0.0,Não,,Fabricação de alimentos para animais,SP,Sudeste,SANTA CRUZ DO RIO PARDO,Área Rural de Santa Cruz do Rio Pardo
2034,0,"2020-03-09","1900-01-01","1900-01-01",0.0,Não,,Fabricação de artefatos de material plástico para uso pessoal e doméstico,SP,Sudeste,SÃO PAULO,Vila Alzira
2035,46,"2018-08-20","2025-10-06","2026-02-28",2500000.0,Não,,Comércio atacadista de ferragens e ferramentas,SP,Sudeste,GUARULHOS,Água Chata
2036,46,"2018-10-15","2019-11-25","2020-03-24",2500000.0,Não,,Comércio atacadista de ferragens e ferramentas,SP,Sudeste,SERTÃOZINHO,Zona Industrial
2037,46,"2018-10-15","2019-11-25","2020-03-24",2500000.0,Não,,Comércio atacadista de ferragens e ferramentas,SP,Sudeste,SERTÃOZINHO,Zona Industrial
2038,46,"2018-10-15","2019-11-25","2020-03-24",2500000.0,Não,,Sem Segmento,SP,Sudeste,SERTÃOZINHO,Zona Industrial
2039,143,"2020-09-17","2020-09-14","2021-01-13",600000.0,Não,,Produção de artefatos estampados de metal,SP,Sudeste,SÃO PAULO,Pinheiros
2040,0,"2020-09-28","1900-01-01","1900-01-01",0.0,Não,,Comércio atacadista de máquinas e equipamentos para uso industrial; partes e peças,SP,Sudeste,SANTO ANDRE,Paraíso
2041,0,"2021-11-05","2022-03-25","2022-09-30",3000000.0,Não,,Outras obras de acabamento da construção,SP,Sudeste,PAULÍNIA,Betel
2042,253,"2021-06-02","2022-12-19","2023-02-28",1900000.0,Não,"2023-08-28",Fabricação de biscoitos e bolachas,SP,Sudeste,RIBEIRÃO PIRES,Suíssa
2043,0,"2021-06-07","2021-06-07","2021-06-08",0.0,Não,,Produção de artefatos estampados de metal,SP,Sudeste,ITAQUAQUECETUBA,RIO ABAIXO
2044,43,"2018-10-02","2025-10-30","2026-02-28",2500000.0,Sim,"2022-02-21",Holdings de instituições não-financeiras,SP,Sudeste,SÃO PAULO,Indianópolis
2045,43,"2018-10-26","2025-10-30","2026-02-28",2500000.0,Sim,"2022-02-21",Fabricação de chapas e de embalagens de papelão ondulado,SP,Sudeste,AGUAÍ,""
2046,0,"2018-11-12","2019-10-14","2019-11-14",2.0,Sim,"2022-02-21",Fabricação de luminárias e outros equipamentos de iluminação,SP,Sudeste,GARÇA,DIST INDUSTRIAL
2047,0,"2020-08-21","1900-01-01","1900-01-01",0.0,Não,,"Bancos múltiplos, com carteira comercial",SP,Sudeste,SÃO PAULO,BELA VISTA
2048,145,"2020-09-21","2020-09-21","2021-01-20",7545000.0,Não,,"Comércio varejista de produtos farmacêuticos, sem manipulação de fórmulas",SP,Sudeste,RIBEIRÃO PRETO,Jardim Canadá
2049,0,"2020-10-29","1900-01-01","1900-01-01",0.0,Não,,"Clubes sociais, esportivos e similares",SP,Sudeste,SANTOS,Vila Belmiro
2050,0,"2019-03-11","2019-03-25","2019-07-24",500000.0,Não,,Fabricação de conservas de frutas,SP,Sudeste,AGUAI,CHACARA SAO SEB
2051,108,"2020-02-18","2021-08-02","2022-02-01",4500000.0,Sim,"2022-02-21","Fabricação de produtos de trefilados de metal, exceto padronizados",SP,Sudeste,ESPÍRITO SANTO DO PINHAL,DISTRITO INDL I
2052,108,"2020-02-27","1900-01-01","1900-01-01",4500000.0,Não,,"Comércio atacadista de produtos siderúrgicos e metalúrgicos, exceto para construção",MG,Sudeste,ALBERTINA,Centro
2053,0,"2018-08-03","2019-07-02","2019-07-03",1.0,Não,,"Impressão de livros, revistas e outras publicações periódicas",SP,Sudeste,SANTO ANDRÉ,Santa Maria
2054,0,"2020-12-21","1900-01-01","1900-01-01",0.0,Não,,"Bancos múltiplos, com carteira comercial",SP,Sudeste,SÃO PAULO,Vila Nova Conceição
2055,334,"2021-08-24","1900-01-01","2022-07-01",26000000,Não,,Armazéns gerais - emissão de warrant,SP,Sudeste,SÃO PAULO,Parque Industrial Tomas Edson
2056,0,"2018-12-20","1900-01-01","1900-01-01",0.0,Não,,Serviços de engenharia,RJ,Sudeste,RIO BONITO,Centro
2057,0,"2020-09-23","1900-01-01","2026-01-31",10000000,Não,,"Serviços de acabamentos gráficos, exceto encadernação e plastificação",SP,Sudeste,SOROCABA,Além Ponte
2058,0,"2018-04-23","2019-08-16","2019-08-17",5.0,Não,,"Serviços de acabamentos gráficos, exceto encadernação e plastificação",SP,Sudeste,SÃO PAULO,Jaguare
2059,0,"2018-07-11","2018-07-10","2018-07-11",0.0,Não,,Criação de frangos para corte,SP,Sudeste,SOROCABA,Jardim Novo Mundo
2060,0,"2018-10-02","2018-10-01","2019-02-01",500000.0,Não,,Fabricação de massas alimentícias,SP,Sudeste,SANTANA DE PARNAÍBA,Tamboré
2061,0,"2018-08-07","2019-07-02","2019-07-03",0.0,Não,,Educação superior - graduação e pós-graduação,SP,Sudeste,SÃO PAULO,Barra Funda
2062,0,"2021-11-08","2021-11-08","2022-05-07",50000000,Não,,"Fabricação de automóveis, camionetas e utilitários",SP,Sudeste,SÃO BERNARDO DO CAMPO,Demarchi
2063,0,"2019-06-07","1900-01-01","1900-01-01",0.0,Não,,Fabricação de outras peças e acessórios para veículos automotores não especificadas anteriormente,SP,Sudeste,SAO BERNARDO DO,Anchieta
2064,0,"2021-09-24","1900-01-01","1900-01-01",0.0,Não,,"Bancos múltiplos, com carteira comercial",SP,Sudeste,SÃO PAULO,Vila Cordeiro
2065,192,"2021-03-15","1900-01-01","1900-01-01",500000.0,Não,,"Atividades de intermediação e agenciamento de serviços e negócios em geral, exceto imobiliários","","","",""
2066,0,"2020-09-17","1900-01-01","1900-01-01",0.0,Sim,"2024-08-07",Criação de bovinos para corte,MT,Centro Oeste,COMODORO,ZONA RURAL
2067,0,"2020-05-26","1900-01-01","1900-01-01",0.0,Não,,Serviços advocatícios,SP,Sudeste,SÃO PAULO,Itaim Bibi
2068,142,"2020-09-17","2021-02-01","2023-01-01",400000.0,Não,,Produção de ferroligas,MG,Sudeste,VÁRZEA DA PALMA,Progresso
2069,142,"2020-11-09","2021-02-01","2021-07-31",400000.0,Sim,"2022-02-21",Produção de ferroligas,MG,Sudeste,VÁRZEA DA PALMA,PROGRESSO
2070,142,"2020-10-23","2021-02-01","2021-07-31",400000.0,Sim,"2022-02-21",Fundição de metais não-ferrosos e suas ligas,BA,Nordeste,CORRENTINA,ZONA RURAL
2071,0,"2020-03-09","1900-01-01","1900-01-01",0.0,Não,,Fabricação de adesivos e selantes,SP,Sudeste,TABOÃO DA SERRA,Jardim Freitas Júnior
2072,0,"2020-03-19","1900-01-01","1900-01-01",0.0,Não,,Fabricação de laminados planos e tubulares de material plástico,SP,Sudeste,TABOÃO DA SERRA,Jardim Freitas Júnior
2073,60,"2018-11-12","2019-10-14","2020-02-13",500000.0,Não,,Fabricação de artefatos de material plástico para outros usos não especificados anteriormente,SP,Sudeste,CABREÚVA,JACARÉ
2074,60,"2018-12-12","1900-01-01","1900-01-01",500000.0,Não,,Fabricação de artefatos de material plástico para outros usos não especificados anteriormente,SP,Sudeste,CABREÚVA,JACARE
2075,0,"2020-03-18","2020-03-16","2023-01-30",5.0,Sim,"2023-09-26",Fabricação de outras peças e acessórios para veículos automotores não especificadas anteriormente,SP,Sudeste,DIADEMA,Canhema
2076,329,"2019-09-25","2023-01-27","2023-04-30",32500000,Sim,"2022-12-20","Representantes comerciais e agentes do comércio de combustíveis, minerais, produtos siderúrgicos e químicos",SP,Sudeste,SANTO ANDRÉ,Utinga
2077,329,"2021-07-23","2023-01-27","2023-04-30",32500000,Não,,Metalurgia do cobre,BA,Nordeste,DIAS D AVILA,AREA INDUSTRIAL
2078,0,"2020-07-14","2022-08-15","2022-11-30",1000000.0,Não,,"Clubes sociais, esportivos e similares",SP,Sudeste,SÃO PAULO,Jardim Leonor
2079,0,"2018-09-24","2019-05-20","2019-06-19",600000.0,Não,,"Fabricação de outras máquinas e equipamentos de uso geral não especificados anteriormente, peças e acessórios",SP,Sudeste,MOGI DAS CRUZES,Do Taboão
2080,0,"2018-04-18","2020-02-26","2020-06-25",1000000.0,Não,,Fabricação de aviamentos para costura,SP,Sudeste,JUNDIAÍ,Vila Rami
2081,0,"2019-06-03","1900-01-01","1900-01-01",0.0,Não,,"Transporte rodoviário de carga, exceto produtos perigosos e mudanças, intermunicipal, interestadual e internacional",SP,Sudeste,SÃO PAULO,Lapa
2082,0,"2021-07-12","2025-09-04","2026-01-31",2500000.0,Não,,Fabricação de biscoitos e bolachas,SP,Sudeste,SAO PAULO,CANINDE
2083,0,"2020-03-13","1900-01-01","1900-01-01",0.0,Não,,Agências de viagens,SP,Sudeste,SÃO PAULO,Jardim Europa
2084,75,"2019-03-20","2020-02-17","2020-03-17",5.0,Não,,Fabricação de artefatos de material plástico para uso pessoal e doméstico,SP,Sudeste,SÃO PAULO,Alto do Pari
2085,75,"2019-04-01","2020-02-17","2020-03-17",5.0,Não,,"Fabricação de artigos para viagem, bolsas e semelhantes de qualquer material","","","",""
2086,0,"2018-03-27","2021-07-05","2022-09-01",1.0,Não,,Fabricação de artigos de vidro,SP,Sudeste,LOUVEIRA,""
2087,265,"2021-02-01","2021-02-01","2021-07-31",1.0,Sim,"2022-02-21",Obras de fundações,SP,Sudeste,SÃO PAULO,Pinheiros
2088,0,"2020-08-26","2020-08-24","2020-12-23",400000.0,Não,,"Fabricação de material elétrico e eletrônico para veículos automotores, exceto baterias",SP,Sudeste,BARUERI,Vila Pindorama
2089,0,"2019-11-21","2025-07-18","2025-12-31",46000000,Não,,"Bancos múltiplos, com carteira comercial",SP,Sudeste,SÃO PAULO,Parque Jabaquara
2090,178,"2021-03-01","2021-02-01","2022-06-05",4100000.0,Não,,Fabricação de outros produtos químicos inorgânicos não especificados anteriormente,SP,Sudeste,BARUERI,Vila Engenho Novo
2091,328,"2019-04-01","2021-07-19","2022-01-18",2800000.0,Sim,"2024-03-20",Comércio atacadista de máquinas e equipamentos para uso industrial; partes e peças,SP,Sudeste,SAO PAULO,Barra Funda
2092,78,"2019-04-24","2021-07-19","2022-01-18",1.0,Não,,Comércio atacadista de máquinas e equipamentos para uso industrial; partes e peças,SP,Sudeste,LUÍS ANTÔNIO,CENTRO
2093,78,"2019-04-24","2021-07-19","2022-01-18",1.0,Não,,Comércio atacadista de máquinas e equipamentos para uso industrial; partes e peças,SP,Sudeste,MOGI GUAÇU,Distrito Industrial I
2094,0,"2020-01-02","1900-01-01","1900-01-01",0.0,Não,,Fabricação de obras de caldeiraria pesada,SP,Sudeste,GUARULHOS,Água Chata
2095,93,"2022-01-10","1900-01-01","2022-07-05",3000000.0,Não,,Fabricação de artefatos de borracha não especificados anteriormente,SP,Sudeste,SÃO PAULO,Vila Maria Baixa
2096,0,"2020-03-11","2022-06-30","2022-12-30",130000.0,Não,,"Bancos múltiplos, com carteira comercial",SP,Sudeste,SÃO PAULO,Cerqueira César
2097,125,"2020-05-21","1900-01-01","1900-01-01",1000000.0,Não,,Serviços combinados de escritório e apoio administrativo,SP,Sudeste,SÃO PAULO,Vila Independência
2098,125,"2020-05-19","2020-05-15","2020-09-14",1000000.0,Não,,Fabricação de artefatos de borracha não especificados anteriormente,SP,Sudeste,SOROCABA,Além Ponte
2099,0,"1900-01-01","1900-01-01","1900-01-01",0.0,Não,,Armazéns gerais - emissão de warrant,SP,Sudeste,BARUERI,Jardim Santa Cecília
2100,29,"2018-03-27","2022-04-18","2023-05-30",1500000.0,Não,,Metalurgia do pó,SP,Sudeste,SÃO PAULO,Jardim Maristela
2101,133,"2020-07-08","2025-08-26","2026-01-31",130000000,Não,,AGRO,SP,Sudeste,BARUERI,Tamboré
2102,0,"1900-01-01","2024-12-19","2025-01-31",5140000.0,Sim,"2024-08-26","Fabricação de conservas de legumes e outros vegetais, exceto palmito",SP,Sudeste,SÃO PAULO,Mooca
2103,0,"2021-09-13","2021-09-13","2021-09-14",0.0,Não,,Fabricação de embalagens metálicas,"","","",""
2104,440,"2019-04-22","2025-11-04","2026-01-31",20000000,Não,,Fabricação de resinas termoplásticas,SP,Sudeste,CUBATÃO,Centro
2105,171,"2020-10-06","2024-10-28","2025-02-28",2000000.0,Não,,Fabricação de jogos eletrônicos,SP,Sudeste,SÃO PAULO,Pinheiros
2106,171,"2021-01-12","2024-10-28","2025-02-28",2000000.0,Não,,Sem Segmento,SP,Sudeste,ITAPIRA,B.ATAL.NOGUEIRA
2107,0,"2021-08-12","1900-01-01","1900-01-01",0.0,Sim,"2022-02-21",Fabricação de outros produtos de metal não especificados anteriormente,SP,Sudeste,SOROCABA,Aparecidinha
2108,0,"2022-01-27","1900-01-01","1900-01-01",0.0,Não,,Serviços de engenharia,SP,Sudeste,SAO PAULO,VILA NOVA CONCEICAO
2109,0,"2020-03-06","1900-01-01","1900-01-01",0.0,Não,,Fabricação de materiais para medicina e odontologia,SP,Sudeste,GUARULHOS,Cidade Industrial Satélite de São Paulo
2110,0,"1900-01-01","1900-01-01","1900-01-01",500000.0,Não,,Comércio atacadista de cosméticos e produtos de perfumaria,SP,Sudeste,SAO PAULO,ITAIM
2111,0,"1900-01-01","1900-01-01","1900-01-01",0.0,Não,,Comércio atacadista de cosméticos e produtos de perfumaria,SP,Sudeste,LOUVEIRA,LEITAO
2112,0,"2021-10-18","2021-10-18","2022-04-17",0.0,Não,,"Fabricação de máquinas e equipamentos para a agricultura e pecuária, peças e acessórios, exceto para irrigação",SP,Sudeste,AMPARO,Jardim Figueira
2113,138,"2020-08-18","2021-09-06","2022-09-01",1200000.0,Não,,Fabricação de aparelhos e equipamentos para distribuição e controle de energia elétrica,SP,Sudeste,SAO PAULO,Vila Gomes Cardim
2114,138,"2020-08-20","1900-01-01","1900-01-01",1200000.0,Não,,Fabricação de aparelhos e equipamentos para distribuição e controle de energia elétrica,SP,Sudeste,GUARULHOS,Vila Nova Bonsucesso
2115,0,"2018-11-12","2020-02-11","2020-06-10",550000.0,Não,,Fabricação de material elétrico para instalações em circuito de consumo,SP,Sudeste,SÃO BERNARDO DO CAMPO,Paulicéia
2116,222,"2020-11-10","2025-08-18","2026-01-31",50000000,Não,,"Fabricação de adubos e fertilizantes, exceto organo-minerais",SP,Sudeste,SAO PAULO,VILA CORDEIRO
2117,299,"2020-10-27","2024-08-27","2025-01-31",2500000.0,Não,,Fabricação de equipamentos de transporte não especificados anteriormente,SP,Sudeste,GUARULHOS,PARQUE INDUSTRIAL CUMBICA
2118,299,"2021-08-24","2024-08-27","2025-01-31",2500000.0,Não,,Fabricação de equipamentos de transporte não especificados anteriormente,SP,Sudeste,GUARULHOS,Parque Industrial Cumbica
2119,23,"1900-01-01","2019-10-21","2020-02-20",800000.0,Não,,Fabricação de águas envasadas,SP,Sudeste,SAO SIMAO,ZONA RURAL
2120,0,"2021-09-05","1900-01-01","1900-01-01",0.0,Não,,"Fabricação de máquinas, equipamentos e aparelhos para transporte e elevação de cargas, peças e acessórios",SP,Sudeste,SAO PAULO,IPIRANGA
2121,0,"2021-06-07","1900-01-01","1900-01-01",0.0,Não,,Fabricação de componentes eletrônicos,SP,Sudeste,SAO PAULO,Jardim Japão
2122,0,"2019-07-25","2019-09-09","2020-01-08",1200000.0,Sim,"2024-07-26","Fabricação de instrumentos musicais, peças e acessórios",SP,Sudeste,SALTO,Distrito Industrial
2123,0,"2019-09-26","1900-01-01","1900-01-01",0.0,Não,,Fabricação de outros produtos de metal não especificados anteriormente,SP,Sudeste,ITAPIRA,Parque Industrial Juvenal Leite
2124,0,"2020-04-03","1900-01-01","1900-01-01",0.0,Não,,"Confecção de roupas profissionais, exceto sob medida",SP,Sudeste,CAMPO LIMPO PAULISTA,Área Industrial - 3
2125,0,"2019-07-02","2019-11-11","2020-03-10",800000.0,Sim,"2022-02-21",Fabricação de chapas e de embalagens de papelão ondulado,SP,Sudeste,SÃO PAULO,Parada De Taipas
2126,0,"1900-01-01","1900-01-01","1900-01-01",0.0,Não,,Pesquisas de mercado e de opinião pública,SP,Sudeste,SAO PAULO,VILA NOVA CONCE
2127,0,"2020-12-30","2020-12-28","2021-01-27",0.0,Não,,Fabricação de outras peças e acessórios para veículos automotores não especificadas anteriormente,SP,Sudeste,ITAPEVI,Estância São Francisco
2128,0,"2019-01-10","2019-09-23","2020-01-22",500000.0,Não,,"Comércio atacadista de produtos siderúrgicos e metalúrgicos, exceto para construção",SP,Sudeste,SÃO PAULO,Vila Regente Feijó
2129,0,"2021-10-13","2025-11-06","2026-01-31",100000.0,Não,,Serviços combinados de escritório e apoio administrativo,MG,Sudeste,VARGINHA,Jardim Sion
2130,30,"2018-08-20","2018-08-20","2018-12-19",1.0,Não,,Preparação de documentos e serviços especializados de apoio administrativo não especificados anteriormente,"","","",""
2131,29,"2018-08-08","2021-07-27","2023-05-30",1500000.0,Não,,"Fabricação de fornos industriais, aparelhos e equipamentos não-elétricos para instalações térmicas, peças e acessórios",SP,Sudeste,SÃO PAULO,Jardim Maristela
2132,0,"2020-02-05","1900-01-01","1900-01-01",0.0,Não,,"Fabricação de artigos de serralheria, exceto esquadrias",SP,Sudeste,SÃO PAULO,Vila Ribeiro de Barros
2133,93,"2019-08-26","2020-07-06","2022-07-05",3000000.0,Não,,Serviços combinados de escritório e apoio administrativo,SP,Sudeste,SÃO PAULO,Vila Maria Baixa
2134,344,"2021-10-20","2025-04-07","2025-07-31",750000.0,Não,,Fabricação de outras peças e acessórios para veículos automotores não especificadas anteriormente,SP,Sudeste,DIADEMA,Serraria
2135,93,"2022-01-10","1900-01-01","2022-07-05",3000000.0,Não,,Compra e venda de imóveis próprios,SP,Sudeste,SÃO PAULO,Vila Maria Baixa
2136,76,"2018-08-02","2019-04-03","2019-08-02",500000.0,Sim,"2022-02-21",Fabricação de artefatos de material plástico para outros usos não especificados anteriormente,SP,Sudeste,SÃO CAETANO DO SUL,Cerâmica
2137,76,"2019-03-28","2019-04-03","2019-08-02",500000.0,Não,,Fabricação de artefatos de material plástico para uso pessoal e doméstico,"","","",""
2138,76,"2019-03-28","2019-04-03","2019-08-02",500000.0,Sim,"2022-02-21",Fabricação de artefatos de material plástico para uso pessoal e doméstico,AC,Norte,"",""
2139,0,"2018-08-15","2019-08-16","2019-08-17",5.0,Não,,Outras atividades de publicidade não especificadas anteriormente,SP,Sudeste,SP,Itaim BIBI
2140,0,"2021-07-29","1900-01-01","1900-01-01",0.0,Não,,Fabricação de outros equipamentos e aparelhos elétricos não especificados anteriormente,SP,Sudeste,ITU,Jardim Emicol
2141,986,"1900-01-01","2024-11-04","2025-01-31",1000000.0,Não,,"Fabricação de cosméticos, produtos de perfumaria e de higiene pessoal",SP,Sudeste,VARGEM GRANDE PAULISTA,Das Pedras 
2142,113,"2020-05-27","2021-09-21","2021-09-30",1.0,Não,,"Clubes sociais, esportivos e similares",SP,Sudeste,SÃO PAULO,PERDIZES
2143,298,"2020-11-04","2025-10-10","2025-12-31",2000000.0,Sim,"2025-03-05",Fabricação de produtos de carne,SP,Sudeste,CAJAMAR,Jordanésia (Jordanésia)
2144,171,"2020-10-20","2024-10-28","2025-02-28",2000000.0,Não,,Fabricação de outros brinquedos e jogos recreativos não especificados anteriormente,SP,Sudeste,SÃO PAULO,Pinheiros
2145,171,"2021-01-12","2024-10-28","2025-02-28",2000000.0,Não,,Sem Segmento,SP,Sudeste,ITAPIRA,BRÃO ATALIBA NOGUEIRA
2146,171,"2021-01-12","2024-10-28","2025-02-28",2000000.0,Não,,Sem Segmento,MG,Sudeste,TRÊS PONTAS,ZONA RURAL
2147,0,"2021-08-19","1900-01-01","1900-01-01",0.0,Não,,Fabricação de peças e acessórios para o sistema de direção e suspensão de veículos automotores,SP,Sudeste,DIADEMA,VILA ORIENTAL
2148,6,"1900-01-01","2018-03-26","2018-07-25",1.0,Não,,"Transporte rodoviário coletivo de passageiros, sob regime de fretamento, intermunicipal, interestadual e internacional",SP,Sudeste,SAO PAULO,VILA SILVIA
2149,0,"1900-01-01","1900-01-01","1900-01-01",0.0,Não,,"Outros serviços de acabamento em fios, tecidos, artefatos têxteis e peças do vestuário",SP,Sudeste,CAMPINAS,JD. STA. CANDID
2150,317,"2021-05-31","2021-05-31","2021-11-30",15000000,Não,,Fabricação de embalagens metálicas,RJ,Sudeste,VOLTA REDONDA,TRES POCOS
2151,0,"2018-05-02","2018-05-02","2018-09-02",0.0,Não,,"Comércio atacadista de produtos siderúrgicos e metalúrgicos, exceto para construção",SP,Sudeste,GUARULHOS,JARDIM PRESIDENTE DUTRA
2152,349,"2021-01-07","2022-05-18","2022-11-30",22000000,Não,,Comércio atacadista de outros produtos químicos e petroquímicos não especificados anteriormente,SP,Sudeste,SÃO PAULO,Consolação
2153,349,"2021-01-07","2022-05-18","2022-11-30",22000000,Não,,Comércio atacadista de outros produtos químicos e petroquímicos não especificados anteriormente,SP,Sudeste,GUARULHOS,Cidade Aracilia
2154,0,"2021-12-27","2022-01-24","2022-07-23",0.0,Não,,"Fabricação de fios, cabos e condutores elétricos isolados",SP,Sudeste,CERQUILHO,ESTIVA
2155,140,"2020-07-28","2024-12-23","2025-04-30",138600000,Não,"2025-07-16",Fabricação de outras peças e acessórios para veículos automotores não especificadas anteriormente,SP,Sudeste,SAO BERNARDO DO CAMPO,VILA OLGA
2156,0,"2019-09-03","2019-09-16","2020-01-15",500000.0,Sim,"2022-02-21",Comércio varejista de livros,SP,Sudeste,SÃO PAULO,Bela Vista
2157,0,"2020-11-10","2021-10-04","2021-10-05",1.0,Não,,"Comércio varejista de mercadorias em geral, com predominância de produtos alimentícios - supermercados",SP,Sudeste,LIMEIRA,Centro
2158,0,"1900-01-01","1900-01-01","1900-01-01",0.0,Não,,Fabricação de meias,SP,Sudeste,SAO PAULO,BRAS
2159,0,"2020-06-30","2024-11-25","2026-03-31",10000000,Sim,"2024-10-03",Fabricação de azulejos e pisos,SP,Sudeste,GUARULHOS,Vila São João
2160,0,"1900-01-01","1900-01-01","1900-01-01",200000.0,Não,,Fabricação de chapas e de embalagens de papelão ondulado,SP,Sudeste,MIRASSOL,DISTRITO INDUST
2161,292,"2021-10-21","2025-10-31","2026-03-31",45000000,Não,,"Fabricação de cosméticos, produtos de perfumaria e de higiene pessoal",SP,Sudeste,GUARULHOS,Cidade Industrial Satélite de São Paulo
2162,268,"2021-02-02","2022-08-29","2022-12-31",21000000,Não,,Comércio atacadista de cereais e leguminosas beneficiados,SP,Sudeste,CAMPINAS,Chácaras Campos dos Amarais
2163,214,"2020-08-11","2025-08-01","2025-10-31",3500000.0,Não,,Alimentar,ES,Sudeste,LINHARES,Bebedouro
2164,351,"2021-10-21","2025-09-19","2026-01-31",10026000,Não,,"Edição integrada à impressão de cadastros, listas e outros produtos gráficos",SP,Sudeste,SÃO PAULO,Mooca
2165,0,"2020-02-12","1900-01-01","1900-01-01",0.0,Não,,Cultivo de cana-de-açúcar,"","","",""
2166,0,"2021-03-15","1900-01-01","2022-06-30",0.0,Não,,Obras de montagem industrial,SP,Sudeste,SÃO PAULO,Chácara Monte Alegre
2167,0,"2022-01-28","2025-08-12","2025-11-30",335000000,Não,,Construção de edifícios,SP,Sudeste,SÃO PAULO,Indianópolis
2168,0,"2020-07-28","1900-01-01","1900-01-01",0.0,Não,,"Comércio varejista de mercadorias em geral, com predominância de produtos alimentícios - minimercados, mercearias e armazéns",MG,Sudeste,URUCUIA,CENTRO
2169,69,"2018-06-29","2019-01-14","2022-08-01",4000000.0,Não,,Fabricação de medicamentos alopáticos para uso humano,MG,Sudeste,JUIZ DE FORA,Bandeirantes
2170,0,"1900-01-01","1900-01-01","1900-01-01",0.0,Não,,Fabricação de calçados de materiais não especificados anteriormente,MG,Sudeste,NOVA SERRANA,FAUSTO PINTO DA
2171,0,"2018-03-27","2018-03-27","2018-03-27",1.0,Não,,"Transporte rodoviário de carga, exceto produtos perigosos e mudanças, intermunicipal, interestadual e internacional","","","",""
2172,0,"2020-07-28","2023-07-07","2026-01-31",20000000,Não,,Fabricação de artefatos de tanoaria e de embalagens de madeira,SP,Sudeste,ITARARÉ,Distrito Industrial Luiz José Sguário
2173,334,"2019-04-23","2025-11-12","2026-01-31",26000000,Sim,"2025-07-21",Comércio atacadista de matérias-primas agrícolas não especificadas anteriormente,SP,Sudeste,GUAÍRA,INDUSTRIAL
2174,0,"2018-08-02","2021-01-11","2021-01-12",1.0,Sim,"2022-02-21","Fabricação de outras máquinas e equipamentos de uso geral não especificados anteriormente, peças e acessórios",SP,Sudeste,MOGI GUAÇU,Sta. Terezinha
2175,0,"2021-07-19","1900-01-01","1900-01-01",0.0,Não,,Fabricação de outros produtos de metal não especificados anteriormente,SP,Sudeste,CHAVANTES,VILA DAS FLORES
2176,0,"2018-12-14","2022-04-28","2022-10-30",1000000.0,Não,,"Manutenção e reparação de máquinas, aparelhos e materiais elétricos não especificados anteriormente",SP,Sudeste,SANTO ANDRÉ,Vila Linda
2177,63,"2018-12-28","2019-07-29","2022-11-01",1.0,Não,,"Fabricação de farinha de milho e derivados, exceto óleos de milho",MG,Sudeste,SERRA DO SALITRE,Centro
2178,334,"2021-08-24","1900-01-01","2022-07-01",26000000,Não,,Sem Segmento,SP,Sudeste,SÃO PAULO,Bela Vista
2179,0,"1900-01-01","1900-01-01","1900-01-01",0.0,Não,,Fabricação de móveis com predominância de metal,SP,Sudeste,GUARULHOS,JD NOVO PORTUGA
2180,0,"2021-07-26","1900-01-01","1900-01-01",0.0,Não,,Fabricação de outras peças e acessórios para veículos automotores não especificadas anteriormente,SP,Sudeste,INDAIATUBA,D .IND.DOMINGOS GIOM
2181,888,"2021-11-05","2024-05-07","2024-06-30",8000000.0,Sim,"2024-08-07",Comércio atacadista de resinas e elastômeros,SP,Sudeste,BARUERI,Jardim Santa Cecília
2182,225,"2021-06-02","1900-01-01","1900-01-01",0.0,Não,,Comércio atacadista de material elétrico,"","","",""
2183,0,"2019-06-11","1900-01-01","1900-01-01",0.0,Não,,"Fabricação de outras máquinas e equipamentos de uso geral não especificados anteriormente, peças e acessórios",SP,Sudeste,DIADEMA,Vila Nogueira
2184,0,"2021-07-16","1900-01-01","1900-01-01",0.0,Não,,Fabricação de outros equipamentos e aparelhos elétricos não especificados anteriormente,SP,Sudeste,SÃO PAULO,Vila Mariana
2185,21,"2018-05-29","2024-04-16","2024-07-31",2800000.0,Não,,"Transporte rodoviário de carga, exceto produtos perigosos e mudanças, intermunicipal, interestadual e internacional",SP,Sudeste,CAJAMAR,Empresarial Mirante de Cajamar (Polvilho)
2186,9,"2018-04-11","2020-08-17","2020-12-16",1.0,Não,,"Comércio atacadista de produtos da extração mineral, exceto combustíveis",SP,Sudeste,PINDAMONHANGABA,Feital
2187,9,"2018-05-22","1900-01-01","1900-01-01",1.0,Não,,"Comércio atacadista de produtos da extração mineral, exceto combustíveis",SC,Sul,ITAJAÍ,Itaipava
2188,0,"1900-01-01","1900-01-01","1900-01-01",0.0,Não,,Fabricação de embalagens metálicas,SP,Sudeste,SOROCABA,EDEN
2189,0,"2021-08-26","1900-01-01","1900-01-01",0.0,Não,,Comércio atacadista de outros produtos químicos e petroquímicos não especificados anteriormente,SP,Sudeste,SANTANA DE PARNAÍBA,Tamboré
2190,83,"2019-06-11","2021-11-11","2022-10-30",20000000,Não,"2022-06-08",Comércio atacadista de carnes bovinas e suínas e derivados,SP,Sudeste,SÃO PAULO,Várzea da Barra Funda
2191,83,"2019-07-12","2021-11-11","2022-10-30",20000000,Não,,Sem Segmento,SP,Sudeste,LENÇÓIS PAULISTA,Parque Residencial São José
2192,83,"2019-07-12","2021-11-11","2022-10-30",20000000,Não,"2022-06-08",Sem Segmento,PA,Norte,ÁGUA AZUL DO NORTE,ZONA RURAL
2193,83,"2019-06-11","2025-06-02","2025-10-31",20000000,Não,,AGRO,SP,Sudeste,LENÇÓIS PAULISTA,Parque Residencial São José
2194,83,"2019-07-12","2021-11-11","2022-10-30",20000000,Não,"2022-06-08",Sem Segmento,PA,Norte,SÃO FÉLIX DO XINGU,ZONA RURAL
2195,83,"2019-07-12","2021-11-11","2022-10-30",20000000,Não,,Sem Segmento,GO,Centro Oeste,CACHOEIRA ALTA,ZONA RURAL
2196,0,"2021-08-30","2022-06-30","2022-12-30",130000.0,Não,,Comércio varejista de materiais de construção não especificados anteriormente,SP,Sudeste,JUNDIAI,PARQUE UNIÃO
2197,0,"2018-10-09","2024-12-19","2025-02-28",3925000.0,Sim,"2022-02-21",Produção de laminados de alumínio,SP,Sudeste,SÃO PAULO,Vila Independência
2198,228,"2021-06-22","1900-01-01","2022-09-30",2500000.0,Não,,"Comércio atacadista de produtos siderúrgicos e metalúrgicos, exceto para construção",SP,Sudeste,SÃO PAULO,Parque Industrial Tomas Edson
2199,0,"2020-09-21","2022-03-04","2022-08-31",1300000.0,Não,,Agências de publicidade,SP,Sudeste,SÃO PAULO,Vila Uberabinha
2200,0,"1900-01-01","1900-01-01","1900-01-01",350000.0,Não,,Impressão de material para uso publicitário,SP,Sudeste,SAO PAULO,SAO BERNARDO
2201,304,"2020-03-09","2021-04-05","2021-10-04",1400000.0,Não,,Comércio atacadista especializado em outros produtos intermediários não especificados anteriormente,SP,Sudeste,SÃO PAULO,VILA CALIFÓRNIA
2202,0,"2021-06-21","1900-01-01","1900-01-01",0.0,Não,,Comércio varejista de outros produtos não especificados anteriormente,MG,Sudeste,UBERLÂNDIA,Distrito Industrial
2203,0,"2019-02-25","1900-01-01","1900-01-01",0.0,Não,,Moagem e fabricação de produtos de origem vegetal não especificados anteriormente,"","","",""
2204,3,"2021-03-22","1900-01-01","2023-01-30",9500000.0,Não,,Comércio atacadista especializado em outros produtos intermediários não especificados anteriormente,SP,Sudeste,SÃO PAULO,Bom Retiro
2205,0,"2018-11-29","1900-01-01","1900-01-01",0.0,Não,,Comércio atacadista de outras máquinas e equipamentos não especificados anteriormente; partes e peças,SP,Sudeste,PIRACICABA,Centro
2206,0,"2020-03-26","2020-04-06","2020-05-06",1.0,Sim,"2022-02-21",Fabricação de artefatos de material plástico para usos industriais,SP,Sudeste,CAMPINAS,Jardim São José
2207,0,"1900-01-01","2018-07-03","2018-11-04",300000.0,Não,,"Fabricação de tintas, vernizes, esmaltes e lacas",SP,Sudeste,SAO PAULO,VARZEA DA BARRA
2208,62,"2018-12-28","1900-01-01","1900-01-01",0.0,Não,,"Instalação e manutenção de sistemas centrais de ar condicionado, de ventilação e refrigeração",MG,Sudeste,CONTAGEM,Chácaras Reunidas Santa Terezinha
2209,62,"2018-12-28","1900-01-01","1900-01-01",0.0,Não,,Serviços de engenharia,SP,Sudeste,SÃO PAULO,Vila Olímpia
2210,0,"2022-01-10","2025-08-22","2025-08-31",14300000,Não,,Comércio atacadista de café em grão,MG,Sudeste,PATROCÍNIO,Industrial
2211,0,"2019-09-10","2019-09-09","2022-11-01",700000.0,Não,,"Fabricação de frutas cristalizadas, balas e semelhantes",SP,Sudeste,SOROCABA,Além Ponte
2212,27,"2018-07-30","2025-10-10","2025-11-30",82000000,Não,,"Produção de relaminados, trefilados e perfilados de aço, exceto arames",SP,Sudeste,SÃO PAULO,Liberdade
2213,27,"2018-08-09","2025-10-10","2025-11-30",82000000,Não,,"Produção de relaminados, trefilados e perfilados de aço, exceto arames",SP,Sudeste,JACAREÍ,Conjunto Habitacional Marinho
2214,0,"2021-03-01","2025-11-10","2026-02-28",100000.0,Não,,Comércio,SP,Sudeste,BARUERI,Alphaville Conde II
2215,0,"2019-03-14","2020-02-03","2020-12-02",400000.0,Sim,"2022-02-21",Fabricação de produtos de panificação industrial,SP,Sudeste,COTIA,Parque Rincão
2216,0,"1900-01-01","1900-01-01","1900-01-01",900000.0,Não,,Sem Segmento,SP,Sudeste,SAO BERNARDO DO CAMP,RUDGE RAMOS
2217,0,"2021-09-08","2021-09-06","2022-03-05",0.0,Sim,"2024-04-09",Serviços combinados de escritório e apoio administrativo,SP,Sudeste,SÃO PAULO,Itaquera
2218,68,"2018-12-14","2025-09-09","2025-11-30",20000000,Sim,"2024-09-30",Fabricação de alimentos para animais,SP,Sudeste,ADAMANTINA,CORREGO TOCANTINS
2219,57,"2018-04-02","2019-01-09","2019-05-08",1.0,Não,,Fabricação de açúcar em bruto,SP,Sudeste,TAPIRATIBA,NULL
2220,57,"2018-11-19","2018-12-03","2019-04-02",1.0,Não,,Comércio atacadista de produtos alimentícios em geral,SP,Sudeste,TAPIRATIBA,""
2221,0,"2021-06-25","2022-03-25","2025-12-31",6000000.0,Não,,"Fabricação de máquinas e equipamentos para as indústrias de celulose, papel e papelão e artefatos, peças e acessórios",PR,Sul,CURITIBA,Pinheirinho
2222,0,"2019-03-14","1900-01-01","1900-01-01",0.0,Não,,Instalação e manutenção elétrica,SP,Sudeste,SÃO BERNARDO DO CAMPO,Nova Petrópolis
2223,0,"2021-07-16","1900-01-01","1900-01-01",0.0,Não,,Fabricação de outros produtos de metal não especificados anteriormente,SP,Sudeste,SAO JOSE DOS CAMPOS,CHAC REUNIDAS
2224,0,"1900-01-01","1900-01-01","1900-01-01",0.0,Não,,Fabricação de artefatos de material plástico para outros usos não especificados anteriormente,SP,Sudeste,IPEUNA,RURAL
2225,0,"2018-12-20","1900-01-01","1900-01-01",0.0,Não,,"Serviços de cartografia, topografia e geodésia",SP,Sudeste,SANTANA DE PARNAÍBA,Chácara do Solar I (Fazendinha)
2226,0,"2021-07-20","1900-01-01","1900-01-01",0.0,Não,,Fabricação de adesivos e selantes,SP,Sudeste,VINHEDO,DISTRITO INDUSTRIAL
2227,0,"2021-09-20","2021-09-20","2022-03-19",2000000.0,Não,,Comércio atacadista de resinas e elastômeros,SP,Sudeste,GUARULHOS,JD SAO GERALDO
2228,0,"2018-11-19","1900-01-01","1900-01-01",0.0,Não,,Sem Segmento,CE,Nordeste,CAUCAIA,Parque Leblon
2229,0,"2020-05-13","1900-01-01","1900-01-01",0.0,Não,,Fabricação de periféricos para equipamentos de informática,SC,Sul,FLORIANÓPOLIS,Santo Antônio de Lisboa
2230,0,"2021-09-20","2021-09-20","2022-03-19",3000000.0,Não,,Abate de aves,SP,Sudeste,PEREIRAS,ZONA INDL PEREIRAS
2231,0,"2021-09-24","1900-01-01","1900-01-01",0.0,Não,,Abate de aves,SP,Sudeste,SOROCABA,VILA HORTENCIA
2232,21,"2019-11-21","2025-05-26","2025-08-31",2800000.0,Não,,"Transporte rodoviário de carga, exceto produtos perigosos e mudanças, intermunicipal, interestadual e internacional",SP,Sudeste,CAJAMAR,Empresarial Mirante de Cajamar (Polvilho)
2233,278,"2020-03-19","2025-06-23","2025-10-31",3200000.0,Não,,Fabricação de azulejos e pisos,SP,Sudeste,PIRACICABA,Parque São Jorge
2234,0,"2019-08-27","2019-08-26","2019-12-25",300000.0,Sim,"2022-02-21",Fabricação de massas alimentícias,SP,Sudeste,AMERICANA,Vila Bertine
2235,0,"2018-12-17","1900-01-01","1900-01-01",0.0,Não,,Administração de obras,SP,Sudeste,BARUERI,Alphaville Industrial
2236,54,"2018-11-27","2020-03-16","2020-07-15",1.0,Não,,Comércio atacadista de cereais e leguminosas beneficiados,PR,Sul,TOLEDO,Centro
2237,54,"2019-11-14","1900-01-01","1900-01-01",1.0,Não,,Moagem de trigo e fabricação de derivados,PR,Sul,TOLEDO,Vila Becker
2238,54,"2019-11-14","2021-09-20","2021-09-21",1.0,Não,,"Fabricação de óleos vegetais em bruto, exceto óleo de milho",PR,Sul,MARECHAL CANDIDO RONDON,Centro
2239,0,"2021-10-14","1900-01-01","1900-01-01",0.0,Não,,Fabricação de baterias e acumuladores para veículos automotores,PR,Sul,APUCARANA,PARQUE INDUSTRIAL OE
2240,0,"2022-02-25","2024-02-05","2024-05-31",5000000.0,Não,,"Fabricação de cabines, carrocerias e reboques para caminhões",SC,Sul,IÇARA,PRIMEIRO DE MAIO
2241,0,"2021-10-15","1900-01-01","1900-01-01",0.0,Não,,Comércio a varejo de pneumáticos e câmaras-de-ar,PR,Sul,MARINGÁ,Zona 07
2242,354,"2020-05-26","2023-10-31","2024-05-31",18000000,Sim,"2022-02-21",Alimentar,SP,Sudeste,SÃO PAULO,Canindé
2243,354,"2021-12-08","2023-10-31","2024-05-31",18000000,Sim,"2022-02-21",Fabricação de biscoitos e bolachas,PR,Sul,ARAPONGAS,Parque Industrial I
2244,0,"2018-09-17","2018-09-17","2018-09-18",1.0,Não,,Comércio varejista especializado de eletrodomésticos e equipamentos de áudio e vídeo,PR,Sul,ARAPONGAS,Jardim Petrópolis
2245,132,"2021-07-06","1900-01-01","2023-03-01",40000000,Não,,Comércio por atacado de peças e acessórios novos para veículos automotores,PR,Sul,CURITIBA,Boqueirão
2246,0,"2022-01-17","2022-01-17","2022-01-17",0.0,Não,,"Clubes sociais, esportivos e similares",PR,Sul,CURITIBA,Alto da Glória
2247,0,"2021-12-06","2025-11-04","2026-03-31",11000000,Não,"2024-05-31",AGRO,PR,Sul,MARINGÁ,PARQUE INDUSTRIAL II
2248,222,"2020-11-24","2025-08-18","2026-01-31",50000000,Não,,Atividades do Operador Portuário,PR,Sul,PARANAGUÁ,Vila Portuaria
2249,327,"2021-07-04","2025-05-28","2025-09-30",20000000,Não,,"Transporte rodoviário de carga, exceto produtos perigosos e mudanças, intermunicipal, interestadual e internacional",PR,Sul,CASCAVEL,"14 de Novembro"
2250,337,"2021-08-24","2021-09-06","2022-03-05",50000000,Não,,Serviços combinados de escritório e apoio administrativo,PR,Sul,CURITIBA,Hugo Lange
2251,337,"2021-09-29","2021-09-06","2022-03-05",50000000,Não,,"Outras sociedades de participação, exceto holdings",PR,Sul,CURITIBA,Hugo Lange
2252,0,"2020-05-05","2020-05-22","2020-09-21",6000000.0,Não,,Fabricação de laticínios,PR,Sul,LONDRINA,Jardim Novo Sabará
2253,295,"2021-02-22","2021-02-22","2021-05-21",300000.0,Não,,Fabricação de cal e gesso,PR,Sul,COLOMBO,RIBEIRÃO DAS ONÇAS
2254,43,"2018-10-02","2025-10-30","2026-02-28",2500000.0,Não,,Fabricação de papel,AC,Norte,GUARAPUAVA,Xarquinho
2255,0,"2021-10-25","1900-01-01","1900-01-01",0.0,Não,,AGRO,PR,Sul,PATO BRANCO,Fraron
2256,0,"2021-07-06","1900-01-01","2023-01-01",0.0,Não,,"Comércio atacadista de mercadorias em geral, com predominância de insumos agropecuários",PR,Sul,MEDIANEIRA,AREA INDUSTRIAL
2257,291,"2019-04-05","2021-02-22","2021-08-21",1.0,Não,,Comércio atacadista de cereais e leguminosas beneficiados,PR,Sul,CURITIBA,AGUA VERDE
2258,291,"2021-12-13","1900-01-01","1900-01-01",1.0,Não,,Incorporação de empreendimentos imobiliários,"","","",""
2259,1197,"2021-07-07","2025-10-21","2026-02-28",20000000,Não,,Comércio,PR,Sul,PALOTINA,LINHA SALETE
2260,0,"2020-05-26","2021-08-16","2022-02-15",700000.0,Sim,"2022-02-21",Comércio atacadista de matérias-primas agrícolas não especificadas anteriormente,PR,Sul,SANTO ANTONIO DO SUDOESTE,CENTRO
2261,0,"2020-12-29","2021-10-08","2022-04-06",1000000.0,Não,,"Clubes sociais, esportivos e similares",SC,Sul,FLORIANÓPOLIS,Carianos
2262,0,"2021-08-06","1900-01-01","1900-01-01",0.0,Não,,Fabricação de vidro plano e de segurança,PR,Sul,CURITIBA,CIDADE INDUSTRIAL
2263,0,"2021-11-30","2023-03-01","2024-05-31",35000000,Não,,Serviços de engenharia,PR,Sul,LONDRINA,Estância Dlaville
2264,807,"2021-02-24","2023-09-28","2023-11-30",25000000,Não,,Comércio por atacado de pneumáticos e câmaras-de-ar,SC,Sul,ITAJAÍ,Itaipava
2265,0,"2021-11-22","1900-01-01","1900-01-01",0.0,Não,,Torrefação e moagem de café,PR,Sul,LONDRINA,Warta
2266,0,"2021-11-10","2022-06-14","2024-07-31",1500000.0,Não,,Construção de edifícios,PR,Sul,CURITIBA,São Francisco
2267,0,"2021-07-23","1900-01-01","1900-01-01",0.0,Não,,Fabricação de artefatos de material plástico para usos industriais,SC,Sul,JOINVILLE,ZONA INDUSTRIAL NORTE
2268,92,"2019-07-05","2019-08-05","2019-12-04",2000000.0,Sim,"2022-02-21",Preparação do leite,PR,Sul,FRANCISCO BELTRAO,MARRECAS
2269,92,"2019-08-16","1900-01-01","1900-01-01",2000000.0,Não,,Preparação do leite,PR,Sul,CRUZEIRO DO OESTE,""
2270,92,"2019-08-28","1900-01-01","1900-01-01",2000000.0,Não,,Preparação do leite,PR,Sul,CRUZEIRO DO OESTE,SUL BRASILEIRA
2271,0,"2021-08-30","2021-11-29","2022-05-28",5000000.0,Sim,"2022-06-23",AGRO,PR,Sul,CORNÉLIO PROCÓPIO,CENTRO
2272,0,"2022-01-27","2025-03-14","2025-07-31",20000000,Não,,AGRO,PR,Sul,MANDAGUARI,JARDIM ESPLANADA
2273,232,"2020-09-02","2024-12-03","2025-03-31",2000000.0,Não,,AGRO,PR,Sul,LONDRINA,Gleba Fazenda Palhano
2274,231,"2021-08-24","2024-12-06","2025-03-31",7000000.0,Sim,"2024-06-21",Moagem de trigo e fabricação de derivados,PR,Sul,PINHAIS,Vargem Grande
2275,231,"2021-06-28","2024-12-06","2025-03-31",7000000.0,Não,,Moagem de trigo e fabricação de derivados,PR,Sul,PINHAIS,Vargem Grande
2276,338,"2019-12-17","2022-05-30","2022-07-30",12000000,Não,,"Fabricação de cabines, carrocerias e reboques para caminhões",PR,Sul,SARANDI,Jardim Europa
2277,338,"2021-09-21","2022-05-30","2022-07-30",12000000,Não,,"Fabricação de cabines, carrocerias e reboques para caminhões",SP,Sudeste,REGENTE FEIJO,DISTRITO INDUSTRIAL
2278,0,"2020-12-15","2020-12-28","2021-01-27",1.0,Não,,Fabricação de peças e acessórios para o sistema motor de veículos automotores,PR,Sul,CURITIBA,Cidade Industrial
2279,291,"2021-11-16","1900-01-01","1900-01-01",1.0,Não,,Construção de rodovias e ferrovias,PR,Sul,CASCAVEL,Centro
2280,883,"2020-02-27","2023-10-31","2024-02-29",4000000.0,Sim,"2023-06-01",Fabricação de azulejos e pisos,SC,Sul,ICARA,GETULIO VARGAS
2281,290,"2021-04-26","2021-05-17","2021-11-16",500000.0,Não,,Fabricação de embalagens metálicas,PR,Sul,PONTA GROSSA,Boa Vista
2282,0,"1900-01-01","1900-01-01","1900-01-01",0.0,Não,,"Fabricação de acessórios do vestuário, exceto para segurança e proteção",PR,Sul,ROSARIO DO IVAI,""
2283,0,"2021-09-23","2021-10-04","2022-04-01",2000000.0,Não,,Fabricação de obras de caldeiraria pesada,PR,Sul,ASSAÍ,DISTRITO INDUSTRIL
2284,0,"2019-04-25","2019-04-29","2019-08-28",5.0,Não,,Extração de carvão mineral,SC,Sul,LAURO MÜLLER,GUATA
2285,0,"2020-03-06","2024-05-06","2024-09-30",3000000.0,Não,,Fabricação de tubos e acessórios de material plástico para uso na construção,PR,Sul,FAZENDA RIO GRANDE,Eucaliptos
2286,0,"2020-03-06","1900-01-01","2022-08-01",0.0,Sim,"2024-04-01","Confecção de peças do vestuário, exceto roupas íntimas e as confeccionadas sob medida",SC,Sul,POMERODE,CENTRO
2287,0,"2021-08-02","2023-06-23","2023-11-30",30000000,Não,,Produção de tubos de aço com costura,SC,Sul,SÃO BENTO DO SUL,Brasília
2288,353,"2021-11-30","2025-09-29","2026-02-28",18006000,Sim,"2022-02-21",AGRO,PR,Sul,CASCAVEL,Nova Cidade
2289,162,"2020-07-21","2021-11-29","2022-10-30",7000000.0,Não,,Fabricação de outros produtos de minerais não-metálicos não especificados anteriormente,PR,Sul,CURITIBA,Cidade Industrial
2290,0,"2019-12-30","2020-01-20","2020-05-19",800000.0,Não,,Fabricação de azulejos e pisos,"","","",""
2291,0,"2020-03-06","1900-01-01","1900-01-01",0.0,Não,,Fabricação de artefatos têxteis para uso doméstico,SC,Sul,BLUMENAU,Itoupava Norte
2292,0,"2020-04-02","2020-04-01","2020-05-01",0.0,Não,,Fabricação de tecidos de malha,SC,Sul,JARAGUÁ DO SUL,São Luís
2293,0,"2021-08-04","2022-05-23","2022-11-30",2000000.0,Não,,Serrarias com desdobramento de madeira em bruto.,SC,Sul,PAPANDUVA,INDUSTRIAL
2294,0,"2020-03-06","2025-02-17","2025-06-30",2000000.0,Não,,Tecelagem de fios de algodão,SC,Sul,BRUSQUE,Centro
2295,0,"2020-03-06","2025-10-28","2026-02-28",10000000,Não,,"Fabricação de outros aparelhos eletrodomésticos não especificados anteriormente, peças e acessórios",SC,Sul,BRUSQUE,Limoeiro
2296,0,"2020-02-20","1900-01-01","1900-01-01",0.0,Não,,Extração de carvão mineral,SC,Sul,SIDERÓPOLIS,RIO FIORITA
2297,162,"2021-05-03","1900-01-01","2022-09-30",7000000.0,Não,,"Obras de urbanização - ruas, praças e calçadas",PA,Norte,ANANINDEUA,Aurá
2298,110,"2021-04-05","1900-01-01","2022-08-06",7000000.0,Não,,"Transporte rodoviário de carga, exceto produtos perigosos e mudanças, intermunicipal, interestadual e internacional",SP,Sudeste,SÃO PAULO,Vila Arcádia
2299,294,"2021-05-10","2021-11-22","2022-05-21",30000000,Não,,Fabricação de azulejos e pisos,SC,Sul,TIJUCAS,CENTRO
2300,0,"2020-03-06","1900-01-01","1900-01-01",0.0,Não,,Fabricação de artefatos de material plástico para uso pessoal e doméstico,SC,Sul,GASPAR,SANTA TEREZINHA
2301,0,"2021-08-26","2024-04-08","2024-06-30",1000000.0,Não,,Fabricação de embalagens de material plástico,SC,Sul,JOINVILLE,Boa Vista
2302,482,"2020-03-06","2025-09-05","2026-01-31",13000000,Sim,"2022-10-11",Fabricação de artefatos de fibrocimento para uso na construção,SC,Sul,CRICIÚMA,Próspera
2303,0,"2020-10-22","1900-01-01","1900-01-01",0.0,Não,,"Clubes sociais, esportivos e similares",SC,Sul,FLORIANÓPOLIS,Canto
2304,0,"2020-03-06","1900-01-01","1900-01-01",0.0,Não,,"Fabricação de fogões, refrigeradores e máquinas de lavar e secar para uso doméstico, peças e acessórios",SC,Sul,INDAIAL,JOAO PAULO II
2305,0,"2021-10-04","2025-06-06","2025-09-30",3000000.0,Não,,"Confecção de peças do vestuário, exceto roupas íntimas e as confeccionadas sob medida",SC,Sul,APIÚNA,CENTRO
2306,0,"2020-06-15","1900-01-01","1900-01-01",0.0,Não,,Comércio varejista de materiais de construção em geral,SC,Sul,JARAGUÁ DO SUL,Centro
2307,82,"2020-11-24","2020-11-23","2021-05-22",30000000,Não,,Fabricação de embalagens de material plástico,AM,Norte,MANAUS,Santa Etelvina
2308,52,"2021-03-23","1900-01-01","1900-01-01",4767000.0,Não,,Comércio atacadista especializado em outros produtos alimentícios não especificados anteriormente,"","","",""
2309,65,"2021-03-29","2025-05-12","2025-06-30",780000.0,Não,,Fabricação de peças e acessórios para o sistema motor de veículos automotores,SC,Sul,JOINVILLE,Zona Industrial Norte
2310,353,"2021-11-26","2023-08-23","2023-10-31",18006000,Sim,"2022-02-21",AGRO,PR,Sul,CASCAVEL,ALVORADA
2311,193,"2021-03-22","1900-01-01","1900-01-01",0.0,Não,,Sem Segmento,"","","",""
2312,0,"2019-10-22","2020-10-26","2021-04-25",1.0,Sim,"2022-02-21","Confecção de peças do vestuário, exceto roupas íntimas e as confeccionadas sob medida",SC,Sul,BLUMENAU,Escola Agrícola
2313,0,"2020-03-06","2021-07-05","2021-07-06",1.0,Não,,Fabricação de móveis com predominância de madeira,SC,Sul,SÃO BENTO DO SUL,Oxford
2314,82,"2019-02-12","2023-11-22","2024-04-30",30000000,Não,,Fabricação de embalagens de material plástico,SC,Sul,SÃO LUDGERO,INDUSTRIAL
2315,334,"2021-08-24","1900-01-01","2022-07-01",26000000,Não,,Sem Segmento,SP,Sudeste,SÃO PAULO,Bela Vista
2316,63,"2020-08-20","1900-01-01","2022-06-01",1.0,Não,,Armazéns gerais - emissão de warrant,SP,Sudeste,SÃO JOSÉ DO RIO PARDO,zona rural
2317,3,"2018-09-14","2025-10-31","2026-02-28",9500000.0,Não,,Atividades de pós-colheita,MT,Centro Oeste,SORRISO,DISTRITO PRIMAVERA
2318,3,"2018-08-30","2025-10-31","2026-02-28",9500000.0,Não,,Sem Segmento,DF,Centro Oeste,BRASÍLIA,Asa Norte
2319,3,"2020-08-06","2025-10-31","2026-02-28",9500000.0,Não,,Sem Segmento,SP,Sudeste,ÁLVARES MACHADO,CENTRO
2320,348,"2021-09-14","2025-10-29","2026-02-28",11000000,Não,,"Comércio atacadista de defensivos agrícolas, adubos, fertilizantes e corretivos do solo",PR,Sul,LONDRINA,LEONOR
2321,348,"2021-10-28","2025-10-29","2026-02-28",11000000,Não,,AGRO,PR,Sul,SAO SEBASTIAO DA AMOREIRA,SECCAO AMOREIRA
2322,348,"2021-10-28","2025-10-29","2026-02-28",11000000,Não,,Sem Segmento,PR,Sul,CAMBÉ,Centro
2323,348,"2021-10-28","2025-10-29","2026-02-28",11000000,Não,,AGRO,PR,Sul,SAO SEBASTIAO DA AMOREIRA,SECCAO AMOREIRA
2324,0,"2018-07-23","2018-07-23","2018-07-24",1.0,Não,,Fabricação de laticínios,RS,Sul,PELOTAS,CENTRO
2325,149,"2020-09-23","2023-04-27","2026-01-31",5000000.0,Não,,"Transporte rodoviário de carga, exceto produtos perigosos e mudanças, intermunicipal, interestadual e internacional",RS,Sul,PORTO ALEGRE,São João
2326,149,"2020-10-07","1900-01-01","1900-01-01",5000000.0,Não,,Transporte rodoviário de produtos perigosos,SP,Sudeste,BARUERI,Jardim Maria Cristina
2327,149,"2020-10-07","1900-01-01","1900-01-01",5000000.0,Não,,Transporte rodoviário de produtos perigosos,SP,Sudeste,GUARATINGUETÁ,Engenheiro Neiva
2328,149,"2020-10-07","1900-01-01","1900-01-01",5000000.0,Não,,Transporte rodoviário de produtos perigosos,MT,Centro Oeste,CUIABÁ,Distrito Industrial
2329,149,"2020-10-07","1900-01-01","1900-01-01",5000000.0,Não,,Transporte rodoviário de produtos perigosos,GO,Centro Oeste,APARECIDA DE GOIANIA,JD PARAISO ACRESCIMO
2330,149,"2020-10-07","1900-01-01","1900-01-01",5000000.0,Não,,Transporte rodoviário de produtos perigosos,BA,Nordeste,LUÍS EDUARDO MAGALHÃES,SANTA CRUZ
2331,149,"2020-10-07","1900-01-01","1900-01-01",5000000.0,Não,,Transporte rodoviário de produtos perigosos,RJ,Sudeste,BELFORD ROXO,Bom Pastor
2332,149,"2020-10-07","1900-01-01","1900-01-01",5000000.0,Não,,Transporte rodoviário de produtos perigosos,PR,Sul,IBIPORÃ,PQ INDL NENE FAVORET
2333,149,"2020-10-07","1900-01-01","1900-01-01",5000000.0,Não,,Transporte rodoviário de produtos perigosos,SP,Sudeste,PAULÍNIA,Santa Terezinha
2334,149,"2020-10-07","1900-01-01","1900-01-01",5000000.0,Não,,Armazéns gerais - emissão de warrant,RS,Sul,CARAZINHO,D IND CARLOS A FRITZ
2335,149,"2020-10-07","1900-01-01","1900-01-01",5000000.0,Não,,"Transporte rodoviário de carga, exceto produtos perigosos e mudanças, municipal",RS,Sul,PORTO ALEGRE,São João
2336,149,"2020-10-07","1900-01-01","1900-01-01",5000000.0,Não,,"Transporte rodoviário de carga, exceto produtos perigosos e mudanças, intermunicipal, interestadual e internacional",RS,Sul,SAPUCAIA DO SUL,TRES PORTOS
2337,149,"2020-10-07","1900-01-01","1900-01-01",5000000.0,Não,,Transporte rodoviário de produtos perigosos,MG,Sudeste,UBERABA,Jardim Santa Clara
2338,149,"2020-10-07","1900-01-01","1900-01-01",5000000.0,Não,,"Transporte rodoviário de carga, exceto produtos perigosos e mudanças, intermunicipal, interestadual e internacional",RS,Sul,CARAZINHO,D IND CARLOS A FRITZ
2339,149,"2020-10-07","1900-01-01","1900-01-01",5000000.0,Não,,Armazéns gerais - emissão de warrant,PR,Sul,IBIPORÃ,PQ INDL NENE FAVORET
2340,149,"2020-09-24","2023-04-27","2024-08-31",5000000.0,Não,,Armazéns gerais - emissão de warrant,SP,Sudeste,BARUERI,Jardim Maria Cristina
2341,149,"2020-10-07","1900-01-01","1900-01-01",5000000.0,Não,,"Transporte rodoviário de carga, exceto produtos perigosos e mudanças, intermunicipal, interestadual e internacional",SP,Sudeste,BARUERI,Jardim Maria Cristina
2342,149,"2020-10-07","1900-01-01","1900-01-01",5000000.0,Não,,"Transporte rodoviário de carga, exceto produtos perigosos e mudanças, intermunicipal, interestadual e internacional",SP,Sudeste,SERTÃOZINHO,Jardim Sumaré
2343,149,"2020-10-07","1900-01-01","1900-01-01",5000000.0,Não,,Armazéns gerais - emissão de warrant,MT,Centro Oeste,CUIABÁ,Distrito Industrial
2344,149,"2020-09-24","2023-04-27","2024-08-31",5000000.0,Não,,Armazéns gerais - emissão de warrant,BA,Nordeste,LUÍS EDUARDO MAGALHÃES,ZONA RURAL
2345,149,"2020-10-07","1900-01-01","1900-01-01",5000000.0,Não,,Armazéns gerais - emissão de warrant,GO,Centro Oeste,APARECIDA DE GOIANIA,JD PARAISO ACRESCIMO
2346,149,"2020-10-07","1900-01-01","1900-01-01",5000000.0,Não,,Armazéns gerais - emissão de warrant,SP,Sudeste,FRANCO DA ROCHA,Vila Ramos
2347,149,"2020-10-07","2023-04-27","2024-08-31",5000000.0,Não,,Armazéns gerais - emissão de warrant,MT,Centro Oeste,SORRISO,AREA EXPANSAO URBANA
2348,149,"2020-10-07","1900-01-01","1900-01-01",5000000.0,Não,,Transporte rodoviário de produtos perigosos,MT,Centro Oeste,SORRISO,AREA EXPANSAO URBANA
2349,149,"2020-10-07","1900-01-01","1900-01-01",5000000.0,Não,,Transporte rodoviário de produtos perigosos,BA,Nordeste,CAMAÇARI,POLO INDL DE CAMAÇAR
2350,149,"2020-10-07","1900-01-01","1900-01-01",5000000.0,Não,,Armazéns gerais - emissão de warrant,BA,Nordeste,CAMAÇARI,POLO INDL CAMAÇARI
2351,149,"2020-09-24","2023-04-27","2024-08-31",5000000.0,Não,,Armazéns gerais - emissão de warrant,MT,Centro Oeste,CUIABÁ,"Distrito Industrial"
2352,149,"2020-10-07","1900-01-01","1900-01-01",5000000.0,Não,,Armazéns gerais - emissão de warrant,CE,Nordeste,MARACANAÚ,Distrito Industrial I
2353,149,"2020-10-07","1900-01-01","1900-01-01",5000000.0,Não,,Transporte rodoviário de produtos perigosos,CE,Nordeste,MARACANAÚ,Distrito Industrial I
2354,149,"2020-10-07","1900-01-01","1900-01-01",5000000.0,Não,,Sem Segmento,TO,Norte,COLINAS DO TOCANTINS,DIST INDL TOCANTINS
2355,149,"2020-09-24","2023-04-27","2024-08-31",5000000.0,Não,,Armazéns gerais - emissão de warrant,TO,Norte,COLINAS DO TOCANTINS,DISTRITO INDUSTRIAL
2356,149,"2020-10-07","1900-01-01","2022-03-20",5000000.0,Não,,Transporte rodoviário de produtos perigosos,MT,Centro Oeste,QUERÊNCIA,ZONA RURAL
2357,149,"2020-10-07","1900-01-01","2022-03-20",5000000.0,Não,,Armazéns gerais - emissão de warrant,MT,Centro Oeste,QUERÊNCIA,ZONA RURAL
2358,874,"2020-03-12","2023-07-10","2023-12-31",13500000,Não,,Plastico,RS,Sul,CAXIAS DO SUL,São Cristóvão
2359,412,"2021-10-04","2022-03-29","2022-10-01",500000.0,Sim,"2023-08-29","Fabricação de máquinas, equipamentos e aparelhos para transporte e elevação de cargas, peças e acessórios",RS,Sul,SANTO ANTONIO DA PATRULHA,PITANGUEIRA
2360,102,"2020-01-02","2023-02-17","2023-11-30",9000000.0,Não,,Fabricação de artefatos de borracha não especificados anteriormente,RS,Sul,NOVA PRATA,CENTRO
2361,0,"2020-09-08","1900-01-01","2022-06-30",0.0,Não,,Sem Segmento,RS,Sul,GARIBALDI,GARIBALDI
2362,292,"2020-09-09","2025-10-31","2026-03-31",45000000,Não,,Fabricação de aviamentos para costura,SP,Sudeste,SÃO PAULO,Paraíso
2363,233,"1900-01-01","2025-05-28","2025-10-31",1000000.0,Não,,Fabricação de outras peças e acessórios para veículos automotores não especificadas anteriormente,RS,Sul,CAXIAS DO SUL,São Pelegrino
2364,273,"2021-04-05","2021-04-05","2021-10-04",1.0,Não,,"Clubes sociais, esportivos e similares",RS,Sul,CAXIAS DO SUL,Centro
2365,0,"2022-02-08","2022-02-07","2022-06-07",0.0,Não,,"Transporte rodoviário de carga, exceto produtos perigosos e mudanças, intermunicipal, interestadual e internacional",RS,Sul,CHAPADA,CENTRO
2366,0,"2021-07-19","1900-01-01","1900-01-01",0.0,Não,,Fabricação de outros produtos de metal não especificados anteriormente,RS,Sul,CAXIAS DO SUL,Santa Catarina
2367,0,"2021-10-04","2023-03-03","2023-06-30",16000000,Sim,"2022-07-29",AGRO,RS,Sul,PORTO ALEGRE,Anchieta
2368,223,"2021-05-31","2022-09-20","2023-03-31",10000000,Não,,Abate de aves,RS,Sul,GARIBALDI,centro
2369,276,"2021-04-26","2023-01-23","2023-03-31",8000000.0,Não,,AGRO,RS,Sul,TEUTONIA,LANGUIRU
2370,0,"2021-11-05","1900-01-01","2022-06-30",0.0,Não,,Construção de edifícios,RS,Sul,SANTA ROSA,CENTRO
2371,458,"2020-09-23","2022-08-12","2022-10-31",2000000.0,Não,,Fabricação de artefatos de fibrocimento para uso na construção,RS,Sul,PORTO ALEGRE,CENTRO
2372,0,"2021-08-02","2021-08-02","2021-09-29",1.0,Não,,Serviços combinados de escritório e apoio administrativo,RJ,Sudeste,RIO DE JANEIRO - RJ,PAVUNA
2373,0,"2021-08-02","2021-08-02","2021-09-29",1.0,Não,,Fabricação de resinas termofixas,PR,Sul,ARAUCÁRIA,Thomaz Coelho
2374,105,"2020-02-05","2020-02-11","2022-07-01",500000.0,Sim,"2022-02-21",Fabricação de artefatos de borracha não especificados anteriormente,RS,Sul,PORTÃO,VILA XAVIER
2375,0,"2020-03-17","2020-04-16","2022-07-01",800000.0,Não,,Beneficiamento de arroz,RS,Sul,NOVA SANTA RITA,TABAI
2376,0,"2021-08-06","2022-11-14","2023-05-31",4700000.0,Não,,"Bancos múltiplos, com carteira comercial",SP,Sudeste,SÃO PAULO,Vila Nova Conceição
2377,0,"1900-01-01","2019-05-27","2019-05-30",1.0,Sim,"2022-02-21",Fabricação de peças e acessórios para o sistema de freios de veículos automotores,RS,Sul,CAXIAS DO SUL,Bela Vista
2378,0,"2020-03-13","1900-01-01","1900-01-01",0.0,Não,,Cultivo de maçã,RS,Sul,VACARIA,BAIRRO GLORIA
2379,453,"2021-06-07","2025-10-28","2026-02-28",34000000,Não,,AGRO,RS,Sul,NOVA PETRÓPOLIS,PIÁ
2380,0,"2021-09-13","2021-09-13","2022-03-12",1600000.0,Sim,"2022-02-21",Fabricação de calçados de couro,RS,Sul,IVOTI,CIDADE NOVA
2381,0,"2020-12-10","2020-12-21","2022-09-01",0.0,Sim,"2022-09-23","Fabricação de máquinas e equipamentos para a agricultura e pecuária, peças e acessórios, exceto para irrigação",RS,Sul,PASSO FUNDO,São Cristóvão
2382,0,"2021-08-05","1900-01-01","1900-01-01",0.0,Não,,Fabricação de artefatos de material plástico para usos industriais,RS,Sul,CAXIAS DO SUL,Medianeira
2383,314,"2020-11-12","2020-11-23","2021-05-22",10000000,Não,,Fabricação de intermediários para fertilizantes,SP,Sudeste,CUBATÃO,Zona Industrial
2384,187,"2021-03-09","2023-08-24","2024-02-29",12000000,Sim,"2022-02-21",Fabricação de aparelhos e equipamentos para distribuição e controle de energia elétrica,RS,Sul,PORTO ALEGRE,ANCHIETA
2385,187,"2021-02-09","2021-02-08","2021-08-07",12000000,Sim,"2022-02-21","Manutenção e reparação de geradores, transformadores e motores elétricos",RS,Sul,PORTO ALEGRE,São João
2386,187,"2021-03-09","2021-02-08","2021-08-07",12000000,Sim,"2022-02-21",Fabricação de aparelhos e equipamentos para distribuição e controle de energia elétrica,GO,Centro Oeste,ITUMBIARA,Distrito Agroindustrial II
2387,0,"2019-02-19","2019-02-18","2019-03-18",0.0,Não,,Holdings de instituições não-financeiras,RS,Sul,PORTO ALEGRE,Centro Histórico
2388,0,"2019-02-19","2019-02-18","2019-03-18",0.0,Não,,Hotéis,"","","",""
2389,174,"2020-12-16","2022-09-29","2023-03-31",7000000.0,Não,,"Transporte rodoviário coletivo de passageiros, sob regime de fretamento, municipal",DF,Centro Oeste,BRASÍLIA,Planaltina
2390,174,"2020-12-16","2022-09-29","2023-03-31",7000000.0,Não,,"Transporte rodoviário coletivo de passageiros, sob regime de fretamento, intermunicipal, interestadual e internacional",GO,Centro Oeste,FORMOSA,Setor Sul
2391,174,"2020-12-16","2022-09-29","2023-03-31",7000000.0,Não,,"Transporte rodoviário coletivo de passageiros, sob regime de fretamento, municipal",TO,Norte,PORTO NACIONAL,PORTO IMPERIAL
2392,174,"2020-12-16","2022-09-29","2023-03-31",7000000.0,Não,,"Transporte rodoviário coletivo de passageiros, sob regime de fretamento, municipal",GO,Centro Oeste,ITUMBIARA,Setor Santa Rita
2393,0,"2020-01-17","1900-01-01","1900-01-01",0.0,Não,,Beneficiamento de arroz,RS,Sul,SENTINELA DO SUL,ARACA
2394,0,"2020-10-22","1900-01-01","1900-01-01",0.0,Não,,Fabricação de laticínios,RS,Sul,VIAMÃO,""
2395,0,"2020-01-08","2024-02-09","2024-04-30",3000000.0,Não,,"Fabricação de fogões, refrigeradores e máquinas de lavar e secar para uso doméstico, peças e acessórios",RS,Sul,VENÂNCIO AIRES,BELA VISTA
2396,0,"2021-09-20","2021-09-20","2021-09-21",0.0,Não,,Construção de edifícios,RS,Sul,PORTO ALEGRE,São João
2397,0,"2020-04-13","1900-01-01","1900-01-01",0.0,Não,,"Transporte rodoviário de carga, exceto produtos perigosos e mudanças, intermunicipal, interestadual e internacional","","","",""
2398,193,"2021-03-22","2021-03-22","2021-03-23",0.0,Sim,"2024-05-03","Fabricação de máquinas e equipamentos para terraplenagem, pavimentação e construção, peças e acessórios, exceto tratores",RS,Sul,NOVO HAMBURGO,Rincão
2399,0,"1900-01-01","1900-01-01","1900-01-01",0.0,Não,,Fabricação de produtos de limpeza e polimento,SP,Norte,TREMEMBÉ,""
2400,0,"1900-01-01","1900-01-01","1900-01-01",0.0,Não,,"Fabricação de outras máquinas e equipamentos de uso geral não especificados anteriormente, peças e acessórios",SP,Sudeste,ATIBAIA,MATO DENTRO
2401,334,"2021-08-24","1900-01-01","2022-07-01",26000000,Não,,Comércio atacadista de matérias-primas agrícolas não especificadas anteriormente,SP,Sudeste,SÃO PAULO,Parque Industrial Tomas Edson
2402,334,"2021-08-24","1900-01-01","2022-07-01",26000000,Não,,Sem Segmento,SP,Sudeste,SÃO PAULO,Parque Industrial Tomas Edson
2403,0,"2019-01-21","1900-01-01","1900-01-01",0.0,Não,,Outras atividades de serviços prestados principalmente às empresas não especificadas anteriormente,BA,Nordeste,CATU,OSCAR PEREIRA
2404,0,"2018-03-27","2019-08-16","2019-08-17",5.0,Não,,Fabricação de laticínios,MS,Centro Oeste,INOCÊNCIA,""
2405,300,"2020-11-04","2024-03-18","2024-08-31",2000000.0,Não,,Fabricação de estruturas metálicas,SP,Sudeste,COTIA,Jardim Cláudio
2406,0,"2019-12-27","2020-02-26","2020-06-25",10.0,Não,,Comércio varejista de outros produtos não especificados anteriormente,RS,Sul,TRES DE MAIO,CENTRO
2407,128,"2020-06-02","1900-01-01","2022-08-01",0.0,Não,,"Fabricação de óleos vegetais em bruto, exceto óleo de milho",SP,Sudeste,SANTA ROSA,CENTRO
2408,128,"2020-06-03","1900-01-01","2022-08-01",0.0,Não,,"Fabricação de óleos vegetais em bruto, exceto óleo de milho",RS,Sul,SANTA ROSA,Centro
2409,128,"2020-06-03","1900-01-01","2022-08-01",0.0,Não,,"Fabricação de biocombustíveis, exceto álcool",RS,Sul,IJUÍ,IJUI
2410,299,"2022-02-18","1900-01-01","2022-12-31",2500000.0,Não,,Fabricação de lâmpadas,SP,Sudeste,SÃO PAULO,Água Branca
2411,0,"2022-02-18","2024-08-13","2025-01-31",15000000,Não,,Fabricação de intermediários para fertilizantes,PR,Sul,COLOMBO,Boicininga
2412,0,"2022-02-18","2022-03-11","2022-09-30",300000.0,Não,,Agências de viagens,SP,Sudeste,SÃO PAULO,República
2413,0,"2022-02-18","2022-09-20","2023-03-31",290000.0,Não,,Serviços de manutenção e reparação mecânica de veículos automotores,MG,Sudeste,SETE LAGOS,ELDORADO
2414,135,"2022-02-18","1900-01-01","2023-01-03",1.0,Sim,"2024-01-29",Comércio atacadista de cereais e leguminosas beneficiados,MS,Centro Oeste,DOURADOS,Área Rural de Dourados
2415,0,"2022-02-18","1900-01-01","1900-01-01",0.0,Sim,"2023-09-12","Comércio atacadista de defensivos agrícolas, adubos, fertilizantes e corretivos do solo",PR,Sul,CURITIBA,Água Verde
2416,0,"2022-02-18","1900-01-01","1900-01-01",0.0,Não,,Comércio atacadista de ferragens e ferramentas,ES,Sudeste,SERRA,JARDIM LIMOEIRO
2417,0,"2022-02-18","2022-08-12","2023-01-30",200000.0,Não,,Fabricação de estruturas metálicas,MG,Sudeste,SANTANA DO PARAISO,PQ CARAVELAS
2418,0,"2022-02-21","1900-01-01","1900-01-01",0.0,Não,,"Comércio atacadista de sementes, flores, plantas e gramas","","","",""
2419,263,"2022-02-24","1900-01-01","2022-08-31",5700000.0,Não,,"Fabricação de conservas de peixes, crustáceos e moluscos",MS,Centro Oeste,APARECIDA DO TABOADO,ZONA RURAL
2420,0,"2022-02-22","1900-01-01","1900-01-01",0.0,Não,,Comércio atacadista de cereais e leguminosas beneficiados,"","","",""
2421,0,"2022-02-22","1900-01-01","1900-01-01",0.0,Não,,Serviços de manutenção e reparação mecânica de veículos automotores,"","","",""
2422,0,"2022-02-22","1900-01-01","2022-08-22",0.0,Não,,Extração de madeira em florestas plantadas,GO,Centro Oeste,OUVIDOR,CENTRAL
2423,0,"2022-02-23","2023-09-29","2024-08-31",20000000,Não,,"Representantes comerciais e agentes do comércio de produtos alimentícios, bebidas e fumo",MG,Sudeste,UBERABA,Parque das Américas
2424,0,"2022-02-23","1900-01-01","1900-01-01",0.0,Não,,"Representantes comerciais e agentes do comércio de produtos alimentícios, bebidas e fumo",GO,Centro Oeste,CALDAS NOVAS,Do Turista
2425,0,"2022-02-23","1900-01-01","1900-01-01",0.0,Não,,Sem Segmento,SP,Sudeste,IGARAPAVA,Da Saudade
2426,0,"2022-02-22","1900-01-01","2022-08-22",0.0,Não,,Fabricação de alimentos para animais,TO,Norte,DOIS IRMÃOS DO TOCANTINS,CENTRO
2427,0,"2022-02-23","1900-01-01","1900-01-01",115000000,Não,,Serviços de manutenção e reparação elétrica de veículos automotores,"","","",""
2428,0,"2022-02-22","2023-04-17","2025-11-30",5000000.0,Não,,Serviços de engenharia,SP,Sudeste,BARUERI,Tamboré
2430,0,"2022-02-25","1900-01-01","1900-01-01",0.0,Não,,Preparação e fiação de fibras de algodão,"","","",""
2431,0,"2022-03-15","2022-05-30","2022-11-30",840000.0,Não,,Comércio varejista de artigos do vestuário e acessórios,SP,Sudeste,GUARULHOS,VILA GALVAO
2432,370,"2022-03-15","2024-10-25","2025-02-28",5000000.0,Não,,AGRO,SC,Sul,SÃO MIGUEL DO OESTE,L VISTA DAS FLORES LOTE RURAL
2433,370,"2022-03-15","2022-03-15","2022-09-30",5000000.0,Não,,"Locação de outros meios de transporte não especificados anteriormente, sem condutor",PR,Sul,GUARAPUAVA,São Cristóvão
2434,370,"2022-03-15","2022-03-15","2022-09-30",5000000.0,Não,,"Atividades de consultoria em gestão empresarial, exceto consultoria técnica específica",PR,Sul,GUARAPUAVA,CENTRO
2435,0,"2022-03-15","2022-03-15","2022-09-30",680000.0,Não,,Obras de montagem industrial,MG,Sudeste,BELO HORIZONTE,Santa Efigênia
2436,0,"2022-03-15","2022-09-12","2023-03-31",103000.0,Não,,Serviços de manutenção e reparação mecânica de veículos automotores,MG,Sudeste,JUATUBA,SATELITE
2437,0,"2022-03-15","2022-03-15","2022-09-30",700000.0,Não,,Comércio a varejo de peças e acessórios novos para veículos automotores,MG,Sudeste,ITAOBIM,ZONA RURAL
2438,0,"2022-03-15","2022-03-23","2022-09-30",3000000.0,Não,,"Comércio atacadista de máquinas, aparelhos e equipamentos para uso odonto-médico-hospitalar; partes e peças",SC,Sul,SAO JOSE,FAZENDA STO ANTONIO
2439,0,"2022-03-16","2023-04-27","2023-09-30",2000000.0,Não,,"Fabricação de tanques, reservatórios metálicos e caldeiras para aquecimento central",GO,Centro Oeste,ITUMBIARA,SANTA RITA
2440,0,"2022-03-18","2022-03-18","1900-01-01",0.0,Não,,"Fundos de investimento, exceto previdenciários e imobiliários",RJ,Sudeste,RIO DE JANEIRO,BOTAFOGO
2441,0,"2022-03-21","2022-07-28","2022-10-30",6000000.0,Sim,"2022-03-18",Fabricação de calçados de couro,CE,Nordeste,ITAPAJÉ,SANTA RITA
2442,378,"2022-03-21","2022-10-08","2023-01-31",7900000.0,Sim,"2022-03-15",Curtimento e outras preparações de couro,RS,Sul,LINDOLFO COLLOR,CENTRO
2443,82,"2022-03-21","2022-10-25","2023-01-31",30000000,Não,,Fabricação de embalagens de material plástico,PB,Nordeste,JOAO PESSOA,DISTRITO INDUSTRIAL
2444,0,"2022-03-21","2022-08-31","2023-02-28",450000.0,Não,,Comércio a varejo de peças e acessórios novos para veículos automotores,MG,Sudeste,TRÊS CORAÇÕES,Distrito Industrial
2445,0,"2022-03-24","2022-03-24","2022-09-20",0.0,Não,,Montagem de estruturas metálicas,PR,Sul,LOBATO,CENTRO
2446,0,"2022-03-25","2022-03-25","2022-09-30",290000.0,Não,,Comércio a varejo de peças e acessórios novos para veículos automotores,SP,Sudeste,ARACATUBA,ESPLANADA
2447,0,"2022-03-25","2022-03-25","2022-09-21",180000.0,Não,,Serviços de manutenção e reparação elétrica de veículos automotores,BA,Nordeste,EUNÁPOLIS,Stela Reis
2448,0,"2022-03-25","2022-03-25","2022-09-30",60000.0,Não,,Serviços de lanternagem ou funilaria e pintura de veículos automotores,BA,Nordeste,EUNAPOLIS,ARIVALDO REIS
2449,0,"2022-03-29","2022-07-22","2022-09-30",310000.0,Não,,Fabricação de móveis com predominância de madeira,RS,Sul,BENTO GONÇALVES,Maria Goretti
2450,0,"2022-03-29","2023-03-17","2023-08-31",20000000,Não,,AGRO,GO,Centro Oeste,BOM JESUS,DISTRITO AGROINDUSTRIAL
2451,296,"2022-03-29","2024-03-11","2024-06-30",2000000.0,Não,,"Estamparia e texturização em fios, tecidos, artefatos têxteis e peças do vestuário",PR,Sul,CIANORTE,Zona 03
2452,0,"2022-03-30","2023-10-20","2024-08-31",20000000,Sim,"2024-03-18","Fabricação de óleos vegetais em bruto, exceto óleo de milho",MT,Centro Oeste,NOVA MUTUM,COMERCIAL JOSE APARECIDO RIBEIRO
2453,0,"2022-04-04","2022-04-04","2022-09-30",1000000.0,Não,,Comércio atacadista de matérias-primas agrícolas não especificadas anteriormente,TO,Norte,BARROLANDIA,SETOR SUDESTE
2454,0,"2022-04-04","2022-04-04","2022-09-30",10000000,Não,,"Comércio varejista de mercadorias em geral, com predominância de produtos alimentícios - minimercados, mercearias e armazéns",PA,Norte,SENADOR JOSE PORFIRIO,INDUSTRIAL
2455,0,"2022-04-04","2022-04-04","2022-09-30",1000000.0,Não,,Fabricação de desinfestantes domissanitários,RJ,Sudeste,MACAE,IMBOASSICA
2456,0,"2022-04-04","2022-04-04","2022-09-30",1000000.0,Não,,Manutenção e reparação de outras máquinas e equipamentos para usos industriais não especificados anteriormente,SP,Sudeste,SÃO VICENTE,Conjunto Residencial Humaitá
2457,0,"2022-04-04","2022-04-04","2022-10-30",1.0,Não,,Obras de montagem industrial,BA,Nordeste,CANDEIAS,DISTRITO INDUSTRIAL
2458,0,"2022-04-04","2022-04-04","2022-09-30",1.0,Não,,Comércio atacadista de máquinas e equipamentos para uso industrial; partes e peças,SP,Sudeste,SAO PAULO,PERDIZES
2459,0,"2022-04-04","2022-04-04","2022-10-30",1000000.0,Não,,"Transporte rodoviário de carga, exceto produtos perigosos e mudanças, intermunicipal, interestadual e internacional",RJ,Sudeste,RIO DAS OSTRAS,Novo Rio das Ostras
2460,0,"2022-04-04","2022-04-04","2022-09-30",1000000.0,Não,,Comércio varejista de vidros,SP,Sudeste,SOROCABA,IPORANGA
2461,0,"2022-04-04","2022-04-04","2022-09-30",1000000.0,Não,,Comércio atacadista de material elétrico,RJ,Sudeste,RIO DE JANEIRO,Barra da Tijuca
2462,0,"2022-04-04","2022-04-04","2022-10-30",1000000.0,Não,,Manutenção e reparação de equipamentos e produtos não especificados anteriormente,MG,Sudeste,CONTAGEM,BANDEIRANTES
2463,0,"2022-04-04","2022-04-04","2022-10-01",1.0,Não,,Comércio varejista de artigos de papelaria,RJ,Sudeste,RIO DAS OSTRAS,Jardim Miramar
2464,0,"2022-04-04","2022-04-04","2022-09-30",1000000.0,Não,,Fabricação de artefatos de material plástico para outros usos não especificados anteriormente,SP,Sudeste,SÃO PAULO,Jardim Santo Elias (São Miguel)
2465,0,"2022-04-04","2022-04-04","2022-09-30",230000.0,Não,,Comércio a varejo de peças e acessórios novos para veículos automotores,BA,Nordeste,EUNAPOLIS,STELA REIS
2466,0,"2022-04-04","2022-04-04","2022-09-30",200000.0,Não,,Comércio varejista de artigos do vestuário e acessórios,PR,Sul,GUARAPUAVA,ALTO DA XV
2467,0,"2022-04-04","2022-08-31","2023-02-28",100000.0,Não,,"Aluguel de máquinas e equipamentos para construção sem operador, exceto andaimes",GO,Centro Oeste,EDEIA,SETOR CIBRAZEM
2468,0,"2022-04-04","2024-02-05","2024-07-31",30000000,Não,,Processamento industrial do fumo,RS,Sul,VENÂNCIO AIRES,INDUSTRIAL
2469,0,"2022-04-07","2024-09-30","2025-01-31",3000000.0,Não,,Comércio atacadista de fumo em folha não beneficiado,RS,Sul,VENANCIO AIRES,LINHA BEM FEITA
2470,0,"2022-04-07","2022-04-07","2022-06-30",2000000.0,Não,,AGRO,RS,Sul,CAMAQUA,DISTRITO INDUSTRIAL
2471,386,"2022-04-12","2023-12-19","2024-05-31",120352000,Sim,"2024-08-01",Fabricação de produtos farmoquímicos,SP,Sudeste,COTIA,Parque Industrial San José
2472,375,"2022-04-12","2022-04-12","1900-01-01",500000.0,Não,,Fabricação de calçados de material sintético,SE,Nordeste,FREI PAULO,CENTRO
2473,0,"2022-04-13","2025-06-12","2025-08-31",24800000,Sim,"2024-03-25",Fabricação de medicamentos alopáticos para uso humano,GO,Centro Oeste,GOIANIA,GOIANIA
2474,0,"2022-04-14","2022-04-14","2022-10-30",4000000.0,Não,,"Fabricação de outras máquinas e equipamentos de uso geral não especificados anteriormente, peças e acessórios",PR,Sul,CASTRO,VILA SANTA CRUZ
2475,0,"2022-04-14","2022-04-14","2025-11-30",20000000,Não,,Consultoria em tecnologia da informação,BA,Nordeste,SALVADOR,RIO VERMELHO
2476,0,"2022-04-14","2022-04-14","2022-10-30",180000.0,Não,,Consultoria em tecnologia da informação,PR,Sul,CURITIBA,Seminário
2477,0,"2022-04-14","2022-10-03","2023-03-30",10000000,Não,,Construção de edifícios,SP,Sudeste,CAJATI,LUAR DE AGOSTO
2478,388,"2022-04-18","2024-12-13","2025-01-31",16500000,Não,,Fabricação de peças e acessórios para o sistema motor de veículos automotores,SP,Sudeste,DIADEMA,PIRAPORINHA
2479,388,"2022-04-18","2024-12-13","2025-01-31",16500000,Não,,Fabricação de outras peças e acessórios para veículos automotores não especificadas anteriormente,SP,Sudeste,DIADEMA,Piraporinha
2480,388,"2022-04-18","2024-12-13","2025-01-31",16500000,Não,,"SERVICOS DE USINAGENS, TORNEARIA E SOLDA",SP,Sudeste,BARUERI,Alphaville Industrial
2481,381,"2022-04-25","2024-12-18","2025-12-31",10000000,Não,"2025-02-12",Fabricação de aditivos de uso industrial,SP,Sudeste,ITAQUAQUECETUBA,Una
2482,381,"2022-04-25","2024-12-18","2025-12-31",10000000,Não,"2025-03-12",Fabricação de aditivos de uso industrial,SP,Sudeste,ITAQUAQUECETUBA,Parque São Pedro
2483,0,"2022-04-26","2022-04-26","2024-05-31",10000000,Não,,Fabricação de outros produtos têxteis não especificados anteriormente,SP,Sudeste,SUMARE,BAIRRO MATAO
2484,0,"2022-04-26","2022-04-26","2022-10-30",500000.0,Não,,Manutenção e reparação de máquinas e equipamentos para uso geral não especificados anteriormente,PR,Sul,CURITIBA,CIDADE INDUSTRIAL
2485,0,"2022-04-26","2022-04-26","2022-10-30",1000000.0,Não,,"Manutenção e reparação de equipamentos hidráulicos e pneumáticos, exceto válvulas",ES,Sudeste,ARACRUZ,Centro Empresarial
2486,154,"2022-04-26","2023-06-27","2026-01-31",5000000.0,Não,,Serviço de pulverização e controle de pragas agrícolas,MT,Centro Oeste,SORRISO,Industrial e Comercial Eldorado - 1ª Etapa
2487,0,"2022-04-26","2022-04-26","2022-10-30",30000.0,Não,,"SERVICOS DE USINAGENS, TORNEARIA E SOLDA",MS,Centro Oeste,TRES LAGOAS,JARDIM DAS VIOLETAS
2488,0,"2022-04-26","2023-03-23","2023-09-30",1000000.0,Não,,Serviços de engenharia,SC,Sul,JOINVILLE,Anita Garibaldi
2489,0,"2022-04-27","2022-04-27","1900-01-01",0.0,Não,,Holdings de instituições não-financeiras,SP,Sudeste,SAO PAULO,VILA PROGREDIOR
2490,0,"2022-04-29","2022-04-29","2022-10-30",2000000.0,Não,,"Fabricação de máquinas e equipamentos para a agricultura e pecuária, peças e acessórios, exceto para irrigação",SP,Sudeste,SÃO SIMÃO,DISTRITO INDUSTRIAL
2491,0,"2022-04-29","2022-04-29","2022-10-30",1000000.0,Não,,Comércio atacadista de soja,MT,Centro Oeste,SORRISO,Centro-Sul
2493,392,"2022-05-02","2022-05-02","2022-07-30",8000000.0,Não,,"Comércio atacadista de defensivos agrícolas, adubos, fertilizantes e corretivos do solo",MT,Centro Oeste,BARRA DO BUGRES,CENTRO
2494,392,"2022-05-02","2022-05-02","2022-07-30",8000000.0,Não,,"Comércio atacadista de defensivos agrícolas, adubos, fertilizantes e corretivos do solo",MT,Centro Oeste,BARRA DO BUGRES,JARDIM TERRA NOVA
2495,0,"2022-05-02","2022-05-02","2022-07-30",300000.0,Não,,"Fabricação de equipamentos hidráulicos e pneumáticos, peças e acessórios, exceto válvulas",RS,Sul,ALVORADA,Tijuca
2496,0,"2022-05-02","2022-05-02","2022-10-29",1.0,Sim,"2022-03-25",Fabricação de artefatos de material plástico para usos industriais,PR,Sul,SAO JOSE DOS PINHAIS,AFONSO PENA
2497,0,"2022-05-09","2022-09-12","2023-10-30",3000000.0,Não,,"Fabricação de máquinas e equipamentos para uso industrial específico não especificados anteriormente, peças e acessórios",SP,Sudeste,PIRACICABA,Água Seca
2498,396,"2022-05-10","2023-11-29","2024-04-30",5000000.0,Não,,Fabricação de outras peças e acessórios para veículos automotores não especificadas anteriormente,SC,Sul,SIDEROPOLIS,CENTRO
2499,396,"2022-05-10","2022-06-13","2022-09-30",5000000.0,Não,,Serviços de tratamento e revestimento em metais.,SC,Sul,SIDERÓPOLIS,RIO FIORITA 
2500,396,"2022-05-10","2022-06-13","2022-09-30",5000000.0,Não,,"Transporte rodoviário de carga, exceto produtos perigosos e mudanças, municipal",SC,Sul,SIDEROPOLIS,CENTRO
2501,396,"2022-05-10","2022-06-13","2023-02-28",5000000.0,Não,,Fabricação de aparelhos e equipamentos para distribuição e controle de energia elétrica,SC,Sul,SIDEROPOLIS,DISTRITO INDUSTRIAL
2502,396,"2022-05-10","2022-06-13","2022-09-30",5000000.0,Não,,Fabricação de luminárias e outros equipamentos de iluminação,SC,Sul,SIDEROPOLIS,CENTRO
2503,396,"2022-05-10","2023-11-29","2024-04-30",5000000.0,Não,,"Fabricação de cabines, carrocerias e reboques para caminhões",SC,Sul,SIDEROPOLIS,CENTRO
2504,0,"2022-05-10","2022-05-10","2022-10-30",3800000.0,Não,,Serviços de engenharia,BA,Nordeste,CAMAÇARI,Nova Vitória
2505,0,"2022-05-10","2022-05-10","2022-10-30",9000.0,Não,,Serviços de manutenção e reparação elétrica de veículos automotores,MG,Sudeste,BETIM,Icaivera
2506,0,"2022-05-10","2022-05-10","2022-10-30",24500.0,Não,,Serviços de manutenção e reparação mecânica de veículos automotores,MG,Sudeste,PERDOES,CHACARA BELA VISTA
2507,0,"2022-05-10","2022-08-01","2023-01-30",32500.0,Não,,Manutenção e reparação de máquinas e equipamentos para agricultura e pecuária,PR,Sul,PARANAVAI,JARDIM IPE
2508,0,"2022-05-11","2022-05-11","2022-05-11",0.0,Não,,Desenvolvimento e licenciamento de programas de computador customizáveis,SP,Sudeste,SAO PAULO,PINHEIROS
2521,0,"2022-05-24","2022-06-17","2022-10-30",8000000.0,Não,,Incorporação de empreendimentos imobiliários,SP,Sudeste,SÃO PAULO,Pinheiros
2522,0,"2022-05-24","2022-05-18","2022-10-30",150000000,Não,,Sem Segmento,SP,Sudeste,SÃO PAULO,Fazenda Morumbi
2529,0,"2022-05-25","2022-05-18","2022-11-30",440000.0,Não,,Comércio a varejo de peças e acessórios novos para veículos automotores,BA,Nordeste,EUNÁPOLIS,Santa Lúcia
2538,418,"2022-05-27","2022-05-27","2022-11-30",15000000,Não,,Instalação e manutenção elétrica,SP,Sudeste,SAO CAETANO DO SUL,VILA BARCELONA
2539,0,"2022-05-27","2025-10-21","2026-03-31",12000000,Não,,AGRO,MS,Centro Oeste,SÃO GABRIEL DO OESTE,VILA SAO GABRIEL
2540,0,"2022-05-27","2022-05-27","2022-11-30",52000000,Não,,"Fundos de investimento, exceto previdenciários e imobiliários",SP,Sudeste,SAO PAULO,ITAIM BIBI
2541,846,"2022-05-30","2025-09-18","2026-03-31",150000000,Não,,"Serviços de instalação, manutenção e reparação de acessórios para veículos automotores",SP,Sudeste,BARUERI,Sítio Tamboré/Jubran
2542,0,"2022-05-30","2022-05-30","2022-11-30",3000000.0,Não,,"Fabricação de farinha de milho e derivados, exceto óleos de milho",PR,Sul,COLOMBO,SANTA GEMA
2543,403,"2022-05-31","2023-04-18","2023-08-31",40000000,Sim,"2023-04-28","Medição de consumo de energia elétrica, gás e água",SC,Sul,FLORIANÓPOLIS,Centro
2544,0,"2022-05-31","2022-05-31","2022-11-30",4063000.0,Não,,Sem Segmento,SP,Sudeste,SÃO PAULO,Indianópolis
2545,403,"2022-06-01","2022-08-12","2023-01-30",40000000,Não,,"Medição de consumo de energia elétrica, gás e água",SC,Sul,FLORIANOPOLIS,CENTRO
2546,0,"2022-06-01","2022-06-01","2022-11-30",10000000,Não,,Fabricação de embalagens de material plástico,GO,Centro Oeste,GOIANIA,CHAC. R. SAO JOAQUIM
2547,0,"2022-06-01","2022-06-01","2022-11-30",10000000,Não,,Locação de automóveis sem condutor,RN,Nordeste,PARNAMIRIM,MONTE CASTELO
2548,0,"2022-06-01","2022-06-01","2022-11-30",10000000,Não,,"Comércio atacadista de defensivos agrícolas, adubos, fertilizantes e corretivos do solo",GO,Centro Oeste,RIO VERDE,CIDADE EMPRESARIAL NOVA ALIANCA 2
2549,395,"2022-06-01","2023-02-15","2025-11-30",5000000.0,Não,,Fornecimento de alimentos preparados preponderantemente para empresas,GO,Centro Oeste,FORMOSA,Parque Vila Verde
2550,0,"2022-06-01","2022-06-01","2022-11-30",330000.0,Não,,Manutenção e reparação de outras máquinas e equipamentos para usos industriais não especificados anteriormente,RS,Sul,SANTA ROSA,TIMBAUVA
2551,0,"2022-06-02","2023-02-14","2026-01-31",5000000.0,Não,,Testes e análises técnicas,SP,Sudeste,SAO PAULO,PINHEIROS
2552,0,"2022-06-02","2023-04-27","2026-01-31",5000000.0,Não,,Comércio varejista de material elétrico,SP,Sudeste,SÃO PAULO,Vila Palmeiras
2553,0,"2022-06-02","2022-07-07","2023-03-01",770000.0,Não,,"Manutenção e reparação de geradores, transformadores e motores elétricos",MG,Sudeste,OURO BRANCO,CENTRO
2554,0,"2022-06-02","2022-05-24","2022-11-30",2000000.0,Não,,Sem Segmento,SP,Sudeste,CAIEIRAS,Região Central
2555,0,"2022-06-03","2022-05-24","2022-11-30",400000.0,Não,,Comércio varejista especializado de equipamentos e suprimentos de informática,MG,Sudeste,UBERABA,Estados Unidos
2556,0,"2022-06-03","2022-06-03","2022-11-30",100000.0,Não,,Sem Segmento,SP,Sudeste,JUNDIAÍ,Jardim Campos Elísios
2557,0,"2022-06-06","2022-05-24","2022-11-30",1500000.0,Não,,Fabricação de vidro plano e de segurança,SP,Sudeste,SÃO CAETANO DO SUL,Prosperidade
2558,0,"2022-06-06","2023-07-04","2023-12-31",9000000.0,Não,,Impressão de material para outros usos,SP,Sudeste,SÃO PAULO,Cidade Satélite Santa Bárbara
2559,0,"2022-06-07","2025-10-28","2026-02-28",3000000.0,Não,,"Fabricação de produtos de papel, cartolina, papel-cartão e papelão ondulado para uso comercial e de escritório",RS,Sul,SERAFINA CORRÊA,CENTRO
2560,0,"2022-06-07","2022-06-09","2024-03-31",16000000,Não,,Construção de edifícios,SP,Sudeste,SAO PAULO,VILA BUARQUE
2561,0,"2022-06-07","2022-06-07","2022-11-30",0.0,Não,,Holdings de instituições financeiras,SP,Sudeste,SAO PAULO,INDIANOPOLIS
2562,0,"2022-06-07","2022-06-07","2022-11-30",0.0,Não,,Holdings de instituições financeiras,SP,Sudeste,SAO PAULO,INDIANOPOLIS
2563,0,"2022-06-09","2022-06-09","2022-11-30",10000000,Não,,Construção de rodovias e ferrovias,SP,Sudeste,SÃO PAULO,Jardim São João (Jaraguá)
2564,0,"2022-06-09","2022-06-23","2022-12-30",10000000,Não,,Construção de rodovias e ferrovias,PR,Sul,CURITIBA,SAO BRAZ
2565,0,"2022-06-09","2022-06-09","2023-11-30",940000.0,Não,,Desenvolvimento e licenciamento de programas de computador customizáveis,SP,Sudeste,PAULINIA,BETEL
2566,0,"2022-06-09","2022-06-09","2022-11-30",800000.0,Não,,Comércio a varejo de peças e acessórios novos para veículos automotores,SP,Sudeste,AVARE,PARQUE INDUSTRIAL JURUMIRIM
2567,0,"2022-06-09","2022-07-28","2023-01-30",10000000,Não,,"Transporte rodoviário de carga, exceto produtos perigosos e mudanças, intermunicipal, interestadual e internacional",PR,Sul,SAO JOSE DOS PINHAIS,AGUAS BELAS
2568,407,"2022-06-10","2022-07-25","2022-01-30",15000000,Não,,Fabricação de embalagens de material plástico,SP,Sudeste,TAUBATE,PIRACANGAGUA
2569,407,"2022-06-10","2022-07-25","2022-01-30",15000000,Não,,Fabricação de embalagens de material plástico,SP,Sudeste,TAUBATÉ,Área Industrial Vale do Piracangaguá
2570,410,"2022-06-13","2025-07-18","2025-12-31",48259000,Não,,Comércio atacadista de soja,MG,Sudeste,UBERLÂNDIA,Morada da Colina
2571,0,"2022-06-13","2025-11-12","2026-01-31",14400000,Não,,"Fabricação de adubos e fertilizantes, exceto organo-minerais",GO,Centro Oeste,RIO VERDE,Setor Industrial
2572,0,"2022-06-13","2025-07-07","2025-09-30",476000.0,Não,,Fabricação de artefatos de material plástico para uso pessoal e doméstico,RS,Sul,PORTO ALEGRE,Camaquã
2573,292,"2022-06-13","2022-06-13","2022-12-30",45000000,Não,,Sem Segmento,RS,Sul,CAXIAS DO SUL,SAO CRISTOVAO
2574,292,"2022-06-13","2022-06-13","2022-12-30",45000000,Não,,Fabricação de artigos de cutelaria,SP,Sudeste,SAO PAULO,PARAISO
2575,0,"2022-06-13","2022-11-08","2024-01-31",160000.0,Não,,"Transporte rodoviário de carga, exceto produtos perigosos e mudanças, municipal",SE,Nordeste,ARACAJU,SANTA MARIA
2578,0,"2022-06-14","2023-09-14","2025-12-31",30000000,Não,,Comércio atacadista de cereais e leguminosas beneficiados,TO,Norte,ALVORADA,CENTRO
2579,0,"2022-06-14","2022-06-14","2022-12-30",10000000,Não,,Comércio atacadista de ferragens e ferramentas,GO,Centro Oeste,GOIÂNIA,Setor Morais
2580,949,"2022-06-15","2025-10-15","2026-01-31",10600000,Não,,"Transporte rodoviário de carga, exceto produtos perigosos e mudanças, intermunicipal, interestadual e internacional",SC,Sul,CONCORDIA,CENTRO
2581,0,"2022-06-20","2023-07-11","2025-05-31",5000000.0,Não,,Construção de edifícios,PR,Sul,CASCAVEL,PIONEIROS CATARINENSES
2582,339,"2022-06-22","2022-10-31","2023-01-31",19000000,Não,,Armazéns gerais - emissão de warrant,SP,Sudeste,SAO JOAO DA BOA VISTA,DISTRITO INDUSTRIAL
2583,0,"2022-06-22","2022-06-22","2022-06-23",0.0,Não,,"Bancos múltiplos, com carteira comercial",SP,Sudeste,SAO PAULO,JARDIM PAULISTANO
2584,378,"2022-06-23","2022-10-08","2023-01-31",7900000.0,Não,,Fabricação de calçados de couro,RS,Sul,LINDOLFO COLLOR,CENTRO
2585,0,"2022-06-23","2025-09-23","2026-01-31",13000000,Não,,Comércio varejista de outros produtos não especificados anteriormente,SC,Sul,SAO JOSE,PICADAS DO SUL
2586,0,"2022-06-24","2022-06-30","2022-12-30",10000.0,Não,,Serviços advocatícios,SP,Sudeste,SAO PAULO,PINHEIROS
2587,0,"2022-06-27","2025-06-06","2025-11-30",30000000,Não,,AGRO,SP,Sudeste,SÃO PAULO,Vila Nova Conceição
2588,0,"2022-06-27","2024-03-19","2024-06-30",560000.0,Não,,Sem Segmento,SP,Sudeste,BARUERI,Alphaville Residencial Dois
2589,0,"2022-06-27","2023-07-07","2024-07-31",1000000.0,Não,,Serviços de engenharia,MG,Sudeste,ARAXÁ,Amazonas
2590,0,"2022-06-27","2024-04-08","2024-07-31",9000000.0,Não,,Criação de bovinos para corte,MG,Sudeste,MONTE ALEGRE DE MINAS,ZONA RURAL
2591,0,"2022-06-28","2022-06-28","2022-12-30",83000000,Não,,Comércio atacadista de aparelhos eletrônicos de uso pessoal e doméstico,SP,Sudeste,SAO PAULO,BROOKLIN PAULISTA
2592,0,"2022-06-28","2022-12-20","2026-03-31",10000000,Não,,Serviços de engenharia,RS,Sul,ERECHIM,IPIRANGA
2593,0,"2022-06-30","2022-06-30","2022-12-30",5000000.0,Não,,Serrarias com desdobramento de madeira em bruto.,MG,Sudeste,ESTRELA DO SUL,BARRO BRANCO
2594,0,"2022-07-04","2022-07-04","2022-12-31",800000.0,Não,,Pessoa Fisica,SP,Sudeste,SÃO PAULO,Jardim Franca
2595,418,"2022-07-04","2023-03-01","2023-08-30",15000000,Não,,Instalação e manutenção elétrica,SP,Sudeste,SÃO PAULO,Cidade Monções
2596,418,"2022-07-04","2023-03-01","2025-11-30",15000000,Não,,Outras atividades de serviços prestados principalmente às empresas não especificadas anteriormente,SP,Sudeste,SÃO PAULO,Cidade Monções
2597,0,"2022-07-04","2022-07-04","2022-12-30",1000000.0,Não,,Serviços de pintura de edifícios em geral,GO,Centro Oeste,ITUMBIARA,AFONSO PENA
2598,0,"2022-07-04","2022-07-04","2022-12-31",81000.0,Não,,Construção de edifícios,SP,Sudeste,PAULINIA,CASCATA
2599,0,"2022-07-04","2022-07-04","2022-09-30",40000000,Não,,Operação dos aeroportos e campos de aterrissagem,MG,Sudeste,CONFINS,AEROPORTO CONFINS
2600,0,"2022-07-04","2022-07-04","2022-09-30",2500000.0,Sim,"2024-09-05","Fabricação de conservas de peixes, crustáceos e moluscos",SC,Sul,ITAJAI,BARRA DO RIO
2601,0,"2022-07-04","2022-07-04","2022-12-31",65000.0,Não,,Serviços de lanternagem ou funilaria e pintura de veículos automotores,MG,Sudeste,LAVRAS,Vila Glória
2602,0,"2022-07-07","2022-07-07","2022-12-30",500000.0,Não,,Comércio varejista de artigos do vestuário e acessórios,PR,Sul,CURITIBA,XAXIM
2603,0,"2022-07-07","2023-02-01","2025-12-31",5000000.0,Não,,Serviços de engenharia,MG,Sudeste,BELO HORIZONTE,ESTORIL
2604,444,"2022-07-07","2023-07-12","2024-10-31",5000000.0,Não,,"Serviços de organização de feiras, congressos, exposições e festas",SP,Sudeste,RIBEIRÃO PRETO,Jardim Nova Aliança Sul
2605,0,"2022-07-11","2024-05-27","2024-09-30",5000000.0,Não,,AGRO,PR,Sul,CASCAVEL,Espigão Azul
2606,0,"2022-07-11","2023-07-14","2023-11-30",2000000.0,Não,,AGRO,PR,Sul,LONDRINA,CENTRO
2611,0,"2022-07-12","2023-02-14","2025-12-31",5000000.0,Não,,Obras de fundações,SP,Sudeste,TABOÃO DA SERRA,Jardim Mituzi
2612,0,"2022-07-12","2022-07-12","2024-03-31",80000000,Não,,Serviços de pintura de edifícios em geral,SP,Sudeste,SÃO PAULO,Barra Funda
2613,0,"2022-07-12","2022-07-12","2024-03-31",80000000,Não,,Fabricação de esquadrias de metal,SP,Sudeste,SAO PAULO,BURGO PAULISTA
2614,327,"2022-07-13","2025-05-28","2025-09-30",20000000,Não,,"Fabricação de cabines, carrocerias e reboques para caminhões",RS,Sul,CAXIAS DO SUL,Diamantino
2615,0,"2022-07-13","2022-07-14","2023-01-30",11500000,Não,,"Bancos múltiplos, sem carteira comercial",SP,Sudeste,SAO PAULO,BELA VISTA
2616,0,"2022-07-14","2022-07-14","2022-12-30",3500000.0,Não,,Cultivo de cana-de-açúcar,SP,Sudeste,RIO CLARO,Centro
2617,415,"2022-07-18","2023-04-11","2023-07-31",3000000.0,Sim,"2024-07-12",Holdings de instituições não-financeiras,SP,Sudeste,SAO PAULO,VILA OLIMPIA
2618,415,"2022-07-18","2023-04-11","2023-07-31",3000000.0,Sim,"2024-07-12",Fabricação de outros produtos alimentícios não especificados anteriormente,MG,Sudeste,CONTAGEM,Morada Nova
2619,415,"2022-07-18","2023-04-11","2023-07-31",3000000.0,Sim,"2024-07-12",Fabricação de outros produtos alimentícios não especificados anteriormente,SP,Sudeste,FERRAZ DE VASCONCELOS,Jardim Soeiro
2620,415,"2022-07-18","2023-04-11","2023-07-31",3000000.0,Sim,"2024-07-12","Fabricação de refrescos, xaropes e pós para refrescos, exceto refrescos de frutas",AM,Norte,MANAUS,DISTRITO INDUSTRIAL II
2621,0,"2022-07-18","2022-07-18","2022-10-30",1500000.0,Não,,Comércio atacadista especializado em outros produtos intermediários não especificados anteriormente,ES,Sudeste,SERRA,Portal de Jacaraípe
2622,434,"2022-07-18","2022-07-18","2023-01-30",3000000.0,Não,,Comércio atacadista de soja,SP,Sudeste,ASSIS,CDA 3
2623,0,"2022-07-18","2022-11-28","2023-01-31",125000.0,Não,,Fabricação de outros produtos de metal não especificados anteriormente,SP,Sudeste,SUMARE,CONDOMINIO CORONEL (NOVA VENEZA)
2624,0,"2022-07-18","2025-02-06","2025-06-30",3000000.0,Não,,Fabricação de produtos de panificação industrial,RS,Sul,RIO PARDO,DISTRITO INDUSTRIAL
2625,0,"2022-07-19","2022-07-19","2023-01-15",22169000,Não,,Pessoa Fisica,BA,Nordeste,JUAZEIRO,Palmares
2626,444,"2022-07-25","2023-07-12","2025-03-31",5000000.0,Não,,Agências de publicidade,SP,Sudeste,RIBEIRÃO PRETO,Jardim Nova Aliança Sul
2627,0,"2022-07-26","2022-08-15","2022-11-30",13000000,Não,,"Comércio atacadista de bolsas, malas e artigos de viagem",SP,Sudeste,SAO PAULO,BELA VISTA
2628,0,"2022-07-26","2022-07-25","2022-10-30",5500000.0,Não,,"Fabricação de máquinas e equipamentos para a agricultura e pecuária, peças e acessórios, exceto para irrigação",SP,Sudeste,ESPÍRITO SANTO DO PINHAL,Distrito Industrial
2629,440,"2022-07-26","2024-07-19","2024-10-31",20000000,Não,,Sem Segmento,SP,Sudeste,RIO PARDO,TABOAO
2630,440,"2022-07-26","2025-11-04","2026-01-31",20000000,Não,,Sem Segmento,SP,Sudeste,CUBATÃO,Centro
2631,0,"2022-07-28","2022-07-28","2025-12-31",10000000,Não,,Serviços de pintura de edifícios em geral,SP,Sudeste,SÃO PAULO,Vila do Encontro
2632,0,"2022-08-01","2022-08-01","2022-10-31",30000000,Não,,Fabricação de equipamentos de informática,PR,Sul,CURITIBA,CIDADE INDUSTRIAL DE CURITIBA
2633,0,"2022-08-01","2022-08-09","2022-10-31",9000000.0,Sim,"2024-04-23",Automotivos e Equipamentos,SP,Sudeste,CAMPINAS,CAMBUI
2634,209,"2022-08-01","2025-10-30","2026-02-28",2520000.0,Não,,Serviços de telefonia fixa comutada - STFC,SP,Sudeste,SOROCABA,ALEM PONTE
2635,0,"2022-08-01","2022-08-01","2022-10-31",4000000.0,Não,,Tecnologia e Eletrônicos,SP,Sudeste,SAO PAULO,VILA GOMES CARDIM
2636,0,"2022-08-01","2022-08-01","2022-10-10",15000000,Não,,"Comércio atacadista de lustres, luminárias e abajures",SP,Sudeste,SAO PAULO,VILA BUARQUE
2637,0,"2022-08-01","2022-08-01","2022-11-10",10000000,Não,,Construção de edifícios,MG,Sudeste,BELO HORIZONTE,JOAO PINHEIRO
2638,0,"2022-08-01","2022-08-01","2024-03-31",8000000.0,Não,,Obras de terraplenagem,SP,Sudeste,SAO PAULO,CITY AMERICA
2639,0,"2022-08-01","2025-06-23","2025-10-31",10080000,Não,,Incorporação de empreendimentos imobiliários,SC,Sul,JOINVILLE,AMERICA
2640,0,"2022-08-01","2022-08-01","2023-01-30",105000.0,Não,,"Fabricação de máquinas, equipamentos e aparelhos para transporte e elevação de cargas, peças e acessórios",SP,Sudeste,ITAPECERICA DA SERRA,Potuverá
2641,103,"2022-08-02","2025-10-28","2026-02-28",15000000,Não,,Comércio atacadista de alimentos para animais,SP,Sudeste,CATANDUVA,Centro
2642,0,"2022-08-03","2024-05-22","2024-09-30",6100000.0,Não,,Serviços advocatícios,SP,Sudeste,SAO PAULO,CERQUEIRA CESAR
2643,0,"2022-08-03","2022-08-03","2024-03-31",10000000,Não,,Obras de alvenaria,PB,Nordeste,LUCENA,FAGUNDES
2644,0,"2022-08-03","2022-08-03","2023-01-30",650000.0,Não,,"Fabricação de máquinas e equipamentos para as indústrias de alimentos, bebidas e fumo, peças e acessórios",SP,Sudeste,SAO PAULO,JAGUARE
2645,0,"2022-08-04","2023-06-06","2026-03-31",10000000,Não,,Montagem de estruturas metálicas,SP,Sudeste,SÃO PAULO,Conjunto Habitacional Barro Branco II
2647,871,"2022-08-05","2025-10-03","2025-12-31",5000000.0,Não,,"Comércio atacadista de frutas, verduras, raízes, tubérculos, hortaliças e legumes frescos",MG,Sudeste,CONTAGEM,Kennedy
2655,0,"2022-08-08","2022-08-08","2022-08-30",0.0,Não,,Comércio varejista de produtos alimentícios em geral ou especializado em produtos alimentícios não especificados anteriormente,SP,Sudeste,PIRACICABA,CENTRO
2657,0,"2022-08-08","2022-08-08","2022-08-30",0.0,Não,,"Comércio varejista de mercadorias em geral, com predominância de produtos alimentícios - supermercados",SP,Sudeste,RIO CLARO,CENTRO
2662,0,"2022-08-08","2022-08-08","2022-08-30",0.0,Não,,"Comércio varejista de mercadorias em geral, com predominância de produtos alimentícios - supermercados",DF,Centro Oeste,BRASÍLIA,Asa Sul
2665,871,"2022-08-08","2023-10-27","2024-03-31",5000000.0,Não,,"Comércio atacadista de frutas, verduras, raízes, tubérculos, hortaliças e legumes frescos",MG,Sudeste,CONTAGEM,Kennedy
2669,0,"2022-08-08","2022-08-08","2022-08-30",0.0,Não,,"Comércio atacadista de frutas, verduras, raízes, tubérculos, hortaliças e legumes frescos",MG,Sudeste,CONTAGEM,Kennedy
2672,0,"2022-08-08","2022-08-08","2022-10-30",500000.0,Não,,AGRO,SC,Sul,CURITIBANOS,INTERIOR
2673,0,"2022-08-08","2022-08-08","2022-10-30",11000000,Não,,Frigorífico - abate de bovinos,GO,Centro Oeste,INHUMAS,DISTRITO AGROINDUSTRIAL DE INHUMAS
2674,4,"2022-08-08","2022-08-08","2022-10-31",50000000,Não,,AGRO,RS,Sul,PASSO FUNDO,PETROPOLIS
2677,0,"2022-08-09","2022-08-09","2023-01-30",300000.0,Não,,Manutenção e reparação de máquinas e equipamentos para agricultura e pecuária,MS,Centro Oeste,RIO BRILHANTE,BENEDITO RONDON
2678,0,"2022-08-10","2023-02-07","2024-03-31",4000000.0,Não,,"Comércio atacadista de sementes, flores, plantas e gramas",SP,Sudeste,SAO PAULO,BUTANTA
2679,0,"2022-08-10","2023-02-02","2023-07-30",8000000.0,Não,,Comércio varejista de materiais de construção não especificados anteriormente,PB,Nordeste,JOAO PESSOA,TORRE
2680,0,"2022-08-10","2022-08-10","2022-10-31",40000000,Não,,AGRO,MT,Centro Oeste,RONDONÓPOLIS,Vila Aurora I
2681,432,"2022-08-11","2025-10-31","2026-02-28",35000000,Sim,"2023-04-11",AGRO,GO,Centro Oeste,ANÁPOLIS,Distrito Agroindustrial de Anápolis
2682,432,"2022-08-11","2025-10-31","2026-02-28",35000000,Não,,AGRO,RS,Sul,CAMAQUÃ,Centro
2683,458,"2022-08-12","2022-08-12","2022-10-31",2000000.0,Não,,"Fabricação de madeira laminada e de chapas de madeira compensada, prensada e aglomerada",RS,Sul,GLORINHA,PASSO GRANDE
2684,0,"2022-08-15","2023-02-02","2024-03-31",8000000.0,Não,,Construção Civil,PE,Nordeste,RECIFE,CASA AMARELA
2685,0,"2022-08-15","2025-08-22","2025-12-31",5000000.0,Não,,"Comércio atacadista de álcool carburante, biodiesel, gasolina e demais derivados de petróleo, exceto lubrificantes, não realizado por transportador retalhista (TRR)",PR,Sul,ARAUCARIA,THOMAZ COELHO
2686,428,"2022-08-15","2023-07-24","2023-10-31",130000.0,Sim,"2024-06-06",Metalurgia de outros metais não-ferrosos e suas ligas não especificados anteriormente,RS,Sul,CACHOEIRINHA,Distrito Industrial
2687,428,"2022-08-15","2023-07-24","2023-10-31",130000.0,Sim,"2024-06-06",Energia,RS,Sul,CACHOEIRINHA,Distrito Industrial
2688,0,"2022-08-15","2024-08-13","2025-01-31",4000000.0,Não,,"Recuperação de materiais metálicos, exceto alumínio",PR,Sul,TAMARANA,PARQUE INDUSTRIAL
2689,420,"2022-08-15","2023-12-14","2024-03-31",2300000.0,Sim,"2024-07-18","Comércio atacadista de defensivos agrícolas, adubos, fertilizantes e corretivos do solo",SC,Sul,SAO JOAQUIM,CORUJA
2690,420,"2022-08-15","2023-12-14","2024-03-31",2300000.0,Sim,"2024-07-18",Fabricação de adubos e fertilizantes organo-minerais,SC,Sul,SAO JOAQUIM,FRUTICOLA APENE
2691,420,"2022-08-15","2023-12-14","2024-03-31",2300000.0,Sim,"2024-07-18","Fabricação de adubos e fertilizantes, exceto organo-minerais",SC,Sul,SAO JOAQUIM,CORUJA
2692,0,"2022-08-15","2022-08-15","2022-11-30",15000000,Não,,Desenvolvimento e licenciamento de programas de computador customizáveis,SP,Sudeste,BARUERI,ALPHAVILLE EMPRESARIAL
2693,0,"2022-08-15","2022-12-26","2023-03-31",2000000.0,Não,,Energia,SP,Sudeste,ATIBAIA,JARDIM PAULISTA
2694,0,"2022-08-16","2023-03-02","2023-08-31",5000000.0,Não,,Sem Segmento,SP,Sudeste,SÃO PAULO,Jardim Leonor
2695,0,"2022-08-16","2023-02-23","2025-11-30",5000000.0,Não,,"Fabricação de artigos de serralheria, exceto esquadrias",SP,Sudeste,SÃO PAULO,Vila Socorro
2696,0,"2022-08-18","2023-02-23","2024-01-31",5000000.0,Não,,Cosmeticos,PE,Nordeste,RECIFE,Espinheiro
2697,0,"2022-08-18","2023-02-02","2024-06-30",8000000.0,Não,,Construção de edifícios,SP,Sudeste,SAO LOURENCO DA SERRA,PARQUE SAO FRANCISCO
2707,0,"2022-08-22","2024-08-20","2025-01-31",14000000,Não,,"Fabricação de adubos e fertilizantes, exceto organo-minerais",PR,Sul,PAICANDU,PQ INDUSTRIAL II
2710,0,"2022-08-23","2022-08-23","2022-11-30",1000000.0,Não,,Educação superior - graduação e pós-graduação,SP,Sudeste,GUARULHOS,VILA ROSALIA
2711,0,"2022-08-25","2023-02-02","2024-07-31",5000000.0,Não,,Construção Civil,CE,Nordeste,MARACANAU,DISTRITO INDUSTRIAL III
2712,0,"2022-08-25","2022-08-25","2023-02-28",5000000.0,Não,,Atividades de vigilância e segurança privada,SP,Sudeste,SAO PAULO,AGUA FRIA
2713,0,"2022-08-25","2023-02-23","2024-01-31",5000000.0,Não,,Construção Civil,SP,Sudeste,SÃO PAULO,Jardim Regina
2719,453,"2022-08-29","2025-10-28","2026-02-28",34000000,Sim,"2024-09-26",Fabricação de cervejas e chopes,RJ,Sudeste,RIO DE JANEIRO,Centro
2720,478,"2022-08-29","2024-08-13","2025-01-31",4400000.0,Sim,"2023-08-03",Serviços combinados de escritório e apoio administrativo,SP,Sudeste,SAO PAULO,BROOKLIN
2721,478,"2022-08-29","2024-08-13","2025-01-31",4400000.0,Sim,"2024-02-28",Fabricação de outros artigos de carpintaria para construção,PR,Sul,UNIÃO DA VITÓRIA,Ponte Nova
2722,1218,"2022-08-29","2025-10-31","2026-01-31",12000000,Não,,Comércio por atacado de reboques e semi-reboques novos e usados,PR,Sul,CURITIBA,Cidade Industrial
2723,0,"2022-08-29","2023-02-14","2023-02-28",2000000.0,Não,,"Fabricação de transformadores, indutores, conversores, sincronizadores e semelhantes, peças e acessórios",SP,Sudeste,ITATIBA,Loteamento Parque Empresarial Adelelmo Corradini
2724,465,"2022-08-29","2025-10-06","2026-01-31",85000000,Sim,"2024-10-11",Comércio varejista especializado de eletrodomésticos e equipamentos de áudio e vídeo,MG,Sudeste,VARGINHA,Aeroporto
2725,0,"2022-08-29","2025-09-29","2026-01-31",2000000.0,Não,,AGRO,SP,Sudeste,TIETÊ,DISTRITO INDUSTRIAL
2726,457,"2022-08-29","2025-06-23","2025-10-31",10000000,Não,,Fabricação de artefatos têxteis para uso doméstico,SC,Sul,BLUMENAU,PROGRESSO
2727,457,"2022-08-29","2025-06-23","2025-10-31",10000000,Não,,Fabricação de artefatos têxteis para uso doméstico,SC,Sul,DOUTOR PEDRINHO,SALTO DONNER
2728,0,"2022-08-30","2023-02-23","2024-01-31",5000000.0,Não,,Instalação e manutenção elétrica,PB,Nordeste,JOÃO PESSOA,Funcionários
2729,0,"2022-08-30","2023-02-23","2024-06-30",5000000.0,Não,,Impermeabilização em obras de engenharia civil,SP,Sudeste,SAO PAULO,VILA MONTE ALEGRE
2730,0,"2022-08-30","2022-08-30","2023-02-28",1147000.0,Não,,"Representantes comerciais e agentes do comércio de eletrodomésticos, móveis e artigos de uso doméstico",SC,Sul,BALNEÁRIO CAMBORIÚ,Nações
2731,0,"2022-08-30","2022-09-09","2023-02-28",630000.0,Não,,Fabricação de outros produtos de metal não especificados anteriormente,SP,Sudeste,ITAPECERICA DA SERRA,CENTRO
2732,0,"2022-08-31","2023-02-02","2024-06-30",5000000.0,Não,,Gestão e administração da propriedade imobiliária,MG,Sudeste,POUSO ALEGRE,CENTRO
2733,0,"2022-08-31","2023-07-26","2025-11-30",5000000.0,Não,,Comércio varejista de materiais de construção em geral,PE,Nordeste,OLINDA,RIO DOCE
2734,0,"2022-09-05","2023-03-23","2023-09-30",1500000.0,Não,,Serviços de agronomia e de consultoria às atividades agrícolas e pecuárias,PR,Sul,MARINGÁ,Zona 01
2735,450,"2022-09-05","2025-07-28","2025-12-31",60000000,Não,,"Comércio atacadista de álcool carburante, biodiesel, gasolina e demais derivados de petróleo, exceto lubrificantes, não realizado por transportador retalhista (TRR)",SP,Sudeste,SAO PAULO,TATUAPE
2736,450,"2022-09-05","2022-09-05","2022-11-30",60000000,Não,,AGRO,SP,Sudeste,CAMPINAS,CARLOS GOMES
2737,0,"2022-09-05","2024-06-03","2024-10-31",8000000.0,Não,,"Comércio atacadista de cereais e leguminosas beneficiados, farinhas, amidos e féculas, com atividade de fracionamento e acondicionamento associada",PR,Sul,CURITIBA,Cidade Industrial
2738,0,"2022-09-05","2022-09-05","2022-11-30",10000000,Não,,Fabricação de artefatos de material plástico para usos industriais,SP,Sudeste,JUNDIAI,DISTRITO INDUSTRIAL
2740,0,"2022-09-06","2022-09-06","2023-02-28",5000000.0,Não,,"Instalação e manutenção de sistemas centrais de ar condicionado, de ventilação e refrigeração",SP,Sudeste,BROTAS,JARDIM EMILIA
2741,0,"2022-09-06","2022-09-06","2023-02-28",5000000.0,Não,,Comércio varejista de ferragens e ferramentas,MG,Sudeste,MONTES CLAROS,REGINA PERES
2742,0,"2022-09-06","2023-02-02","2024-03-31",5000000.0,Não,,Obras de alvenaria,PE,Nordeste,FLORES,POVOADO DE FATIMA
2743,0,"2022-09-08","2022-09-08","2022-11-30",2000000.0,Não,,"Fabricação de óleos vegetais em bruto, exceto óleo de milho",TO,Norte,TOCANTINOPOLIS,CENTRO
2744,826,"2022-09-08","2023-02-17","2023-05-31",500000.0,Sim,"2024-06-10",AGRO,SC,Sul,TAIÓ,PE EDUARDO
2745,858,"2022-09-09","2023-07-14","2023-11-30",15000000,Não,,"Comércio atacadista de mercadorias em geral, sem predominância de alimentos ou de insumos agropecuários",ES,Sudeste,CARIACICA,Padre Mathias
2746,0,"2022-09-12","2022-09-12","2022-12-01",10000000,Não,,AGRO,RO,Norte,VILHENA,PARQUE INDUSTRIAL NOVO TEMPO
2747,0,"2022-09-12","2022-09-12","2022-12-30",4500000.0,Não,,"Fabricação de fios, cabos e condutores elétricos isolados",SP,Sudeste,SOROCABA,Jardim Santa Fé
2748,0,"2022-09-12","2022-09-12","2023-04-01",1500000.0,Não,,Promoção de vendas,SP,Sudeste,SAO PAULO,SANTA CECILIA
2749,982,"2022-09-12","2025-10-31","2026-02-28",4727000.0,Não,,Preparação e fiação de fibras de algodão,SC,Sul,BRUSQUE,Tomás Coelho
2750,0,"2022-09-14","2024-10-22","2025-01-31",60000000,Não,,Securitização de créditos,SP,Sudeste,SAO PAULO,PINHEIROS
2751,470,"2022-09-14","2025-10-31","2026-03-31",236000000,Não,,Fabricação de artefatos de material plástico para outros usos não especificados anteriormente,MG,Sudeste,CAMBUI,CACHOEIRINHA
2752,470,"2022-09-14","2025-10-31","2026-03-31",236000000,Não,,Compra e venda de imóveis próprios,SP,Sudeste,SAO PAULO,VILA OLIMPIA
2753,0,"2022-09-14","2022-09-14","2025-01-31",5000000.0,Não,,Tratamento e disposição de resíduos perigosos,SP,Sudeste,SUZANO,Vila Theodoro
2754,893,"2022-09-14","2024-03-18","2025-04-30",5000000.0,Não,,Serviços,GO,Centro Oeste,GOIANIA,CHACARAS RETIRO
2755,0,"2022-09-14","2023-03-08","2026-01-31",10000000,Não,,Comércio atacadista de outras máquinas e equipamentos não especificados anteriormente; partes e peças,SP,Sudeste,SAO PAULO,VILA CONSTANCA
2756,0,"2022-09-14","2022-09-14","2023-03-30",5000000.0,Não,,Comércio varejista de materiais de construção em geral,MG,Sudeste,POUSO ALEGRE,Cascalho
2757,0,"2022-09-14","2023-03-08","2024-02-29",5000000.0,Não,,Textil,SP,Sudeste,SAO PAULO,AGUA FRIA
2762,0,"2022-09-15","2023-03-08","2024-02-29",5000000.0,Não,,Construção Civil,PE,Nordeste,RECIFE,Ipsep
2763,0,"2022-09-15","2022-09-20","2022-12-30",100000000,Não,,AGRO,BA,Nordeste,SALVADOR,PITUBA
2764,0,"2022-09-15","1900-01-01","1900-01-01",0.0,Não,,"Comércio atacadista de defensivos agrícolas, adubos, fertilizantes e corretivos do solo",RS,Sul,PORTO ALEGRE,Praia de Belas
2765,0,"2022-09-15","2023-03-08","2025-07-31",5000000.0,Não,,Serviços de arquitetura,PR,Sul,LONDRINA,RESIDENCIAL PORTAL DO SOL
2766,0,"2022-09-15","2025-03-18","2025-08-31",7300000.0,Não,,Financeiras e Bancos,SP,Sudeste,SAO PAULO,ITAIM BIBI
2767,0,"2022-09-16","2022-09-16","2023-09-30",0.0,Não,,Holdings de instituições não-financeiras,SP,Sudeste,PRESIDENTE PRUDENTE,VILA ROSA
2768,0,"2022-09-16","2022-09-16","2022-09-03",0.0,Não,,"Fundos de investimento, exceto previdenciários e imobiliários",SP,Sudeste,SAO PAULO,JARDIM PAULISTANO
2769,0,"2022-09-19","1900-01-01","1900-01-01",0.0,Não,,"Outras sociedades de participação, exceto holdings",RJ,Sudeste,RIO DE JANEIRO,CENTRO
2770,0,"2022-09-19","2022-09-19","1900-01-01",0.0,Não,,Profissional liberal,SP,Sudeste,SAO PAULO,ITAIM BIBI
2771,0,"2022-09-19","1900-01-01","1900-01-01",0.0,Não,,"Comércio atacadista de álcool carburante, biodiesel, gasolina e demais derivados de petróleo, exceto lubrificantes, não realizado por transportador retalhista (TRR)",PR,Sul,CURITIBA,SAO LOURENCO
2772,0,"2022-09-19","1900-01-01","1900-01-01",0.0,Não,,Comércio atacadista de componentes eletrônicos e equipamentos de telefonia e comunicação,SP,Sudeste,SAO PAULO,PINHEIROS
2773,470,"2022-09-19","2025-10-31","2026-03-31",236000000,Não,,Fabricação de artefatos de material plástico para outros usos não especificados anteriormente,SP,Sudeste,MAUÁ,Vila Noêmia
2774,470,"2022-09-19","2025-10-31","2026-03-31",236000000,Não,,Fabricação de resinas termoplásticas,SC,Sul,ITAJAI,CENTRO
2775,470,"2022-09-19","2025-10-31","2026-03-31",236000000,Não,,"Fabricação de intermediários para plastificantes, resinas e fibras",SP,Sudeste,SAO BERNARDO DO CAMPO,COOPERATIVA
2776,470,"2022-09-19","2025-10-31","2026-03-31",236000000,Não,,Fabricação de outros produtos têxteis não especificados anteriormente,AM,Norte,MANAUS,Distrito Industrial I
2777,470,"2022-09-19","2025-10-31","2026-03-31",236000000,Não,,Fabricação de artefatos de material plástico para outros usos não especificados anteriormente,MG,Sudeste,CAMBUI,CACHOEIRINHA
2778,0,"2022-09-20","2022-09-16","2022-12-31",7200000.0,Não,,"Comércio atacadista de frutas, verduras, raízes, tubérculos, hortaliças e legumes frescos",DF,Centro Oeste,BRASILIA,SETOR DE INDUSTRIA E ABASTECIMENTO (SIA)
2779,235,"2022-09-21","2022-09-21","2024-08-31",8177000.0,Não,,Representantes comerciais e agentes do comércio de matérias-primas agrícolas e animais vivos,PA,Norte,VITORIA DO XINGU,ZONA RURAL
2780,408,"2022-09-22","2022-09-22","2022-12-30",5000000.0,Não,,Produção de artefatos estampados de metal,SP,Sudeste,ARACARIGUAMA,DISTRITO INDUSTRIAL
2781,408,"2022-09-22","2022-09-22","2022-12-31",5000000.0,Não,,"SERVICOS DE USINAGENS, TORNEARIA E SOLDA",PR,Sul,CAMPO LARGO,RONDINHA
2782,408,"2022-09-22","2022-09-22","2022-12-31",5000000.0,Não,,Fabricação de outros produtos de metal não especificados anteriormente,PR,Sul,CAMPO LARGO,RONDINHA
2783,408,"2022-09-22","2022-09-22","2022-12-31",5000000.0,Não,,Fabricação de outras peças e acessórios para veículos automotores não especificadas anteriormente,PR,Sul,CAMPO LARGO,Rondinha
2784,0,"2022-09-22","2023-03-08","2024-02-29",5000000.0,Não,,Construção Civil,PB,Nordeste,JOAO PESSOA,ALTIPLANO CABO BRANCO
2785,0,"2022-09-22","2022-09-22","2023-03-30",10000000,Não,,Comércio atacadista de máquinas e equipamentos para uso industrial; partes e peças,SP,Sudeste,SERTAOZINHO,JARDIM NOVA EUROPA
2786,0,"2022-09-22","2023-03-08","2024-02-29",5000000.0,Não,,Comercio Varejista,MG,Sudeste,POUSO ALEGRE,SAO GERALDO
2787,0,"2022-09-22","2025-02-05","2025-05-31",1500000.0,Não,,"Produção de laminados planos de aço ao carbono, revestidos ou não",MG,Sudeste,BELO HORIZONTE,Lourdes
2788,0,"2022-09-27","2025-07-29","2025-10-31",15000000,Não,,"Transporte rodoviário de carga, exceto produtos perigosos e mudanças, intermunicipal, interestadual e internacional",RJ,Sudeste,DUQUE DE CAXIAS,Jardim Vinte e Cinco de Agosto
2789,0,"2022-09-29","2022-09-29","2023-03-31",1900000.0,Não,,Serviços de engenharia,GO,Centro Oeste,FORMOSA,SETOR PRIMAVERA
2790,480,"2022-09-29","2022-09-29","2023-03-31",50000000,Não,,Gestão e administração da propriedade imobiliária,SP,Sudeste,SAO PAULO,AGUA BRANCA
2791,0,"2022-09-29","2022-09-29","2023-03-31",10000000,Não,,Comércio atacadista de cereais e leguminosas beneficiados,MG,Sudeste,CONCEICAO DO PARA,ZONA RURAL
2792,0,"2022-09-29","2022-09-29","2023-03-31",1.0,Não,,Moagem e fabricação de produtos de origem vegetal não especificados anteriormente,MT,Centro Oeste,RONDONOPOLIS,DISTRITO INDUSTRIAL
2793,0,"2022-09-29","2023-03-08","2024-01-31",5000000.0,Não,,Impressão de material para uso publicitário,PB,Nordeste,CAMPINA GRANDE,JARDIM PAULISTANO
2794,0,"2022-09-29","2022-09-29","2023-03-30",5000000.0,Sim,"2022-07-19",Holdings de instituições não-financeiras,PR,Sul,MARINGA,PARQUE INDUSTRIAL
2795,0,"2022-09-29","2022-09-29","2022-12-31",5000000.0,Não,,AGRO,RS,Sul,GARIBALDI,BORGHETTO
2796,0,"2022-09-30","2022-09-30","2022-12-31",6000000.0,Não,,Serviço de táxi aéreo e locação de aeronaves com tripulação,RJ,Sudeste,RIO DE JANEIRO,BARRA DA TIJUCA
2797,0,"2022-09-30","2022-09-30","2022-12-31",10000000,Não,,Fabricação de móveis com predominância de madeira,SC,Sul,CONCORDIA,INTERIOR
2798,0,"2022-09-30","2025-08-01","2025-11-30",2500000.0,Não,,Fabricação de móveis com predominância de madeira,RS,Sul,LAGOA VERMELHA,INDUSTRIAL III
2799,0,"2022-09-30","2022-09-30","2022-12-31",500000.0,Não,,"Comércio atacadista de álcool carburante, biodiesel, gasolina e demais derivados de petróleo, exceto lubrificantes, não realizado por transportador retalhista (TRR)",PR,Sul,NOVA ESPERANCA,PQ INDUSTRIAL III
2800,469,"2022-10-03","2022-10-03","2023-04-01",0.0,Sim,"2025-11-14",Fabricação de calçados de couro,SP,Sudeste,FRANCA,ESTACAO
2801,469,"2022-10-03","2022-10-03","2022-12-31",0.0,Não,,Comércio varejista de combustíveis para veículos automotores,SP,Sudeste,MATAO,PARQUE INDUSTRIAL TORIBA
2802,469,"2022-10-03","2022-10-03","2022-12-31",0.0,Não,,Comércio varejista de combustíveis para veículos automotores,SP,Sudeste,PINDORAMA,ZONA RURAL
2803,469,"2022-10-03","2022-10-03","2022-12-31",0.0,Não,,Comércio varejista de combustíveis para veículos automotores,SP,Sudeste,FRANCA,SANTA RITA
2804,469,"2022-10-03","2022-10-03","2022-12-31",0.0,Não,,Sem Segmento,SP,Sudeste,SÃO JOAQUIM DA BARRA,centro 
2805,469,"2022-10-03","2022-10-03","2022-12-31",0.0,Não,,Comércio varejista de combustíveis para veículos automotores,SP,Sudeste,BOA ESPERANCA DO SUL,ZONA RURAL
2806,469,"2022-10-03","2022-10-03","2022-12-31",0.0,Não,,Comércio varejista de combustíveis para veículos automotores,SP,Sudeste,CRAVINHOS,ZONA RURAL
2807,469,"2022-10-03","2022-10-03","2022-12-31",0.0,Não,,Comércio varejista de combustíveis para veículos automotores,SP,Sudeste,FRANCA,JARDIM CENTENARIO
2808,469,"2022-10-03","2022-10-03","2022-12-31",0.0,Não,,Comércio varejista de combustíveis para veículos automotores,SP,Sudeste,FRANCA,PARQUE SANTA HILDA
2809,469,"2022-10-03","2022-10-03","2022-12-31",0.0,Não,,Comércio varejista de combustíveis para veículos automotores,SP,Sudeste,FRANCA,JDM ANTONIO PETRAGLI
2810,469,"2022-10-03","2022-10-03","2022-12-31",0.0,Não,,Comércio varejista de combustíveis para veículos automotores,SP,Sudeste,MATÃO,Parque Industrial Toriba
2811,0,"2022-10-03","2023-04-03","2023-09-30",1000000.0,Não,,Fabricação de calçados de couro,RS,Sul,ESTÂNCIA VELHA,Rincão dos Ilhéus
2812,466,"2022-10-03","2023-03-24","2023-08-31",0.0,Não,,"Comércio varejista de mercadorias em geral, com predominância de produtos alimentícios - supermercados",MG,Sudeste,BELO HORIZONTE,SAO PEDRO
2813,0,"2022-10-03","2022-10-03","2022-12-31",1500000.0,Não,,Sem Segmento,SP,Sudeste,SÃO PAULO,CENTRO - FLORA RICA
2814,0,"2022-10-07","2024-11-19","2025-04-30",17200000,Não,,"Comércio a varejo de automóveis, camionetas e utilitários usados",PR,Sul,CURITIBA,Umbará
2815,0,"2022-10-11","2023-03-08","2024-02-29",5000000.0,Não,,Construção Civil,MG,Sudeste,MONTES CLAROS,TODOS OS SANTOS
2816,0,"2022-10-11","2022-10-11","2022-12-31",3700000.0,Não,,Aluguel de imóveis próprios,SC,Sul,ITAJAI,CENTRO
2817,0,"2022-10-11","2023-02-01","2023-05-31",1.0,Não,,Incorporação de empreendimentos imobiliários,RS,Sul,GRAMADO,CARNIEL
2818,0,"2022-10-13","2022-10-13","2023-01-31",1000000.0,Não,,Sem Segmento,MT,Centro Oeste,ITIQUIRA,Vila Aurora I
2819,0,"2022-10-17","2022-10-17","2023-04-30",15000000,Não,,"Fabricação de adubos e fertilizantes, exceto organo-minerais",MG,Sudeste,ALFENAS,DISTRITO INDUSTRIAL
2820,0,"2022-10-18","2022-10-18","2023-04-30",5000000.0,Não,,Serviços de pintura de edifícios em geral,SP,Sudeste,SAO PAULO,JARDIM NORONHA
2821,0,"2022-10-18","2022-10-18","2024-03-31",5000000.0,Não,,Serviços,SP,Sudeste,SAO PAULO,PINHEIROS
2822,0,"2022-10-18","2022-10-18","2022-04-30",10000000,Não,,Comércio atacadista de cereais e leguminosas beneficiados,MA,Nordeste,BALSAS,MALIDERE III
2823,0,"2022-10-18","2022-10-18","2022-04-30",10000000,Não,,Comércio atacadista de cereais e leguminosas beneficiados,MA,Nordeste,ANAPURUS,AEROPORTO
2824,0,"2022-10-18","2023-04-13","2023-09-30",9000000.0,Não,,Fabricação de produtos químicos orgânicos não especificados anteriormente,SP,Sudeste,SANTOS,APARECIDA
2825,0,"2022-10-18","2022-10-18","2023-01-30",500000.0,Não,,"Fabricação de conservas de peixes, crustáceos e moluscos",SC,Sul,LAGUNA,CABECUDAS
2826,0,"2022-10-18","2022-10-18","2023-01-30",2000000.0,Não,,Sem Segmento,SP,Sudeste,SÃO PAULO,Jardim da Laranjeira (Zona Leste)
2827,0,"2022-10-18","2022-11-01","2023-01-31",5000000.0,Sim,"2023-11-07","Lanchonetes, casas de chá, de sucos e similares",SP,Sudeste,SAO PAULO,BELA VISTA
2828,0,"2022-10-18","2025-05-07","2025-07-31",9100000.0,Não,,Comércio atacadista de componentes eletrônicos e equipamentos de telefonia e comunicação,SP,Sudeste,SAO PAULO,PINHEIROS
2829,388,"2022-10-18","2024-12-13","2025-01-31",16500000,Não,,Holdings de instituições não-financeiras,SP,Sudeste,RIO GRANDE DA SERRA,CENTRO
2830,388,"2022-10-18","2024-12-13","2025-01-31",16500000,Não,,Fabricação de outras peças e acessórios para veículos automotores não especificadas anteriormente,SP,Sudeste,RIO GRANDE DA SERRA,CENTRO
2831,0,"2022-10-20","2023-10-02","2024-02-29",6000000.0,Não,,Comércio atacadista de outras máquinas e equipamentos não especificados anteriormente; partes e peças,RS,Sul,GRAVATAI,DONA MERCEDES
2832,0,"2022-10-21","2022-10-21","2023-04-30",10000000,Não,,Comércio atacadista de cereais e leguminosas beneficiados,RS,Sul,BARAO DE COTEGIPE,INTERIOR
2833,0,"2022-10-24","2022-10-24","2024-03-31",5000000.0,Não,,Serviços especializados para construção não especificados anteriormente,SP,Sudeste,SAO PAULO,JARDIM DOS LAGOS
2834,0,"2022-10-24","2023-04-18","2023-09-30",5000000.0,Não,,Construção Civil,SP,Sudeste,SAO PAULO,CENTRO
2835,0,"2022-10-24","2023-04-27","2024-02-29",5000000.0,Não,,Comercio Varejista,PB,Nordeste,CAMPINA GRANDE,MALVINAS
2836,0,"2022-10-24","2023-04-27","2024-07-31",5000000.0,Não,,Construção Civil,MG,Sudeste,MONTES CLAROS,SAO JOSE
2837,484,"2022-10-24","2022-10-24","2022-01-01",500000.0,Não,,Representantes comerciais e agentes do comércio de matérias-primas agrícolas e animais vivos,RS,Sul,PORTO ALEGRE,NONOAI
2838,484,"2022-10-24","2022-10-24","2023-01-01",500000.0,Não,,Atividades do Operador Portuário,RS,Sul,RIO GRANDE,ZONA PORTUARIA
2839,0,"2022-10-24","2022-12-06","2023-03-31",5000000.0,Não,,Comércio atacadista de alimentos para animais,SP,Sudeste,CAMPINAS,SWISS PARK
2840,464,"2022-10-24","2023-01-20","2023-01-31",6000000.0,Não,,Serviços de hemoterapia,SP,Sudeste,SAO PAULO,PACAEMBU
2841,464,"2022-10-24","2023-01-20","2023-01-31",6000000.0,Não,,Serviços de quimioterapia,SP,Sudeste,SAO PAULO,CONSOLACAO
2842,464,"2022-10-24","2023-01-20","2023-01-31",6000000.0,Não,,Serviços de hemoterapia,SP,Sudeste,SÃO PAULO,Liberdade
2843,464,"2022-10-24","2023-01-20","2023-01-31",6000000.0,Não,,Serviços de quimioterapia,SP,Sudeste,SÃO PAULO,Pacaembu
2844,464,"2022-10-24","2023-01-20","2023-01-31",6000000.0,Não,,"Farmaceutico, Hospitalar e Saude",SP,Sudeste,SÃO PAULO,Higienópolis
2845,0,"2022-10-26","2023-05-17","2024-07-31",5000000.0,Não,,Construção Civil,SP,Sudeste,SAO PAULO,PINHEIROS
2846,0,"2022-10-26","2023-05-03","2024-03-31",5000000.0,Não,,Construção Civil,PE,Nordeste,RECIFE,CORDEIRO
2847,0,"2022-10-26","2023-04-11","2025-12-31",5000000.0,Não,,Manutenção e reparação de outras máquinas e equipamentos para usos industriais não especificados anteriormente,MG,Sudeste,MONTES CLAROS,SANTO ANTONIO
2848,0,"2022-10-26","2023-04-18","2025-07-31",5000000.0,Não,,Serviços,PB,Nordeste,CAMPINA GRANDE,MALVINAS
2849,0,"2022-10-26","2022-10-26","2023-04-30",17500000,Não,,"Comércio atacadista de defensivos agrícolas, adubos, fertilizantes e corretivos do solo",GO,Centro Oeste,SILVANIA,SUL
2850,0,"2022-10-28","2023-04-11","2025-11-30",5000000.0,Não,,"Aluguel de máquinas e equipamentos para construção sem operador, exceto andaimes",MG,Sudeste,MONTES CLAROS,Chácara Ceres
2851,0,"2022-10-31","2022-10-31","2023-01-30",8000000.0,Não,,Incorporação de empreendimentos imobiliários,SC,Sul,ITAPEMA,MEIA PRAIA
2852,0,"2022-10-31","2022-10-31","2023-01-31",5000000.0,Não,,Construção de estações e redes de distribuição de energia elétrica,PR,Sul,CURITIBA,Hauer
2854,871,"2022-11-01","2025-10-03","2025-12-31",5000000.0,Não,,"Comércio atacadista de frutas, verduras, raízes, tubérculos, hortaliças e legumes frescos",MG,Sudeste,CONTAGEM,KENNEDY
2855,0,"2022-11-01","2024-06-24","2024-09-30",5000000.0,Sim,"2024-06-07","Fabricação de fios, cabos e condutores elétricos isolados",PR,Sul,SAO JOSE DOS PINHAIS,COSTEIRA
2856,0,"2022-11-01","2023-02-16","2023-08-31",13000000,Não,,Sem Segmento,MG,Sudeste,IBIA,CENTRO
2857,0,"2022-11-03","2022-11-03","2023-04-30",7000000.0,Não,,Comércio varejista de outros produtos não especificados anteriormente,RS,Sul,ANDRE DA ROCHA,INTERIOR
2858,0,"2022-11-03","2023-05-02","2024-02-29",5000000.0,Não,,Transporte,PB,Nordeste,CABEDELO,JARDIM ATLANTICO
2859,0,"2022-11-03","2022-11-03","2024-03-31",5000000.0,Não,,Serviços,PB,Nordeste,JOAO PESSOA,CRISTO REDENTOR
2860,0,"2022-11-03","2023-05-17","2026-01-31",5000000.0,Não,,AGRO,SP,Sudeste,ARTUR NOGUEIRA,PARQUE INDUSTRIAL BATISTELA
2861,0,"2022-11-07","2022-11-07","2023-04-30",350000.0,Não,,Serviços combinados de escritório e apoio administrativo,SP,Sudeste,MOGI DAS CRUZES,RESIDENCIAL VEREDAS
2862,499,"2022-11-07","2022-11-07","2023-01-30",10000000,Não,,Incorporação de empreendimentos imobiliários,SC,Sul,BLUMENAU,ITOUPAVA CENTRAL
2863,451,"2022-11-07","2022-11-07","1900-01-01",1500000.0,Não,,Sem Segmento,SP,Sudeste,PEDERNEIRAS,DISTRITO INDUSTRIAL VII
2864,451,"2022-11-07","2022-11-07","1900-01-01",1500000.0,Não,,Sem Segmento,SP,Sudeste,PEDERNEIRAS,Parque industrial Toufik Rachid Razuk
2865,0,"2022-11-07","2022-11-07","2023-01-31",1000000.0,Não,,Construção de edifícios,SP,Sudeste,ITU,ITU NOVO CENTRO
2866,0,"2022-11-08","1900-01-01","2022-01-01",0.0,Não,,Comércio atacadista de máquinas e equipamentos para uso industrial; partes e peças,SP,Sudeste,EMBU DAS ARTES,GRAMADO
2867,0,"2022-11-08","2022-11-08","2025-11-30",5000000.0,Não,,Impressão de material para uso publicitário,PR,Sul,CURITIBA,BOQUEIRAO
2868,0,"2022-11-08","2023-05-04","2023-09-30",400000.0,Não,,Construção de edifícios,TO,Norte,PALMAS,PLANO DIRETOR NORTE
2869,834,"2022-11-10","2024-11-08","2025-01-31",20000000,Sim,"2024-09-30",Holdings de instituições não-financeiras,SP,Sudeste,SAO PAULO,ITAIM BIBI
2870,0,"2022-11-11","2022-11-11","2024-03-31",5000000.0,Não,,Perfurações e sondagens,PB,Nordeste,JOAO PESSOA,ALTIPLANO CABO BRANCO
2871,0,"2022-11-11","2022-11-11","2025-10-31",5000000.0,Não,,Outras obras de engenharia civil não especificadas anteriormente,MG,Sudeste,BELO HORIZONTE,Cachoeirinha
2872,0,"2022-11-14","2022-11-14","2023-05-31",4700000.0,Não,,Sem Segmento,MG,Sudeste,SERRA DO SALITRE,CENTRO
2873,0,"2022-11-14","1900-01-01","1900-01-01",0.0,Não,,Abate de aves,MG,Sudeste,BELO HORIZONTE,ESTORIL
2874,0,"2022-11-14","2022-11-11","2023-04-30",5000000.0,Não,,"Comércio atacadista de máquinas, aparelhos e equipamentos para uso agropecuário; partes e peças",SP,Sudeste,OLIMPIA,PATRIMONIO SAO JOAO BATISTA I
2875,0,"2022-11-14","2022-11-14","2026-02-28",10000000,Não,,"Atividades de consultoria em gestão empresarial, exceto consultoria técnica específica",SP,Sudeste,SAO PAULO,VILA SANTA CATARINA
2876,0,"2022-11-14","2022-11-14","2023-05-31",5000000.0,Não,,Construção de edifícios,PB,Nordeste,JOAO PESSOA,CRISTO REDENTOR
2877,0,"2022-11-14","2023-05-30","2025-11-30",5000000.0,Não,,Fabricação de outros produtos de minerais não-metálicos não especificados anteriormente,SP,Sudeste,DESCALVADO,DISTRITO INDUSTRIAL COSMO FUZARO
2878,0,"2022-11-14","2023-06-22","2026-01-31",5000000.0,Não,,Instalação e manutenção elétrica,TO,Norte,PORTO NACIONAL,BEIRA RIO
2879,474,"2022-11-14","1900-01-01","2023-02-28",2000000.0,Não,,Securitização de créditos,SP,Sudeste,SAO PAULO,VILA LUCIA ELVIRA
2880,0,"2022-11-16","2022-11-16","2023-02-28",2000000.0,Não,,Comércio atacadista de embalagens,ES,Sudeste,VILA VELHA,JARDIM ASTECA
2881,504,"2022-11-16","2024-05-14","2024-08-31",16400000,Não,,Fabricação de intermediários para fertilizantes,SP,Sudeste,SÃO PAULO,Santo Amaro
2882,832,"2022-11-16","2023-02-10","2023-04-30",12000000,Não,,Sem Segmento,SP,Sudeste,ITAPECERICA DA SERRA,PARQUE PARAISO
2883,832,"2022-11-16","2023-02-10","2023-04-30",12000000,Não,,"Transporte rodoviário de carga, exceto produtos perigosos e mudanças, intermunicipal, interestadual e internacional",RS,Sul,CAXIAS DO SUL,DIAMANTINO
2884,503,"2022-11-16","2024-01-15","2024-04-30",19000000,Não,,Incorporação de empreendimentos imobiliários,SP,Sudeste,SÃO PAULO,Cidade Monções
2885,0,"2022-11-16","2023-05-30","2024-06-30",5000000.0,Não,,"Aluguel de palcos, coberturas e outras estruturas de uso temporário, exceto andaimes",PE,Nordeste,OLINDA,PEIXINHOS
2886,174,"2022-11-16","2023-03-08","2026-01-31",7000000.0,Não,,"Transporte rodoviário coletivo de passageiros, com itinerário fixo, municipal",RS,Sul,SANTA CRUZ DO SUL,ESMERALDA
2887,174,"2022-11-16","2022-11-16","2023-05-15",7000000.0,Não,,Sem Segmento,SP,Sudeste,SÃO PAULO,Indianópolis
2889,333,"2022-11-16","2025-08-11","2025-11-30",440000000,Sim,"2024-09-26",Fabricação de álcool,RN,Nordeste,BAÍA FORMOSA,ZONA URBANA
2890,0,"2022-11-17","2023-05-17","2025-02-28",5000000.0,Não,,Construção Civil,RS,Sul,PORTO ALEGRE,JARDIM BOTANICO
2891,0,"2022-11-17","2022-11-17","2022-11-30",0.0,Não,,"Atividades de consultoria em gestão empresarial, exceto consultoria técnica específica",SP,Sudeste,SANTANA DE PARNAÍBA,Alphaville
2892,0,"2022-11-17","2022-11-17","2022-11-30",0.0,Não,,Construção de edifícios,SP,Sudeste,SAO PAULO,BELA VISTA
2893,0,"2022-11-17","2023-05-10","2024-04-30",5000000.0,Não,,Comércio varejista de materiais de construção em geral,SP,Sudeste,CARAPICUIBA,VILA DA OPORTUNIDADE
2894,803,"2022-11-18","2022-12-12","2023-03-31",2500000.0,Sim,"2024-02-22",Alimentar,SP,Sudeste,SÃO PAULO,Vila Prudente
2895,0,"2022-11-18","2025-09-08","2026-01-31",8000000.0,Não,,Comércio atacadista de madeira e produtos derivados,GO,Centro Oeste,ANAPOLIS,JK NOVA CAPITAL
2896,15,"2022-11-18","2022-11-18","2023-05-17",1100000.0,Não,,Sem Segmento,SP,Sudeste,ITAPECERICA DA SERRA,POTUVERA
2897,15,"2022-11-18","2022-11-18","2023-05-17",1100000.0,Não,,Obras de montagem industrial,MS,Centro Oeste,TRES LAGOAS,CHACARA IMPERIAL
2898,263,"2022-11-18","2025-03-24","2025-06-30",5700000.0,Não,,Criação de peixes em água doce,SP,Sudeste,SANTA FÉ DO SUL,ZONA RURAL
2899,0,"2022-11-23","2025-11-06","2026-01-31",1000000.0,Sim,"2022-08-16",Fabricação de papel,PR,Sul,ARAUCARIA,JARDIM ALVORADA
2900,0,"2022-11-23","2023-06-02","2024-07-31",5000000.0,Não,,Serviços,SP,Sudeste,SAO PAULO,VILA ANGLO BRASILEIRA
2901,521,"2022-11-24","2022-12-05","2023-03-31",50000000,Não,,"Comércio atacadista de defensivos agrícolas, adubos, fertilizantes e corretivos do solo",ES,Sudeste,SERRA,PLANALTO DE CARAPINA
2902,0,"2022-11-24","1900-01-01","2022-11-01",5000000.0,Não,,Fabricação de alimentos para animais,PA,Norte,REDENÇÃO,JARDIM ARIANE
2903,0,"2022-11-25","2025-08-18","2026-01-31",30000000,Não,,"Fabricação de farinha de milho e derivados, exceto óleos de milho",GO,Centro Oeste,GOIANIA,PRQ MARACANA
2904,920,"2022-11-25","2024-02-15","2026-03-30",5000000.0,Não,,"Fabricação de outros aparelhos eletrodomésticos não especificados anteriormente, peças e acessórios",PR,Sul,SÃO JOSÉ DOS PINHAIS,Afonso Pena
2905,0,"2022-11-25","2022-11-25","2023-02-28",1500000.0,Não,,Fabricação de açúcar em bruto,RJ,Sudeste,CAMPOS DOS GOYTACAZES,Parque Aldeia
2906,0,"2022-11-25","2023-05-19","2023-09-30",1500000.0,Não,,Produção de artefatos estampados de metal,SP,Sudeste,ITAQUAQUECETUBA,JARDIM LUANA
2907,0,"2022-11-25","2022-11-25","2023-03-30",1000000.0,Não,,Fabricação de medicamentos alopáticos para uso humano,SP,Sudeste,INDAIATUBA,Recreio Campestre Jóia
2908,507,"2022-11-25","2022-11-25","2023-02-28",1000000.0,Não,,Sem Segmento,CE,Nordeste,SAO GONCALO DO AMARANTE,ALTO DO VINTEM
2909,507,"2022-11-25","2022-11-25","2023-02-28",1000000.0,Não,,Fabricação de embalagens de cartolina e papel-cartão,RS,Sul,SAPIRANGA,Oeste
2910,0,"2022-11-28","2022-11-28","2023-02-28",800000.0,Não,,Transporte rodoviário de produtos perigosos,PR,Sul,CURITIBA,GUABIROTUBA
2911,0,"2022-11-28","2022-11-28","1900-01-01",0.0,Não,,Atividades de contabilidade,PR,Sul,LONDRINA,CENTRO
2912,0,"2022-11-28","2023-05-30","2023-10-31",5000000.0,Não,,Impermeabilização em obras de engenharia civil,SP,Sudeste,SAO PAULO,VILA CORDEIRO
2913,0,"2022-11-28","2023-05-25","2026-03-31",10000000,Não,,Serviços de engenharia,PR,Sul,LONDRINA,CENTRO
2914,491,"2022-11-28","2025-09-19","2026-01-31",31677000,Não,,"Fabricação de conservas de legumes e outros vegetais, exceto palmito",GO,Centro Oeste,CRISTALINA,ZONA RURAL
2915,491,"2022-11-28","2025-09-19","2026-01-31",31677000,Não,,"Fabricação de conservas de legumes e outros vegetais, exceto palmito",GO,Centro Oeste,CRISTALINA,ZONA RURAL
2916,0,"2022-11-28","2022-11-28","2023-02-28",4300000.0,Não,,"Comércio atacadista de defensivos agrícolas, adubos, fertilizantes e corretivos do solo",MG,Sudeste,PATOS DE MINAS,IPANEMA
2917,0,"2022-11-29","2022-11-29","2024-03-31",5000000.0,Não,,Serviços de engenharia,SP,Sudeste,SAO PAULO,SANTA CECILIA
2918,0,"2022-11-29","2023-05-30","2024-10-31",5000000.0,Não,,Distribuição de água por caminhões,SP,Sudeste,CAJAMAR,PARAISO (POLVILHO)
2919,0,"2022-12-05","2022-12-05","1900-01-01",0.0,Sim,"2024-08-15",Comércio varejista de móveis,SP,Sudeste,SAO PAULO,VILA LEOPOLDINA
2920,521,"2022-12-05","2022-12-05","2023-03-30",50000000,Não,,Sem Segmento,ES,Sudeste,VITÓRIA,Centro
2921,521,"2022-12-05","2022-12-05","1900-01-01",50000000,Não,,Holdings de instituições não-financeiras,SP,Sudeste,SAO PAULO,VILA OLIMPIA
2922,801,"2022-12-05","2025-10-06","2026-01-31",19300000,Não,,Fabricação de alimentos para animais,MS,Centro Oeste,CHAPADÃO DO SUL,ZONA RURAL
2923,0,"2022-12-05","2025-06-12","2025-09-30",17100000,Não,,Comércio varejista de outros produtos não especificados anteriormente,MA,Nordeste,BENEDITO LEITE,ZONA RURAL
2924,482,"2022-12-05","2025-09-05","2026-01-31",13000000,Sim,"2022-10-03",Fabricação de embalagens de material plástico,SC,Sul,CRICIÚMA,Nossa Senhora da Salete
2925,0,"2022-12-05","2022-12-05","2023-02-28",1200000.0,Sim,"2022-09-20","Fabricação de fios, cabos e condutores elétricos isolados",SP,Sudeste,SÃO JOSÉ DOS CAMPOS,Chácaras Reunidas
2926,0,"2022-12-06","2023-03-31","2023-09-30",5000000.0,Não,,"Comércio atacadista de produtos siderúrgicos e metalúrgicos, exceto para construção",SP,Sudeste,GUARULHOS,PARQUE INDUSTRIAL FERREIRA FERNANDES
2927,0,"2022-12-07","2022-12-07","2023-05-30",5000000.0,Não,,Aluguel de andaimes,MG,Sudeste,MONTES CLAROS,JOAO GORDO
2928,0,"2022-12-07","2023-05-16","2025-12-31",5000000.0,Não,,Automotivos e Equipamentos,PE,Nordeste,CABO DE SANTO AGOSTINHO,ZONA INDUSTRIAL DE SUAPE
2929,0,"2022-12-07","2023-05-17","2025-12-31",5000000.0,Não,,Serviços de engenharia,PR,Sul,LONDRINA,Gleba Fazenda Palhano
2930,786,"2022-12-08","1900-01-01","2023-03-10",4500000.0,Não,,Sem Segmento,RS,Sul,FREDERICO WESTPHALEN,APARECIDA
2931,191,"2022-12-12","2024-08-13","2024-12-31",10000000,Não,,Armazéns gerais - emissão de warrant,GO,Centro Oeste,ITUMBIARA,Centro
2932,803,"2022-12-12","2022-12-12","2023-03-30",2500000.0,Sim,"2024-02-22",Fabricação de produtos derivados do cacau e de chocolates,SP,Sudeste,SÃO PAULO,Vila Lúcia
2933,0,"2022-12-12","2023-11-14","2024-04-30",25000000,Não,,"Comércio atacadista de defensivos agrícolas, adubos, fertilizantes e corretivos do solo",SP,Sudeste,SOROCABA,PARQUE CAMPOLIM
2934,785,"2022-12-12","2023-05-15","2023-08-31",3000000.0,Sim,"2023-05-18",Comércio atacadista de medicamentos e drogas de uso humano,PR,Sul,SÃO JOSÉ DOS PINHAIS,Guatupê
2935,785,"2022-12-12","2022-12-12","2020-01-01",3000000.0,Não,,Comércio atacadista de medicamentos e drogas de uso humano,MS,Centro Oeste,CAMPO GRANDE,Jardim Noroeste
2936,785,"2022-12-12","2022-12-07","2023-03-31",3000000.0,Não,,Comércio atacadista de medicamentos e drogas de uso humano,MS,Centro Oeste,CAMPO GRANDE,Vila Piratininga
2937,801,"2022-12-12","2025-10-06","2026-01-31",19300000,Não,,AGRO,MT,Centro Oeste,PRIMAVERA DO LESTE,JOSE ALENCAR G. DA SILVA (DISTRITO INDUS
2938,0,"2022-12-13","2022-12-13","2024-02-29",5000000.0,Não,,Reparação e manutenção de computadores e de equipamentos periféricos,SP,Sudeste,SAO PAULO,PARQUE JABAQUARA
2939,0,"2022-12-13","2023-07-13","2026-03-31",10000000,Não,,Instalação e manutenção elétrica,SP,Sudeste,SAO PAULO,SOCORRO
2941,0,"2022-12-14","2022-12-14","2023-06-30",5000000.0,Não,,Comércio varejista de mercadorias em lojas de conveniência,RN,Nordeste,NATAL,Capim Macio
2942,0,"2022-12-14","2023-06-20","2023-11-30",5000000.0,Não,,"Comércio atacadista de produtos siderúrgicos e metalúrgicos, exceto para construção",SP,Sudeste,SÃO BERNARDO DO CAMPO,Batistini
2943,0,"2022-12-14","2023-06-09","2024-09-30",5000000.0,Não,,"Fabricação de tanques, reservatórios metálicos e caldeiras para aquecimento central",SP,Sudeste,BADY BASSITT,ZONA RURAL
2944,0,"2022-12-19","2022-12-19","1900-01-01",19800000,Não,,Sem Segmento,SP,Sudeste,PORTO FELIZ,cidade jardim 
2945,794,"2022-12-19","2023-06-19","2023-11-30",20000000,Não,,Beneficiamento de arroz,TO,Norte,MIRANORTE,CENTRO
2946,794,"2022-12-19","2023-06-19","2023-11-30",20000000,Não,,"Atividades de intermediação e agenciamento de serviços e negócios em geral, exceto imobiliários",GO,Centro Oeste,ANÁPOLIS,Setor Sul Jamil Miguel
2947,793,"2022-12-19","2024-09-11","2025-01-31",10000000,Não,,"Comércio atacadista de produtos alimentícios em geral, com atividade de fracionamento e acondicionamento associada",GO,Centro Oeste,ANÁPOLIS,Jardim Eldorado
2948,793,"2022-12-19","2024-09-11","2025-01-31",10000000,Não,,Comércio atacadista de produtos alimentícios em geral,GO,Centro Oeste,ANÁPOLIS,Setor Sul Jamil Miguel
2949,0,"2022-12-19","2024-03-04","2024-05-31",2000000.0,Sim,"2023-07-06",Fabricação de calçados de material sintético,SC,Sul,SAUDADES,INDUSTRIAL
2950,0,"2022-12-19","2022-12-19","2024-02-29",500000.0,Não,,Obras de montagem industrial,MG,Sudeste,UBERABA,JARDIM MARACANA
2951,0,"2022-12-19","2022-12-19","2023-06-30",180000.0,Não,,"Decoração, lapidação, gravação, vitrificação e outros trabalhos em cerâmica, louça, vidro e cristal",SP,Sudeste,PRESIDENTE PRUDENTE,VILA OCIDENTAL
2952,0,"2022-12-19","2022-12-19","2023-06-30",10000000,Não,,Representantes comerciais e agentes do comércio de matérias-primas agrícolas e animais vivos,TO,Norte,PALMAS,Plano Diretor Sul
2953,0,"2022-12-19","2022-12-19","2023-06-30",10000000,Não,,AGRO,GO,Centro Oeste,BOM JESUS,ROSA MARIA
2954,0,"2022-12-20","1900-01-01","2022-01-01",0.0,Não,,Sem Segmento,SC,Sul,CRICIÚMA,São Marcos
2956,0,"2022-12-20","2022-12-20","2026-02-28",15000000,Sim,"2024-02-20",Serviços de engenharia,SP,Sudeste,ITATIBA,Bairro da Ponte
2957,403,"2022-12-20","1900-01-01","2023-01-30",40000000,Não,,Serviços,SC,Sul,FLORIANÓPOLIS,Centro
2958,0,"2022-12-20","2022-12-20","1900-01-01",10000000,Não,,"Comércio atacadista de mercadorias em geral, sem predominância de alimentos ou de insumos agropecuários",SP,Sudeste,SAO PAULO,BUTANTA
2959,0,"2022-12-22","2022-12-20","2023-06-30",150000.0,Não,,Serviços combinados de escritório e apoio administrativo,SP,Sudeste,RIBEIRÃO PRETO,Ipiranga
2960,0,"2022-12-22","2022-12-22","2024-03-31",5000000.0,Não,,Fabricação de artefatos de cimento para uso na construção,SP,Sudeste,DESCALVADO,AREA INDUSTRIAL
2961,0,"2022-12-22","2022-12-22","2023-06-29",0.0,Não,,Comércio varejista de outros artigos de uso pessoal e doméstico não especificados anteriormente,GO,Centro Oeste,ITUMBIARA,SETOR SOCIAL
2962,0,"2022-12-22","2022-12-22","2024-05-31",450000.0,Não,,"Transporte rodoviário coletivo de passageiros, sob regime de fretamento, municipal",MG,Sudeste,PARACATU,Santo Eduardo
2963,0,"2022-12-22","2022-12-22","2024-03-31",5000000.0,Não,,Outras obras de instalações em construções não especificadas anteriormente,SP,Sudeste,SAO BERNARDO DO CAMPO,JARDIM DO MAR
2964,0,"2022-12-22","2023-06-16","2023-11-30",5000000.0,Não,,Comércio varejista de outros produtos não especificados anteriormente,SP,Sudeste,SAO PAULO,VILA SANTA CLARA
2965,0,"2022-12-22","2023-06-06","2023-11-30",5000000.0,Não,,"Fabricação de letras, letreiros e placas de qualquer material, exceto luminosos",MG,Sudeste,POUSO ALEGRE,ALA I
2966,0,"2022-12-22","2023-06-06","2025-12-31",5000000.0,Não,,Sem Segmento,MG,Sudeste,MONTES CLAROS,Vila Exposição
2967,0,"2023-04-11","2022-12-22","2024-03-31",5000000.0,Não,,"Transporte rodoviário de carga, exceto produtos perigosos e mudanças, intermunicipal, interestadual e internacional",MG,Sudeste,VARGINHA,SANTA TEREZINHA
2968,0,"2022-12-22","2023-06-06","2024-05-31",5000000.0,Não,,"Atividades relacionadas a esgoto, exceto a gestão de redes",PB,Nordeste,CABEDELO,PARQUE ESPERANCA
2969,0,"2022-12-22","2025-11-12","2026-02-28",85000000,Não,,Compra e venda de imóveis próprios,SP,Sudeste,SÃO PAULO,Chácara Santo Antônio (Zona Sul)
2970,0,"2022-12-26","2023-01-20","2023-04-30",15000000,Não,,Sem Segmento,MA,Nordeste,BALSAS,ZONA RURAL
2971,795,"2022-12-26","2024-11-22","2025-01-31",11000000,Não,,"Comércio atacadista de defensivos agrícolas, adubos, fertilizantes e corretivos do solo",GO,Centro Oeste,CALDAS NOVAS,Jardim Belvedere
2972,795,"2022-12-26","2024-11-22","2025-01-31",11000000,Não,,"Comércio atacadista de defensivos agrícolas, adubos, fertilizantes e corretivos do solo",GO,Centro Oeste,ORIZONA,CENTRO
2973,0,"2022-12-26","2025-08-04","2025-11-30",2000000.0,Sim,"2022-08-15",Extração e britamento de pedras e outros materiais para construção e beneficiamento associado,RS,Sul,ESTRELA,centro
2974,452,"2022-12-26","2022-12-26","1900-01-01",1000000.0,Não,,"Transporte rodoviário de carga, exceto produtos perigosos e mudanças, intermunicipal, interestadual e internacional",MG,Sudeste,BETIM,VILA CRISTINA
2975,0,"2022-12-27","2023-06-06","2023-11-30",5000000.0,Não,,Comércio atacadista especializado em outros produtos intermediários não especificados anteriormente,SP,Sudeste,SAO PAULO,PARQUE SAO JORGE
2976,0,"2022-12-27","2023-07-28","2025-12-31",5000000.0,Não,,Imunização e controle de pragas urbanas,MG,Sudeste,POCOS DE CALDAS,FAZENDA BAETA
2977,0,"2022-12-27","2023-06-06","2024-07-31",5000000.0,Não,,Comércio varejista de ferragens e ferramentas,MG,Sudeste,MONTES CLAROS,JARDIM SAO LUIZ
2978,0,"2022-12-27","2022-12-27","1900-01-01",5000000.0,Não,,Fabricação de outros produtos de metal não especificados anteriormente,SP,Sudeste,GUARULHOS,CIDADE ARACILIA
2979,0,"2022-12-27","2022-12-27","2024-03-31",5000000.0,Não,,Automotivos e Equipamentos,MG,Sudeste,FRANCISCO SA,CENTRO
2980,0,"2022-12-27","2023-06-16","2023-11-30",5000000.0,Não,,"Fabricação de outras máquinas e equipamentos de uso geral não especificados anteriormente, peças e acessórios",PR,Sul,PINHAIS,WEISSOPOLIS
2981,0,"2022-12-27","2022-12-27","2020-01-01",0.0,Não,,"Instalação e manutenção de sistemas centrais de ar condicionado, de ventilação e refrigeração",GO,Centro Oeste,ITUMBIARA,CIDADE JARDIM
2982,0,"2022-12-27","2023-06-16","2023-11-30",5000000.0,Não,,Comércio atacadista de materiais de construção em geral,SP,Sudeste,CEDRAL,DISTRITO INDUSTRIAL
2983,0,"2022-12-27","2022-12-27","2023-06-30",5000000.0,Não,,Fabricação de tubos e acessórios de material plástico para uso na construção,SP,Sudeste,LEME,Distrito Industrial
2984,0,"2022-12-27","2022-12-27","2024-03-31",5000000.0,Não,,"Construção de redes de abastecimento de água, coleta de esgoto e construções correlatas, exceto obras de irrigação",SP,Sudeste,CAJAMAR,Jordanésia (Jordanésia)
2985,0,"2022-12-27","1900-01-01","1900-01-01",0.0,Não,,Sem Segmento,"","","",""
2986,0,"2022-12-28","2024-03-11","2024-06-30",1500000.0,Não,,Fabricação de embalagens de material plástico,PR,Sul,CURITIBA,Cidade Industrial
2987,0,"2022-12-28","2022-12-28","2023-03-30",1000000.0,Não,,Fabricação de intermediários para fertilizantes,PR,Sul,CURITIBA,BOA VISTA
2988,0,"2022-12-29","2022-12-29","2020-01-01",0.0,Não,,"Transporte rodoviário coletivo de passageiros, com itinerário fixo, interestadual",RS,Sul,VENANCIO AIRES,CENTRO
2989,0,"2022-12-29","2025-07-01","2025-10-31",2000000.0,Não,,Comércio atacadista de matérias-primas agrícolas não especificadas anteriormente,RS,Sul,GUARANI DAS MISSÕES,SUBURBIOS
2990,0,"2022-12-29","2023-07-04","2023-12-31",5500000.0,Não,,Montagem de estruturas metálicas,RS,Sul,MARAU,CENTRO
2991,0,"2023-01-03","2022-12-29","2023-06-30",10000000,Não,,Comércio atacadista de cereais e leguminosas beneficiados,SP,Sudeste,POA,VILA JULIA
2992,0,"2023-01-03","2023-01-03","2023-06-30",5000000.0,Não,,"Aluguel de outras máquinas e equipamentos comerciais e industriais não especificados anteriormente, sem operador",PB,Nordeste,JOAO PESSOA,EXPEDICIONARIOS
2993,0,"2023-01-03","2023-01-03","2024-09-29",5000000.0,Não,,Serviços especializados para construção não especificados anteriormente,MG,Sudeste,CORACAO DE JESUS,CENTRO
2994,0,"2023-01-03","2023-01-03","2025-02-28",5000000.0,Não,,"Serviços combinados para apoio a edifícios, exceto condomínios prediais",MG,Sudeste,POUSO ALEGRE,CENTRO
2995,0,"2023-01-03","2025-10-21","2026-03-31",1000000.0,Não,,Fabricação de móveis com predominância de metal,RJ,Sudeste,CAMPOS DOS GOYTACAZES,PARQUE DOS RODOVIARIOS
2996,0,"2023-01-04","2023-01-04","1900-01-01",127000000,Não,,Incorporação de empreendimentos imobiliários,RS,Sul,GRAMADO,BAVARIA
2997,0,"2023-01-06","2023-07-26","2023-12-31",5000000.0,Não,,Fabricação de artefatos de cimento para uso na construção,PE,Nordeste,CAMARAGIBE,TIMBI
2998,403,"2023-01-09","2023-01-09","2023-01-01",40000000,Não,,"Medição de consumo de energia elétrica, gás e água",SC,Sul,FLORIANOPOLIS,CENTRO
2999,0,"2023-01-10","2023-01-10","2023-03-31",1600000.0,Não,,Sem Segmento,SP,Sudeste,SÃO PAULO,Vila Santa Catarina
3000,0,"2023-01-10","2023-01-10","2024-02-29",5000000.0,Não,,"Transporte rodoviário de carga, exceto produtos perigosos e mudanças, intermunicipal, interestadual e internacional",PR,Sul,CURITIBA,CIDADE INDUSTRIAL
3001,0,"2023-01-16","2023-01-16","1900-01-01",10000000,Não,,"Comércio atacadista de álcool carburante, biodiesel, gasolina e demais derivados de petróleo, exceto lubrificantes, não realizado por transportador retalhista (TRR)",RS,Sul,CAXIAS DO SUL,SANVITTO
3002,0,"2023-01-17","2023-07-18","2023-12-31",5000000.0,Não,,Serviços de tratamento e revestimento em metais.,SP,Sudeste,GUARULHOS,CIDADE INDUSTRIAL SATELITE DE SAO PAULO
3003,0,"2023-01-17","2023-07-26","2023-12-31",5000000.0,Não,,Fabricação de artefatos de cimento para uso na construção,PE,Nordeste,SAO LOURENCO DA MATA,N SRA DA LUZ
3004,0,"2023-01-17","2023-01-17","2026-01-31",10000000,Não,,Aplicação de revestimentos e de resinas em interiores e exteriores,SP,Sudeste,SAO BERNARDO DO CAMPO,RUDGE RAMOS
3005,0,"2023-01-17","2023-07-18","2023-12-31",5000000.0,Não,,Construção de edifícios,CE,Nordeste,LIMOEIRO DO NORTE,MONSENHOR OTAVIO
3006,485,"2023-01-17","2025-11-11","2026-02-28",100000.0,Não,,Holdings de instituições não-financeiras,SP,Sudeste,VOTORANTIM,Centro
3007,786,"2023-01-23","2023-01-23","2023-04-30",4500000.0,Não,,Fabricação de artefatos de material plástico para usos industriais,MS,Centro Oeste,CAMPO GRANDE,Loteamento Polo Empresarial Oeste
3008,310,"2023-01-23","2025-02-11","2025-06-30",15000000,Não,,Sem Segmento,RS,Sul,SANTA CRUZ DO SUL,Distrito Industrial
3009,0,"2023-01-24","2023-01-24","2024-01-31",5000000.0,Não,,Comércio varejista de material elétrico,SP,Sudeste,SAO PAULO,SOCORRO
3010,0,"2023-01-24","2023-01-24","2023-07-30",5000000.0,Não,,Manutenção e reparação de máquinas e aparelhos de refrigeração e ventilação para uso industrial e comercial,MG,Sudeste,MONTES CLAROS,SANTOS REIS
3011,0,"2023-01-24","2023-07-26","2025-01-31",5000000.0,Não,,"Aluguel de máquinas e equipamentos para construção sem operador, exceto andaimes",PE,Nordeste,RECIFE,IMBIRIBEIRA
3012,453,"2023-01-25","2025-10-28","2026-02-28",34000000,Sim,"2024-09-24",Fabricação de cervejas e chopes,BA,Nordeste,ALAGOINHAS,Distrito Industrial I
3013,453,"2023-01-25","2025-10-28","2026-02-28",34000000,Sim,"2024-09-26",Fabricação de cervejas e chopes,PE,Nordeste,ITAPISSUMA,MANGABEIRA
3014,453,"2023-01-25","2025-10-28","2026-02-28",34000000,Sim,"2024-09-24",Fabricação de cervejas e chopes,MT,Centro Oeste,RONDONÓPOLIS,Distrito Industrial Augusto Bortoli Razia
3015,453,"2023-01-25","2025-10-28","2026-02-28",34000000,Não,,Fabricação de artefatos de material plástico para outros usos não especificados anteriormente,SP,Sudeste,BOITUVA,Jardim Hermínia
3016,453,"2023-01-25","2025-10-28","2026-02-28",34000000,Não,,"Transporte rodoviário de carga, exceto produtos perigosos e mudanças, intermunicipal, interestadual e internacional",RJ,Sudeste,PETROPOLIS,ITAIPAVA
3018,0,"2023-01-26","2023-01-26","2024-01-31",5000000.0,Não,,Fabricação de tubos e acessórios de material plástico para uso na construção,SP,Sudeste,CABREUVA,JACARE
3019,0,"2023-01-26","2023-01-26","2026-03-31",10000000,Não,,Comércio atacadista de materiais de construção em geral,MG,Sudeste,MONTES CLAROS,JOAO ALVES
3020,0,"2023-01-26","2023-01-26","2025-11-30",5000000.0,Não,,Serviços de engenharia,MG,Sudeste,UBERABA,Loteamento Jardim Ipiranga
3021,831,"2023-01-26","2023-01-26","2023-01-01",2700000.0,Não,,Sem Segmento,GO,Centro Oeste,INHUMAS,Distrito Agroindustrial de Inhumas
3022,825,"2023-01-30","2024-09-09","2024-11-30",14730000,Não,,Cultivo de pinus,PR,Sul,PALMAS,LAGOAO
3023,825,"2023-01-30","2024-09-09","2024-11-30",14730000,Não,,"Fabricação de madeira laminada e de chapas de madeira compensada, prensada e aglomerada",SC,Sul,OTACÍLIO COSTA,AREA INDUSTRIAL LICINIO GOMES
3024,816,"2023-01-30","2025-03-14","2025-07-31",10000000,Não,,Comércio atacadista de cereais e leguminosas beneficiados,MT,Centro Oeste,CUIABÁ,Rodoviária Parque
3025,816,"2023-01-30","2025-03-14","2025-07-31",10000000,Não,,"Transporte rodoviário de carga, exceto produtos perigosos e mudanças, intermunicipal, interestadual e internacional",MT,Centro Oeste,RONDONÓPOLIS,Centro
3028,505,"2023-01-30","2023-01-30","2023-05-31",7000000.0,Não,,Comércio atacadista de cereais e leguminosas beneficiados,SP,Sudeste,ITAPETININGA,Vila Itapetininga
3029,810,"2023-01-30","2025-11-06","2026-01-31",56000000,Não,,"Comércio atacadista de produtos alimentícios em geral, com atividade de fracionamento e acondicionamento associada",SP,Sudeste,SÃO PAULO,Jardim Jaraguá
3030,0,"2023-01-30","2023-01-30","2023-07-30",5000000.0,Não,,Serviços advocatícios,SP,Sudeste,DESCALVADO,CENTRO
3031,0,"2023-01-30","2023-01-30","2024-01-31",5000000.0,Não,,"Fabricação de máquinas, equipamentos e aparelhos para transporte e elevação de cargas, peças e acessórios",PE,Nordeste,RECIFE,IPSEP
3032,0,"2023-01-30","2023-07-26","2023-12-31",5000000.0,Não,,Construção de edifícios,PE,Nordeste,RECIFE,IPUTINGA
3033,0,"2023-01-30","2023-07-26","2023-12-31",5000000.0,Não,,"Atividades de consultoria em gestão empresarial, exceto consultoria técnica específica",SP,Sudeste,HORTOLANDIA,LOTEAMENTO REMANSO CAMPINEIRO
3034,0,"2023-01-31","2023-01-31","2023-07-31",5000000.0,Não,,Comércio atacadista de roupas e acessórios para uso profissional e de segurança do trabalho,SP,Sudeste,JACAREI,JARDIM SAO GABRIEL
3036,445,"2023-01-31","2023-01-31","1900-01-01",6700000.0,Não,,Holdings de instituições não-financeiras,SP,Sudeste,SAO PAULO,TATUAPE
3037,0,"2023-02-01","2023-02-01","2023-07-31",6000000.0,Não,,"Outras sociedades de participação, exceto holdings",SP,Sudeste,BOITUVA,VIVENDAS DO PARQUE
3038,0,"2023-02-01","2023-02-01","1900-01-01",0.0,Não,,"Bancos múltiplos, com carteira comercial",SP,Sudeste,SAO PAULO,VILA NOVA CONCEICAO
3039,0,"2023-02-01","1900-01-01","1900-01-01",0.0,Não,,Comércio por atacado de pneumáticos e câmaras-de-ar,SP,Sudeste,SÃO PAULO,Vila Anastácio
3040,0,"2023-02-01","1900-01-01","1900-01-01",0.0,Sim,"2024-01-24",Fundição de ferro e aço,RS,Sul,SANTA ROSA,GLORIA
3041,0,"2023-02-02","1900-01-01","1900-01-01",0.0,Não,,Sem Segmento,"","","",""
3042,0,"2023-02-02","2023-07-26","2026-04-30",10000000,Não,,Serviços de engenharia,SP,Sudeste,SAO PAULO,VILA MARIANA
3043,0,"2023-02-02","2023-02-02","2023-07-30",5000000.0,Não,,"Transporte rodoviário de carga, exceto produtos perigosos e mudanças, intermunicipal, interestadual e internacional",SP,Sudeste,GUARULHOS,CONJUNTO RESIDENCIAL PAES DE BARROS
3044,0,"2023-02-02","2023-07-31","2026-03-31",10000000,Não,,"Extração de areia, cascalho ou pedregulho e beneficiamento associado",PB,Nordeste,SANTA RITA,AREA RURAL DE SANTA RITA
3045,0,"2023-02-03","2023-03-24","2023-08-31",10000000,Não,,Fabricação de outras peças e acessórios para veículos automotores não especificadas anteriormente,RS,Sul,CAXIAS DO SUL,SANTA CATARINA
3046,504,"2023-02-06","2024-05-14","2024-08-31",16400000,Não,,Comércio atacadista de matérias-primas agrícolas não especificadas anteriormente,SP,Sudeste,SÃO PAULO,Vila São Francisco (Zona Sul)
3047,28,"2023-02-06","2025-10-28","2026-02-28",13000000,Não,,Sem Segmento,SP,Sudeste,COSMÓPOLIS,Itapavussu
3048,28,"2023-02-06","2025-10-28","2026-02-28",13000000,Não,,Sem Segmento,SP,Sudeste,ARTUR NOGUEIRA,SÍTIO PALMEIRAS
3049,0,"2023-02-06","1900-01-01","1900-01-01",0.0,Não,,Comércio varejista de artigos de colchoaria,SC,Sul,BIGUACU,CENTRO
3050,0,"2023-02-07","2025-10-28","2026-02-28",6000000.0,Não,,"Fabricação de adubos e fertilizantes, exceto organo-minerais",PR,Sul,TOLEDO,DISTRITO VILA NOVA
3051,0,"2023-02-07","2023-02-07","1900-01-01",3500000.0,Sim,"2024-08-26",Comércio atacadista de madeira e produtos derivados,SC,Sul,SÃO BENTO DO SUL,Alpino
3052,0,"2023-02-07","2025-07-28","2025-11-30",24500000,Não,,Incorporação de empreendimentos imobiliários,RS,Sul,PELOTAS,Centro
3053,0,"2023-02-07","2023-02-07","2023-04-30",1000000.0,Sim,"2024-02-22","Fabricação de equipamento bélico pesado, exceto veículos militares de combate",SP,Sudeste,SAO JOSE DOS CAMPOS,EUGENIO DE MELLO
3054,0,"2023-02-07","2023-02-07","2023-07-30",10000000,Não,,Comércio atacadista de matérias-primas agrícolas não especificadas anteriormente,MT,Centro Oeste,SINOP,Setor Industrial Norte
3055,356,"2023-02-07","2023-02-07","2026-02-28",6500000.0,Não,,Sem Segmento,BA,Nordeste,SALVADOR,Stiep
3056,0,"2023-02-07","2023-07-18","2026-02-28",10000000,Não,,Comércio varejista de material elétrico,MG,Sudeste,MONTES CLAROS,FUNCIONARIOS
3057,0,"2023-02-07","2023-02-07","2024-03-31",5000000.0,Não,,Construção de edifícios,SP,Sudeste,BARUERI,PARQUE DOS CAMARGOS
3058,445,"2023-02-07","2023-02-07","2023-07-30",6700000.0,Não,,"Clubes sociais, esportivos e similares",SP,Sudeste,ITU,Vila Nova
3059,0,"2023-02-07","2023-09-05","2024-08-31",20000000,Não,,"Comércio atacadista de cereais e leguminosas beneficiados, farinhas, amidos e féculas, com atividade de fracionamento e acondicionamento associada",TO,Norte,PIUM,SETOR ALTO DA BOA VISTA
3060,0,"2023-02-08","2023-02-08","2024-12-31",5000000.0,Não,,Instalação e manutenção elétrica,SP,Sudeste,CAJATI,PARAFUSO
3061,0,"2023-02-09","2023-10-25","2024-03-31",10000000,Não,,Comércio varejista especializado de equipamentos e suprimentos de informática,PA,Norte,URUARÁ,ZONA RURAL
3062,0,"2023-02-09","2023-02-09","2024-07-31",5000000.0,Não,,Comércio varejista de material elétrico,MG,Sudeste,MONTES CLAROS,VILA EXPOSICAO
3063,0,"2023-02-10","2023-02-10","2024-03-31",5000000.0,Não,,Comércio atacadista especializado em outros produtos intermediários não especificados anteriormente,SP,Sudeste,SAO PAULO,VL CALIFORNIA
3064,0,"2023-02-10","2023-08-25","2025-03-31",5000000.0,Não,,Outras obras de acabamento da construção,MG,Sudeste,BELO HORIZONTE,NOVA GRANADA
3065,0,"2023-04-11","2023-07-26","2023-12-31",5000000.0,Não,,Desenvolvimento de programas de computador sob encomenda,SP,Sudeste,SAO PAULO,SANTO AMARO
3066,0,"2023-02-10","2023-02-10","2025-12-31",5000000.0,Não,,"Fabricação de artigos de serralheria, exceto esquadrias",PE,Nordeste,JABOATAO DOS GUARARAPES,SUCUPIRA
3067,296,"2023-02-10","2024-03-11","2024-06-30",2000000.0,Não,,Sem Segmento,PR,Sul,CIANORTE,Jardim Alto da Cidade
3068,0,"2023-02-16","2024-01-17","2024-06-30",10000000,Não,,"Atividades de intermediação e agenciamento de serviços e negócios em geral, exceto imobiliários",SP,Sudeste,SAO PAULO,PINHEIROS
3069,0,"2023-02-14","2023-02-14","1900-01-01",5000000.0,Não,,Obras de fundações,MG,Sudeste,BELO HORIZONTE,FLORAMAR
3070,0,"2023-02-14","2023-02-14","2024-02-29",5000000.0,Não,,Obras de fundações,SP,Sudeste,TABOAO DA SERRA,VILA FRANCISCO REMEIKIS
3071,0,"2023-02-14","2023-02-14","2023-08-30",500000.0,Não,,"Fabricação de máquinas e equipamentos para uso industrial específico não especificados anteriormente, peças e acessórios",MG,Sudeste,CATAGUASES,POUSO ALEGRE
3072,0,"2023-02-14","2023-02-14","2024-06-30",10000000,Não,,"SERVICOS DE USINAGENS, TORNEARIA E SOLDA",SP,Sudeste,SERTAOZINHO,CONJUNTO HABITACIONAL AUREA MENDES GIMENES
3073,0,"2023-02-14","1900-01-01","2024-11-07",0.0,Não,,Construção de rodovias e ferrovias,MS,Centro Oeste,CAMPO GRANDE,Vila Olinda
3074,418,"2023-02-15","2023-03-01","2025-11-30",15000000,Não,,Sem Segmento,MG,Sudeste,BELO HORIZONTE,Belvedere
3076,0,"2023-02-15","2023-10-20","2024-03-31",500000000,Não,,Sociedades de crédito ao microempreendedor,SP,Sudeste,SAO PAULO,ITAIM BIBI
3077,0,"2023-02-15","2023-02-15","2023-08-30",300000.0,Não,,Serviços de pintura de edifícios em geral,GO,Centro Oeste,FORMOSA,FORMOSINHA
3079,809,"2023-02-17","2023-02-17","1900-01-01",1000000.0,Não,,"Fabricação de adubos e fertilizantes, exceto organo-minerais",PA,Norte,BARCARENA,VILA DO CONDE
3080,809,"2023-02-17","2023-02-17","1900-01-01",1000000.0,Não,,Produção de ferro-gusa,PA,Norte,MARABA,DISTRITO INDUSTRIAL
3081,827,"2023-02-17","2023-02-17","2023-04-01",20000000,Não,,"Transporte rodoviário de carga, exceto produtos perigosos e mudanças, intermunicipal, interestadual e internacional",PR,Sul,SAO JOSE DOS PINHAIS,CENTRO
3082,0,"2023-02-17","2023-07-14","2023-10-31",2500000.0,Não,,"Fabricação de conservas de peixes, crustáceos e moluscos",SC,Sul,NAVEGANTES,SAO DOMINGOS
3083,786,"2023-02-22","2023-02-22","2023-04-30",4500000.0,Não,,"Fabricação de artefatos de material plástico para uso na construção, exceto tubos e acessórios",SC,Sul,JOINVILLE,PIRABEIRABA (PIRABEIRABA)
3084,222,"2023-02-22","2025-08-18","2026-01-31",50000000,Não,,Fabricação de intermediários para fertilizantes,SP,Sudeste,SAO PAULO,VILA CORDEIRO
3085,222,"2023-02-22","2025-08-18","2026-01-31",50000000,Não,,Sem Segmento,SE,Nordeste,ROSÁRIO DO CATETE,CAMPO DE SANTA BARBARA
3086,0,"2023-02-22","2024-12-20","2025-05-31",29000000,Não,,Serviços combinados de escritório e apoio administrativo,AL,Nordeste,CORURIPE,ZONA RURAL
3087,0,"2023-02-23","2023-02-23","2025-12-31",5000000.0,Não,,"Aluguel de outras máquinas e equipamentos comerciais e industriais não especificados anteriormente, sem operador",MG,Sudeste,MONTES CLAROS,CENTRO
3088,0,"2023-02-23","2023-02-23","2024-02-29",5000000.0,Não,,Comércio varejista de materiais de construção em geral,PB,Nordeste,CAMPINA GRANDE,CENTENARIO
3089,0,"2023-02-23","2023-02-23","2024-02-29",5000000.0,Não,,Serviços de engenharia,RJ,Sudeste,RIO DE JANEIRO,CENTRO
3090,0,"2023-02-23","2023-02-23","2026-03-31",10000000,Não,,Preparação de documentos e serviços especializados de apoio administrativo não especificados anteriormente,MG,Sudeste,MONTES CLAROS,Vila Luiza
3091,0,"2023-02-23","2023-02-23","2026-02-28",10000000,Não,,Fabricação de outros produtos de metal não especificados anteriormente,MG,Sudeste,MONTES CLAROS,JARDIM PRIMAVERA
3092,0,"2023-02-23","2023-02-23","2026-02-28",10000000,Não,,"Transporte rodoviário de carga, exceto produtos perigosos e mudanças, intermunicipal, interestadual e internacional",SP,Sudeste,SAO PAULO,VILA CARRÃO
3093,0,"2023-02-23","2023-02-23","2024-02-29",5000000.0,Não,,Comércio atacadista de ferragens e ferramentas,PE,Nordeste,RECIFE,BOA VIAGEM
3094,0,"2023-02-23","2023-02-23","2024-02-29",5000000.0,Não,,"Serviços de cartografia, topografia e geodésia",MG,Sudeste,MONTES CLAROS,JARDIM SAO LUIZ
3095,0,"2023-02-23","2023-02-23","2024-02-29",5000000.0,Não,,Comércio atacadista de ferragens e ferramentas,PE,Nordeste,JABOATAO DOS GUARARAPES,SANTO ALEIXO
3096,0,"2023-02-23","2023-02-23","2025-12-31",5000000.0,Não,,"Atividades de consultoria em gestão empresarial, exceto consultoria técnica específica",SP,Sudeste,SAO BERNARDO DO CAMPO,CENTRO
3097,0,"2023-02-24","2023-02-24","2024-02-29",5000000.0,Não,,Outras obras de instalações em construções não especificadas anteriormente,SP,Sudeste,BARUERI,JARDIM PARAISO
3098,0,"2023-02-24","2023-02-24","2023-09-10",3000000.0,Não,,Recuperação de sucatas de alumínio,RS,Sul,PORTO ALEGRE,LAGEADO
3099,0,"2023-02-24","2023-02-24","2023-08-30",300000.0,Não,,Comércio atacadista de resíduos e sucatas metálicos,RS,Sul,CACHOEIRINHA,VILA PONTA PORA
3100,0,"2023-02-24","2023-02-24","2023-08-30",3000000.0,Não,,Comércio atacadista de resíduos e sucatas metálicos,RS,Sul,CAXIAS DO SUL,Esplanada
3101,0,"2023-02-24","2023-02-24","1900-01-01",1000000.0,Não,,Comércio atacadista de resíduos e sucatas metálicos,RS,Sul,CACHOEIRINHA,DISTRITO INDUSTRIAL
3102,0,"2023-02-24","2023-02-24","1900-01-01",3000000.0,Não,,Recuperação de sucatas de alumínio,RS,Sul,CACHOEIRINHA,DISTRITO INDUSTRIAL
3103,0,"2023-02-24","2023-02-24","1900-01-01",3000000.0,Não,,"Comércio atacadista de produtos da extração mineral, exceto combustíveis",SP,Sudeste,SAO PAULO,IPIRANGA
3104,0,"2023-02-24","2023-02-24","2023-03-01",15000000,Não,,Fabricação de alimentos para animais,TO,Norte,MIRANORTE,SETOR INDUSTRIAL
3105,0,"2023-02-24","2023-02-24","2023-08-23",0.0,Não,,Sem Segmento,BA,Nordeste,LUIS EDUARDO MAGALHAES,JARDIM PRIMAVERA
3106,0,"2023-02-24","2023-02-24","2023-08-23",0.0,Não,,Sem Segmento,MT,Centro Oeste,RONDONOPOLIS,CENTRO
3107,0,"2023-02-24","2023-02-24","2023-08-30",10000000,Não,,Comércio por atacado de peças e acessórios novos para veículos automotores,GO,Centro Oeste,APARECIDA DE GOIANIA,POLO EMPRESARIAL GOIAS - ETAPA VI
3108,0,"2023-02-28","1900-01-01","1900-01-01",0.0,Sim,"2024-03-27","Fabricação de adubos e fertilizantes, exceto organo-minerais",SC,Sul,SAO FRANCISCO DO SUL,AGUA BRANCA
3109,0,"2023-02-28","2023-02-28","2024-07-31",5000000.0,Não,,Comércio varejista de material elétrico,SP,Sudeste,GUARULHOS,Vila Vicentina
3110,0,"2023-02-28","2023-02-28","2026-02-28",10000000,Sim,"2025-02-13",Fabricação de outros produtos de metal não especificados anteriormente,SP,Sudeste,SANTO ANDRE,JACATUBA
3111,0,"2023-02-28","2023-02-28","2025-12-31",5000000.0,Não,,Construção de edifícios,PB,Nordeste,JOAO PESSOA,MANAIRA
3113,0,"2023-03-01","2023-03-01","2025-12-31",5000000.0,Não,,Preparação de documentos e serviços especializados de apoio administrativo não especificados anteriormente,SP,Sudeste,CAMPINAS,SWISS PARK
3114,0,"2023-03-01","2023-03-01","1900-01-01",10000000,Não,,Sem Segmento,SP,Sudeste,SAO BERNARDO DO CAMPO,CENTRO
3115,873,"2023-03-01","2023-03-01","1900-01-01",500000000,Não,,Sem Segmento,SP,Sudeste,SÃO PAULO,Vila Olímpia
3116,0,"2023-03-01","2023-03-01","2023-08-30",5000000.0,Não,,Serviços de engenharia,SP,Sudeste,JAGUARIUNA,GASTALDO
3117,0,"2023-03-01","2023-03-01","2026-03-31",10000000,Não,,Instalação e manutenção elétrica,GO,Centro Oeste,APARECIDA DE GOIANIA,INDUSTRIAL GLOBAL PARK
3118,0,"2023-03-01","2023-03-01","2026-01-31",10000000,Não,,Montagem de estruturas metálicas,GO,Centro Oeste,GOIANIA,SET DELTA VILLAGE
3119,0,"2023-03-01","2023-03-01","2024-02-29",5000000.0,Não,,Obras de fundações,MG,Sudeste,MONTES CLAROS,JARAGUA
3121,0,"2023-03-03","2023-03-03","2024-02-29",5000000.0,Não,,Comércio atacadista de madeira e produtos derivados,PE,Nordeste,RECIFE,SAO JOSE
3122,840,"2023-03-03","2023-03-03","2024-02-29",5000000.0,Não,,Fabricação de outros produtos químicos não especificados anteriormente,SP,Sudeste,VARGEM GRANDE P,TIJUCO PRETO
3123,0,"2023-03-03","2023-03-03","2026-03-31",10000000,Não,,Comércio atacadista de máquinas e equipamentos para uso industrial; partes e peças,SP,Sudeste,CATANDUVA,JARDIM CAPARROZ
3124,0,"2023-03-03","2023-11-28","2024-08-31",5000000.0,Não,,Comércio atacadista de cereais e leguminosas beneficiados,TO,Norte,MIRANORTE,SETOR SUL
3125,0,"2023-03-03","2023-03-03","2025-11-30",10000000,Não,,Fabricação de outros equipamentos e aparelhos elétricos não especificados anteriormente,GO,Centro Oeste,APARECIDA DE GOIÂNIA,Parque Industrial Vice-Presidente José Alencar
3126,0,"2023-03-03","2023-03-03","2023-03-15",20000000,Não,,Sem Segmento,GO,Centro Oeste,MORRINHOS,ST OESTE
3128,0,"2023-03-03","1900-01-01","1900-01-01",0.0,Não,,Construção de edifícios,SC,Sul,JOINVILLE,DISTRITO INDUSTRIAL
3129,0,"2023-03-06","2023-03-06","2023-08-30",3000000.0,Não,,Preparação de subprodutos do abate,SP,Sudeste,MARILIA,ZONA RURAL
3130,0,"2023-03-08","2023-03-08","2024-07-31",5000000.0,Não,,Comércio atacadista de materiais de construção em geral,SP,Sudeste,SAO PAULO,LAPA
3131,0,"2023-03-08","2023-03-08","2024-02-29",5000000.0,Não,,Comércio varejista de ferragens e ferramentas,SP,Sudeste,EMBU DAS ARTES,ESTANCIA DE EMBUARAMA
3132,0,"2023-03-08","2023-03-08","2023-08-30",5000000.0,Não,,Comércio atacadista de roupas e acessórios para uso profissional e de segurança do trabalho,MG,Sudeste,MONTES CLAROS,EDGAR PEREIRA
3133,0,"2023-03-08","2023-03-08","2025-11-30",5000000.0,Não,,Obras de fundações,SP,Sudeste,ITUPEVA,RESIDENCIAL PACAEMBU II
3134,0,"2023-03-08","2023-03-08","2024-01-31",5000000.0,Não,,Obras de alvenaria,GO,Centro Oeste,GOIÂNIA,Jardim Novo Mundo
3135,0,"2023-03-08","2023-03-08","2025-07-31",5000000.0,Não,,Comércio varejista de materiais de construção em geral,MG,Sudeste,MONTES CLAROS,SAO JOSE
3136,0,"2023-03-08","2023-03-08","2025-12-31",5000000.0,Não,,Fabricação de esquadrias de metal,MG,Sudeste,BELO HORIZONTE,NOVA GRANADA
3137,0,"2023-03-08","2023-03-08","2023-08-30",5000000.0,Não,,Construção de edifícios,MG,Sudeste,MONTES CLAROS,REGINA PERES
3138,0,"2023-03-08","2023-03-08","2023-08-30",5000000.0,Não,,Serviços de engenharia,SP,Sudeste,VALINHOS,LOTEAMENTO PAIQUERE
3139,0,"2023-03-08","2023-03-08","2024-07-31",5000000.0,Não,,Preparação de documentos e serviços especializados de apoio administrativo não especificados anteriormente,SP,Sudeste,CAMPINAS,SWISS PARK
3140,873,"2023-03-09","2023-06-21","2023-11-30",500000000,Não,,Holdings de instituições financeiras,SP,Sudeste,SAO PAULO,VILA OLIMPIA
3141,873,"2023-03-09","2023-06-21","2023-11-30",500000000,Não,,Sem Segmento,SP,Sudeste,SÃO BERNARDO DO CAMPO,Taboão
3142,0,"2022-06-28","2023-05-22","2023-09-30",3000000.0,Sim,"2022-07-04",Fabricação de outros produtos de metal não especificados anteriormente,RS,Sul,FELIZ,BOM FIM
3149,0,"2023-03-08","2023-03-13","2026-03-31",10000000,Não,,Testes e análises técnicas,GO,Centro Oeste,ANÁPOLIS,Setor Central
3150,0,"2023-03-01","2023-03-13","2023-09-09",5000000.0,Não,,"Fabricação de fios, cabos e condutores elétricos isolados",MG,Sudeste,ITAJUBÁ,Morro Grande
3167,0,"2023-03-13","2023-03-16","2025-03-31",5000000.0,Não,,"Serviços de organização de feiras, congressos, exposições e festas",PE,Nordeste,RECIFE,IMBIRIBEIRA
3168,0,"2023-03-13","2023-03-16","2025-11-30",5000000.0,Não,,"Aluguel de máquinas e equipamentos para construção sem operador, exceto andaimes",MG,Sudeste,MONTES CLAROS,MORADA DO SOL
3169,0,"2023-03-10","2023-03-16","2024-07-31",5000000.0,Não,,Comércio atacadista especializado em outros produtos intermediários não especificados anteriormente,SP,Sudeste,SAO PAULO,PARQUE SAO JORGE
3170,0,"2023-03-10","2023-03-16","2025-02-28",5000000.0,Não,,Obras de alvenaria,ES,Sudeste,CACHOEIRO DE ITAPEMIRIM,GUANDU
3171,0,"2023-03-13","2023-03-16","2023-09-30",5000000.0,Não,,"Aluguel de máquinas e equipamentos para construção sem operador, exceto andaimes",MG,Sudeste,MONTES CLAROS,MORADA DO SOL
3172,0,"2023-03-10","2023-03-16","2023-08-31",5000000.0,Não,,Fabricação de outros produtos de metal não especificados anteriormente,MG,Sudeste,CONTAGEM,CINCAO
3173,944,"2023-03-15","2024-12-09","2025-12-31",30000000,Não,,Comércio atacadista de cereais e leguminosas beneficiados,PA,Norte,MARABÁ,Nova Marabá
3174,0,"2023-03-13","2023-03-16","2025-11-30",5000000.0,Não,,Fabricação de esquadrias de metal,SP,Sudeste,SANTO ANDRE,VILA HOMERO THON
3175,0,"2023-03-16","1900-01-01","1900-01-01",0.0,Não,,Comércio atacadista de combustíveis realizado por transportador retalhista (TRR),MS,Centro Oeste,DOURADOS,DISTRITO INDUSTRIAL
3178,0,"2023-03-09","2023-03-17","2023-08-31",5000000.0,Não,,Comércio varejista de móveis,MG,Sudeste,MONTES CLAROS,CENTRO
3193,0,"2023-03-10","2023-05-05","2023-10-31",5000000.0,Não,,Comércio atacadista de materiais de construção em geral,MG,Sudeste,CONTAGEM,São Joaquim
3194,0,"2023-03-16","2023-10-20","2024-08-31",20000000,Não,,Comércio atacadista de cereais e leguminosas beneficiados,PI,Nordeste,BOM JESUS,CENTRO
3213,0,"2023-03-23","2023-03-23","2023-08-31",50000000,Não,,"Fundos de investimento, exceto previdenciários e imobiliários",SP,Sudeste,SÃO PAULO,Jardim Paulistano
3216,0,"2023-03-03","2023-03-23","2024-04-30",5000000.0,Não,,Outras obras de engenharia civil não especificadas anteriormente,DF,Centro Oeste,BRASILIA,GUARA
3217,1076,"2022-11-23","2025-10-28","2026-02-28",10542000,Não,,"Comércio atacadista de defensivos agrícolas, adubos, fertilizantes e corretivos do solo",GO,Centro Oeste,PARAÚNA,CENTRO
3218,1041,"2022-08-19","2025-09-30","2026-02-28",250000000,Não,"2024-12-16",Fabricação de produtos de limpeza e polimento,SP,Sudeste,GUARULHOS,Jardim Fátima
3219,0,"2022-07-21","2023-03-27","2023-05-31",1000000.0,Não,,"Transporte rodoviário de carga, exceto produtos perigosos e mudanças, intermunicipal, interestadual e internacional",MT,Centro Oeste,RONDONOPOLIS,PARQUE INDUSTRIAL VETORASSO
3220,0,"2023-03-15","2023-03-28","2023-05-31",1000000.0,Não,,Fabricação de outros brinquedos e jogos recreativos não especificados anteriormente,SP,Sudeste,LOUVEIRA,ESTIVA
3221,0,"2023-03-15","2023-03-28","2025-12-31",5000000.0,Não,,Fabricação de estruturas metálicas,SP,Sudeste,SAO JOSE DOS CAMPOS,CHACARAS REUNIDAS
3222,0,"2023-03-15","2023-03-28","2023-09-30",5000000.0,Não,,Desenvolvimento de programas de computador sob encomenda,SP,Sudeste,INDAIATUBA,VILA HOMERO
3223,0,"2023-03-15","2023-03-28","2025-03-31",5000000.0,Não,,Obras de terraplenagem,MG,Sudeste,POUSO ALEGRE,AREA RURAL DE POUSO ALEGRE
3224,0,"2023-03-16","2023-03-28","2024-02-29",5000000.0,Não,,Serviços de confecção de armações metálicas para a construção,GO,Centro Oeste,ANAPOLIS,VILA JAYARA
3225,0,"2023-03-21","2023-03-28","2023-09-30",5000000.0,Não,,Reparação e manutenção de computadores e de equipamentos periféricos,SP,Sudeste,MOGI MIRIM,JARDIM SCOMPARIM
3226,0,"2023-03-21","2023-03-28","2024-03-30",5000000.0,Não,,"Instalação e manutenção de sistemas centrais de ar condicionado, de ventilação e refrigeração",SP,Sudeste,SAO PAULO,VILA PERUS
3227,0,"2023-03-22","2025-02-17","2025-07-31",3300000.0,Sim,"2024-07-08","Comércio varejista de produtos farmacêuticos, sem manipulação de fórmulas",SP,Sudeste,SANTO ANDRÉ,Casa Branca
3228,0,"2023-03-22","2023-03-28","2023-08-31",5000000.0,Não,,Sem Segmento,PR,Sul,PONTA GROSSA,Boa Vista
3229,0,"2023-03-24","2023-03-28","2025-11-30",5000000.0,Não,,"Transporte rodoviário coletivo de passageiros, com itinerário fixo, interestadual",GO,Centro Oeste,GOIANIA,VILA MARIA JOSE
3230,0,"2023-03-16","2023-03-28","2023-09-30",5000000.0,Não,,Fabricação de estruturas metálicas,GO,Centro Oeste,ANAPOLIS,SANTO ANTONIO
3231,0,"2023-03-20","2023-03-28","2025-02-28",5000000.0,Não,,"Fabricação de aparelhos e equipamentos de medida, teste e controle",GO,Centro Oeste,GOIANIA,PRQ OESTE INDUSTRIAL
3232,0,"2023-03-21","2023-03-28","2025-12-31",5000000.0,Não,,"Aluguel de outras máquinas e equipamentos comerciais e industriais não especificados anteriormente, sem operador",MG,Sudeste,MONTES CLAROS,EDGAR PEREIRA
3233,0,"2023-03-28","2023-04-17","2023-08-31",50000000,Não,,"Fundos de investimento, exceto previdenciários e imobiliários",SP,Sudeste,SAO PAULO,ITAIM BIBI
3234,0,"2023-03-03","2023-03-30","2023-08-31",5000000.0,Não,,"Fabricação de estruturas pré-moldadas de concreto armado, em série e sob encomenda",MG,Sudeste,CAPITAO ENEAS,CENTRAL
3235,0,"2023-03-22","2023-03-30","2025-02-28",5000000.0,Não,,Instalação de máquinas e equipamentos industriais,GO,Centro Oeste,ANAPOLIS,RESIDENCIAL CIDADE INDUSTRIAL
3236,0,"2023-03-08","2023-03-30","2025-07-31",5000000.0,Não,,Comércio varejista de outros produtos não especificados anteriormente,GO,Centro Oeste,APARECIDA DE GOIÂNIA,Residencial Alvaluz
3237,0,"2023-03-27","2023-03-30","2025-06-30",5000000.0,Não,,Comércio varejista de outros artigos de uso pessoal e doméstico não especificados anteriormente,GO,Centro Oeste,ANÁPOLIS,Jundiaí
3238,0,"2022-09-30","2025-07-29","2025-10-31",3298000.0,Sim,"2024-06-10",Frigorífico - abate de bovinos,RS,Sul,PANTANO GRANDE,.BOA VISTA
3239,0,"2023-02-27","2023-04-03","2024-07-31",5000000.0,Não,,"Fabricação de produtos de trefilados de metal, exceto padronizados",PE,Nordeste,JABOATAO DOS GUARARAPES,SANTO ALEIXO
3240,0,"2023-03-29","2023-04-03","2023-09-30",20000000,Não,,Representantes comerciais e agentes do comércio de matérias-primas agrícolas e animais vivos,TO,Norte,COLINAS DO TOCANTINS,CENTRO
3241,0,"2023-03-29","2023-04-03","2025-02-28",5000000.0,Não,,Preparação de documentos e serviços especializados de apoio administrativo não especificados anteriormente,GO,Centro Oeste,ANAPOLIS,JK PARQUE INDUSTRIAL NOVA CAPITAL
3242,0,"2023-03-29","2023-04-03","2024-02-29",5000000.0,Não,,Serviços especializados para construção não especificados anteriormente,MG,Sudeste,MONTES CLAROS,ZONA RURAL
3243,0,"2023-03-30","2023-04-03","2024-06-30",5000000.0,Não,,Demolição de edifícios e outras estruturas,SP,Sudeste,DIADEMA,CAMPANARIO
3244,0,"2023-04-04","2023-04-04","1900-01-01",0.0,Não,,Promoção de vendas,SP,Sudeste,SAO PAULO,JARDIM LEONOR
3245,0,"2023-02-28","2023-04-05","2023-09-30",5000000.0,Não,,Serviços combinados de escritório e apoio administrativo,SP,Sudeste,SANTANA DE PARNAIBA,VILA INDUSTRIAL
3246,0,"2023-03-30","2023-04-05","2024-03-31",5000000.0,Não,,Construção de edifícios,GO,Centro Oeste,GOIANIA,SET BELA VISTA
3247,0,"2023-03-30","2023-04-05","2025-12-31",5000000.0,Não,,Comércio varejista de materiais de construção não especificados anteriormente,SP,Sudeste,SOROCABA,JARDIM EMILIA
3248,0,"2023-03-22","2023-04-05","2025-01-31",5000000.0,Não,,"Fabricação de estruturas pré-moldadas de concreto armado, em série e sob encomenda",PR,Sul,ARAUCARIA,CIDADE INDUSTRIAL
3249,0,"2023-04-04","2023-04-06","2023-07-31",7000000.0,Não,,Comércio varejista de artigos do vestuário e acessórios,AP,Norte,MACAPA,CENTRO
3250,837,"2023-02-07","2023-05-18","2023-10-31",50000000,Não,,Construção de embarcações para esporte e lazer,SC,Sul,ITAJAI,CANHANDUBA
3251,0,"2023-03-31","2023-04-06","2023-09-30",0.0,Não,,Serviços de engenharia,SP,Sudeste,OSASCO,AYROSA
3252,0,"2023-03-30","2023-04-06","2025-12-31",5000000.0,Não,,"Instalações hidráulicas, sanitárias e de gás",SP,Sudeste,SAO PAULO,ITAQUERA
3253,0,"2023-03-30","2023-04-06","2024-03-31",5000000.0,Não,,Fabricação de outros produtos de minerais não-metálicos não especificados anteriormente,SP,Sudeste,JANDIRA,Jardim Alvorada
3254,0,"2023-03-15","2023-04-06","2023-07-31",2000000.0,Não,,"Transporte rodoviário de carga, exceto produtos perigosos e mudanças, intermunicipal, interestadual e internacional",TO,Norte,GUARAI,CENTRO
3255,0,"2023-04-04","2023-04-06","2023-09-30",5000000.0,Não,,Serviços de engenharia,SP,Sudeste,SAO PAULO,VILA OLIMPIA
3256,0,"2023-04-04","2023-04-06","2023-09-30",5000000.0,Não,,Obras de fundações,DF,Centro Oeste,BRASILIA,ZONA INDUSTRIAL (GUARA)
3257,0,"2023-04-05","2023-04-06","2024-07-31",5000000.0,Não,,Comércio varejista de materiais hidráulicos,SP,Sudeste,SAO PAULO,LAPA DE BAIXO
3258,0,"2023-04-05","2023-04-06","2024-07-31",5000000.0,Não,,"Serviços de cartografia, topografia e geodésia",PA,Norte,PARAUAPEBAS,RESIDENCIAL MARTINS
3259,0,"2023-03-01","2023-04-10","2023-06-30",1000000.0,Não,,"Comércio atacadista de álcool carburante, biodiesel, gasolina e demais derivados de petróleo, exceto lubrificantes, não realizado por transportador retalhista (TRR)",MS,Centro Oeste,IGUATEMI,ZONA RURAL
3260,853,"2022-10-04","2023-11-29","2024-04-30",34000000,Não,,"Produção de sementes certificadas, exceto de forrageiras para pasto",TO,Norte,LAGOA DA CONFUSAO,ZONA RURAL
3261,853,"2022-10-04","2025-10-28","2026-01-31",34000000,Não,,"Produção de sementes certificadas, exceto de forrageiras para pasto",GO,Norte,CHAPADÃO DO CÉU,ZONA RURAL
3262,853,"2022-10-04","2025-10-28","2026-01-31",34000000,Não,,Sem Segmento,MS,Centro Oeste,JATAÍ,Samuel Grahan
3263,875,"2023-04-10","2025-09-30","2026-01-31",11010000,Não,,"Comércio atacadista de mercadorias em geral, com predominância de insumos agropecuários",GO,Centro Oeste,GOIANIA,INDUSTRIAL MOOCA
3264,0,"2023-04-10","1900-01-01","1900-01-01",0.0,Não,,"Comércio atacadista de mercadorias em geral, com predominância de produtos alimentícios",DF,Centro Oeste,BRASILIA,AREAL (AGUAS CLARAS)
3265,0,"2023-04-10","1900-01-01","1900-01-01",0.0,Não,,Comércio atacadista de produtos alimentícios em geral,RJ,Sudeste,RIO DE JANEIRO,PENHA CIRCULAR
3266,0,"2023-04-10","2023-04-14","2023-08-31",5000000.0,Não,,"Fabricação de equipamentos transmissores de comunicação, peças e acessórios",RS,Sul,CACHOEIRINHA,DISTRITO INDUSTRIAL
3267,0,"2023-01-24","2023-04-11","2024-03-31",5000000.0,Não,,Obras de terraplenagem,PE,Nordeste,SIRINHAEM,BARRA DE SIRINHAEM
3268,0,"2023-04-10","2023-12-12","2025-12-31",30000000,Não,,Comércio atacadista de cereais e leguminosas beneficiados,TO,Norte,ALVORADA,CENTRO
3269,0,"2023-04-11","2023-04-14","2026-03-31",10000000,Não,,Instalação e manutenção elétrica,TO,Norte,PALMAS,PLANO DIRETOR SUL
3270,0,"2023-04-05","2023-04-14","2023-10-31",5000000.0,Não,,Comércio varejista de ferragens e ferramentas,SP,Sudeste,SAO PAULO,JARDIM JAPAO
3271,0,"2023-04-10","2023-04-14","2025-12-31",5000000.0,Não,,Serviços de perícia técnica relacionados à segurança do trabalho,SP,Sudeste,SAO PAULO,SANTANA
3272,788,"2022-10-17","2025-10-28","2026-01-31",50000000,Não,,"Comércio atacadista de mercadorias em geral, com predominância de insumos agropecuários",RJ,Sudeste,PETRÓPOLIS,ITAIPAVA
3273,0,"2023-03-30","2025-08-18","2025-11-30",2258000.0,Sim,"2023-03-30",Abate de aves,SP,Sudeste,TIETÊ,BARRA FUNDA
3274,0,"2023-04-12","2023-04-17","2023-09-30",3500000.0,Não,,Fornecimento e gestão de recursos humanos para terceiros,PE,Nordeste,RECIFE,GUABIRABA
3275,0,"2023-04-06","2023-11-22","2024-08-31",1000000.0,Não,,"Transporte rodoviário de carga, exceto produtos perigosos e mudanças, intermunicipal, interestadual e internacional",TO,Norte,MIRACEMA DO TOCANTINS,CENTRO
3276,0,"2023-04-17","2023-04-17","2026-03-31",5000000.0,Não,,Comércio varejista de materiais de construção em geral,SP,Sudeste,PRADOPOLIS,CENTRO
3277,0,"2023-04-14","2023-06-02","2023-10-31",81000.0,Não,,Sem Segmento,SC,Sul,SAO JOAQUIM,COHAB
3278,0,"2023-04-14","2023-06-02","2023-10-31",194000.0,Não,,Sem Segmento,SP,Sudeste,GUARULHOS,JD DAS NACOES
3279,0,"2023-04-14","2023-06-02","2023-10-31",26000.0,Não,,Sem Segmento,MG,Sudeste,BELO HORIZONTE,STA LUCIA
3280,0,"2023-04-14","2023-06-06","2023-11-30",45000.0,Não,,Sem Segmento,SP,Sudeste,S PAULO,JABAQUARA
3281,0,"2023-04-14","2023-06-01","2023-10-31",40000.0,Não,,Sem Segmento,SP,Sudeste,SAO PAULO,JD LAONE
3282,0,"2023-04-14","2023-06-02","2023-10-31",29000.0,Não,,Sem Segmento,SP,Sudeste,S PAULO,JD AMALIA
3283,0,"2023-04-14","2023-06-02","2023-10-31",50000.0,Não,,Sem Segmento,SP,Sudeste,SAO PAULO,JD PAQUETA ZONA NORTE
3284,0,"2023-04-14","2023-06-02","2023-10-31",32000.0,Não,,Sem Segmento,BA,Nordeste,SALVADOR,FAZ COUTOS
3285,0,"2023-04-14","2023-06-06","2023-11-30",600000.0,Não,,Sem Segmento,SP,Sudeste,S PAULO,FREG DO O
3286,0,"2023-04-17","2023-06-06","2023-11-30",532000.0,Não,,Sem Segmento,RJ,Sudeste,RIO DE JANEIRO,IRAJA
3287,0,"2023-04-17","2023-06-09","2023-11-30",65000.0,Não,,Sem Segmento,SP,Sudeste,SAO PAULO,LAJEADO
3288,0,"2023-04-17","2023-06-09","2023-11-30",52000.0,Não,,Sem Segmento,SP,Sudeste,DIADEMA,ELDORADO
3289,0,"2023-04-17","2023-06-09","2023-11-30",100000.0,Não,,Sem Segmento,SP,Sudeste,S PAULO,ITAIM PAULISTA
3290,0,"2023-04-17","2023-06-16","2023-11-30",80000.0,Não,,Sem Segmento,AM,Norte,MANAUS,ADRIANOPOLIS
3291,0,"2023-04-17","2023-06-09","2023-11-30",380000.0,Não,,Sem Segmento,SP,Sudeste,S JOSE DO R PRETO,JD NAZARETH
3292,0,"2023-04-17","2023-06-09","2023-11-30",115000.0,Não,,Sem Segmento,SP,Sudeste,SAO PAULO,JD LUSO
3293,0,"2023-04-17","2023-06-09","2023-11-30",50000.0,Não,,Sem Segmento,SP,Sudeste,MAUA,JD CRUZEIRO
3294,0,"2023-04-17","2023-06-09","2023-11-30",190000.0,Não,,Sem Segmento,SP,Sudeste,BRAG PAULISTA,CRUZEIRO
3295,0,"2023-04-17","2023-06-09","2023-11-30",230000.0,Não,,Sem Segmento,SP,Sudeste,SAO PAULO,QUARTA PARADA
3296,0,"2023-04-17","2023-06-09","2023-11-30",30000.0,Não,,Sem Segmento,SP,Sudeste,CARAPICUIBA,ANA ESTELA
3297,0,"2023-04-17","2023-06-09","2023-11-30",412000.0,Não,,Sem Segmento,RJ,Sudeste,NILOPOLIS,CENTRO
3298,0,"2023-04-17","2023-06-09","2023-11-30",85000.0,Não,,Sem Segmento,SP,Sudeste,SAO PAULO,VL AIMORE
3299,0,"2023-04-17","2023-06-09","2023-11-30",594000.0,Não,,Sem Segmento,RJ,Sudeste,RIO DE JANEIRO,PENHA
3300,0,"2023-04-17","2023-06-09","2023-11-30",105000.0,Não,,Sem Segmento,SP,Sudeste,S PAULO,JD R PIRANI
3301,0,"2023-04-17","2023-06-09","2023-11-30",127000.0,Não,,Sem Segmento,SP,Sudeste,MAUA,JD ZAIRA
3302,0,"2023-04-17","2023-06-09","2023-11-30",19000.0,Não,,Sem Segmento,RJ,Sudeste,N IGUACU,MIGUEL COUTO
3303,0,"2023-04-17","2023-06-09","2023-11-30",500000.0,Não,,Sem Segmento,RJ,Sudeste,R DE JANEIRO,JACAREPAGUA
3304,0,"2023-04-17","2023-06-09","2023-11-30",22500.0,Não,,Sem Segmento,SP,Sudeste,SAO PAULO,VL SILVIA
3305,0,"2023-04-17","2023-06-09","2023-11-30",41000.0,Não,,Sem Segmento,SP,Sudeste,SAO PAULO,VL COSMOPOLITA
3306,0,"2023-04-17","2023-06-09","2023-11-30",38000.0,Não,,Sem Segmento,"","","",""
3307,0,"2023-04-17","2023-06-12","2023-11-30",81000.0,Não,,Sem Segmento,SP,Sudeste,CAMPINAS,VL BOA VISTA
3308,0,"2023-04-17","2023-06-12","2023-11-30",294000.0,Não,,Sem Segmento,SP,Sudeste,S PAULO,VL CURUCA
3309,0,"2023-04-17","2023-06-20","2023-11-30",46000.0,Não,,Sem Segmento,SP,Sudeste,SAO PAULO,JD S BERNARDO
3310,0,"2023-04-17","2023-06-20","2023-11-30",116000.0,Não,,Sem Segmento,SP,Sudeste,S PAULO,VL PROGRESSO
3311,0,"2023-04-17","2023-06-16","2023-11-30",90000.0,Não,,Sem Segmento,SP,Sudeste,SAO PAULO,PDA XV DE NOVEMBRO
3312,0,"2023-04-17","2023-06-16","2023-11-30",104000.0,Não,,Sem Segmento,PR,Sul,CURITIBA,STA CANDIDA
3313,0,"2023-04-17","2023-06-20","2023-11-30",345000.0,Não,,Sem Segmento,SP,Sudeste,S PAULO,CIDADE LIDER
3314,0,"2023-04-17","2023-06-16","2023-11-30",46000.0,Não,,Sem Segmento,PR,Sul,CURITIBA,CIDADE INDUSTRIAL
3315,0,"2023-04-18","2023-06-02","2023-10-31",135000.0,Não,,Sem Segmento,SP,Sudeste,S PAULO,GUAINAZES
3316,0,"2023-04-18","2023-06-02","2023-10-31",400000.0,Não,,Sem Segmento,SP,Sudeste,JANDIRA,JD NOSSA SENHORA DE FATIMA
3317,0,"2023-04-13","2023-04-18","2024-07-31",5000000.0,Não,,Comércio varejista de materiais de construção não especificados anteriormente,SP,Sudeste,SAO PAULO,VILA IZA
3318,0,"2023-04-19","2023-04-20","2023-08-31",40000.0,Não,,Sem Segmento,SP,Sudeste,ANDRADINA,STELLA MARIS
3319,0,"2023-04-19","2023-04-20","2023-10-31",60000.0,Não,,Sem Segmento,SP,Sudeste,STA RITA PASSA 4,CENTRO
3320,0,"2023-04-19","2023-04-20","2023-08-31",100000.0,Não,,Sem Segmento,SP,Sudeste,VOTUPORANGA,S JUDAS
3321,0,"2023-04-20","2024-02-26","2024-07-31",50000000,Não,,"Fundos de investimento, exceto previdenciários e imobiliários",SP,Sudeste,SÃO PAULO,Jardim Paulistano
3322,1150,"2022-06-24","2025-10-08","2026-02-28",30000000,Não,,"Transporte rodoviário de carga, exceto produtos perigosos e mudanças, intermunicipal, interestadual e internacional",SP,Sudeste,SÃO PAULO,Parque Novo Mundo
3323,845,"2023-03-01","2023-07-24","2025-02-28",5000000.0,Não,,Sem Segmento,GO,Centro Oeste,SANTA HELENA DE GOIÁS,Zona Rural
3324,845,"2023-02-17","2023-07-24","2025-02-28",5000000.0,Não,,Cultivo de milho,MG,Sudeste,UBERLANDIA,TABAJARAS
3325,845,"2023-02-17","2023-07-24","2025-02-28",5000000.0,Não,,Desenvolvimento e licenciamento de programas de computador não-customizáveis,MG,Sudeste,UBERLANDIA,VIGILATO PEREIRA
3326,0,"2022-12-08","2024-05-14","2024-09-30",4000000.0,Não,,"Fabricação de fogões, refrigeradores e máquinas de lavar e secar para uso doméstico, peças e acessórios",SP,Sudeste,ARAÇATUBA,Chácaras Califórnia
3327,0,"2023-04-11","2023-04-20","2023-10-31",5000000.0,Não,,"Atividades relacionadas a esgoto, exceto a gestão de redes",SP,Sudeste,PRADOPOLIS,JARDIM CAMPO BELO
3328,0,"2023-04-19","2023-06-16","2023-11-30",100000.0,Não,,Sem Segmento,SP,Sudeste,BARRETOS,CENTRO
3329,846,"2023-04-24","2025-09-18","2026-03-31",150000000,Não,,Desenvolvimento e licenciamento de programas de computador não-customizáveis,SP,Sudeste,BARUERI,ALPHAVILLE CENTRO INDUSTRIAL E EMPRESARIAL/ALPHAV
3330,846,"2023-03-02","2025-09-18","2026-03-31",150000000,Não,,Serviços de engenharia,SP,Sudeste,BARUERI,ALPHAVILLE CENTRO INDUSTRIAL E EMPRESARIAL/ALPHAV
3331,846,"2023-04-17","2025-09-18","2026-03-31",150000000,Não,,Fabricação de vidro plano e de segurança,SP,Sudeste,ATIBAIA,Jardim das Cerejeiras
3332,0,"2023-04-20","2023-04-25","2023-09-30",5000000.0,Não,,Impressão de material para outros usos,MG,Sudeste,MONTES CLAROS,CENTRO
3333,0,"2023-04-26","2023-04-27","2023-08-31",305000.0,Não,,Sem Segmento,SP,Sudeste,FRANCA,Jardim Lima
3334,0,"2023-04-26","2023-04-27","2023-08-31",505000.0,Não,,Sem Segmento,SP,Sudeste,FRANCA,CENTRO
3335,0,"2023-04-26","2023-04-27","2023-08-31",270000.0,Não,,Sem Segmento,SP,Sudeste,TUPÃ,Vila Tupã Mirim I
3336,0,"2023-04-26","2023-04-27","2023-08-31",306000.0,Não,,Sem Segmento,SP,Sudeste,TUPÃ,Vila Tupã Mirim I
3337,837,"2023-04-27","2023-05-18","2023-10-31",50000000,Não,,Construção de embarcações para esporte e lazer,SC,Sul,ITAJAÍ,Canhanduba
3338,0,"2023-04-20","2023-04-28","2024-01-31",600000.0,Não,,Sem Segmento,MG,Sudeste,LAGOA SANTA,Centro
3339,1137,"2023-04-24","2025-11-04","2026-01-31",190000000,Sim,"2023-11-07",Fabricação de laticínios,MG,Sudeste,ENTRE RIOS DE MINAS,GAMELEIRA - ZONA RURAL
3340,0,"2023-03-31","2023-05-03","2025-12-31",5000000.0,Não,,Comércio varejista de ferragens e ferramentas,GO,Centro Oeste,ANAPOLIS,ELDORADO
3341,0,"2023-04-03","2023-05-03","2025-12-31",5000000.0,Não,,"Instalação e manutenção de sistemas centrais de ar condicionado, de ventilação e refrigeração",SP,Sudeste,SANTANA DE PARNAIBA,ALPHAVILLE
3342,0,"2023-04-27","2023-05-03","2023-09-30",5000000.0,Não,,Instalação e manutenção elétrica,GO,Centro Oeste,ANÁPOLIS,Vila Santa Maria
3343,0,"2023-04-26","2023-05-03","2024-03-31",5000000.0,Não,,"Instalação de portas, janelas, tetos, divisórias e armários embutidos de qualquer material",SP,Sudeste,SÃO CAETANO DO SUL,Prosperidade
3344,0,"2023-04-26","2023-05-03","2026-02-28",10000000,Não,,Comércio a varejo de peças e acessórios novos para veículos automotores,SP,Sudeste,SÃO PAULO,Mooca
3345,0,"2023-05-02","2023-06-20","2023-11-30",20000000,Não,,Comércio atacadista de soja,GO,Centro Oeste,ITUMBIARA,SETOR PLANALTO
3346,384,"2022-03-21","2025-08-11","2025-10-31",14000000,Não,,Fabricação de laticínios,SC,Sul,SÃO JOÃO DO OESTE,INTERIOR
3347,384,"2022-03-21","2023-05-08","2023-08-31",14000000,Não,,Sem Segmento,SC,Sul,SÃO JOÃO DO OESTE,CENTRO
3348,384,"2022-03-21","2023-05-08","2023-08-31",14000000,Não,,Sem Segmento,SC,Sul,SÃO JOÃO DO OESTE,CENTRO
3349,0,"2023-04-04","2023-05-08","2023-10-31",5000000.0,Não,,Fabricação de outros produtos de metal não especificados anteriormente,GO,Centro Oeste,ANAPOLIS,VILA SAO JOSE
3351,0,"2023-05-09","2023-11-03","2026-01-31",30000000,Não,,Comércio atacadista de soja,MT,Centro Oeste,SORRISO,CENTRO-SUL
3352,0,"2023-04-27","2023-05-11","2023-10-31",5000000.0,Não,,Fabricação de outros produtos de minerais não-metálicos não especificados anteriormente,SP,Sudeste,GUARULHOS,CIDADE INDUSTRIAL SATELITE DE SAO PAULO
3353,0,"2023-04-27","2023-05-11","2023-10-31",5000000.0,Não,,"Instalação de portas, janelas, tetos, divisórias e armários embutidos de qualquer material",SP,Sudeste,GUARULHOS,CIDADE INDUSTRIAL SATELITE DE SAO PAULO
3354,0,"2023-05-04","2023-05-11","2023-10-31",5000000.0,Não,,"Instalação de portas, janelas, tetos, divisórias e armários embutidos de qualquer material",SP,Sudeste,SAO PAULO,JARDIM INDEPENDENCIA
3355,0,"2022-08-04","2023-05-12","2023-10-31",10000000,Não,,Fabricação de cal e gesso,PR,Sul,ITAPERUCU,SAO JOAO
3356,0,"2022-09-02","2023-05-16","2025-12-31",5000000.0,Não,,Fabricação de móveis com predominância de metal,SP,Sudeste,MOGI MIRIM,SANTA CRUZ
3357,0,"2023-04-11","2023-05-17","2023-10-31",5000000.0,Não,,"Obras de urbanização - ruas, praças e calçadas",MG,Sudeste,BELO HORIZONTE,OESTE
3358,0,"2023-05-08","2023-05-17","2025-03-31",5000000.0,Não,,"Aluguel de outras máquinas e equipamentos comerciais e industriais não especificados anteriormente, sem operador",SP,Sudeste,SAO PAULO,JURUBATUBA
3359,0,"2023-04-24","2023-05-17","2023-10-31",5000000.0,Não,,"Aluguel de palcos, coberturas e outras estruturas de uso temporário, exceto andaimes",MG,Sudeste,MONTES CLAROS,SAO JOSE
3360,0,"2023-05-03","2023-05-17","2023-10-31",5000000.0,Não,,Serviços combinados de escritório e apoio administrativo,SP,Sudeste,SAO PAULO,MORRO DOS INGLESES
3361,0,"2023-05-12","2023-05-18","2023-10-31",5000000.0,Não,,Comércio varejista especializado de equipamentos e suprimentos de informática,SP,Sudeste,AMERICANA,PARQUE RESIDENCIAL BOA VISTA
3362,1227,"2023-05-16","2025-11-11","2026-04-30",1020000000,Não,,"Bancos múltiplos, com carteira comercial",RJ,Sudeste,RIO DE JANEIRO,BOTAFOGO
3363,0,"2023-05-16","2025-06-30","2025-11-30",40000000,Não,,"Bancos múltiplos, com carteira comercial",SP,Sudeste,SÃO PAULO,Jardim Paulista
3364,0,"2023-05-16","2024-09-24","2025-02-28",6700000.0,Não,,"Bancos múltiplos, com carteira comercial",SP,Sudeste,SAO PAULO,BELA VISTA
3365,0,"2023-05-16","2025-10-10","2026-03-31",500000000,Não,,"Bancos múltiplos, com carteira comercial",SP,Sudeste,SAO PAULO,VILA NOVA CONCEICAO
3366,0,"2023-03-22","2024-05-22","2024-09-30",5000000.0,Sim,"2024-09-02",Fabricação de alimentos para animais,MT,Centro Oeste,PEIXOTO DE AZEVEDO,SETOR INDUSTRIAL
3367,0,"2023-05-09","2024-02-26","2024-07-31",1000000.0,Não,,Fabricação de laticínios,PR,Sul,PEROLA D'OESTE,COLONIA MISSOES
3368,0,"2023-04-13","2023-05-23","2025-12-31",5000000.0,Não,,"Aluguel de máquinas e equipamentos para construção sem operador, exceto andaimes",MG,Sudeste,MONTES CLAROS,VARGEM GRANDE II
3369,0,"2023-04-17","2023-05-23","2026-02-28",10000000,Não,,Comércio atacadista de fios e fibras beneficiados,SC,Sul,ITAJAI,CORDEIROS
3370,0,"2023-04-17","2023-05-23","2026-02-28",10000000,Não,,Comércio por atacado de peças e acessórios novos para veículos automotores,SP,Sudeste,SANTANA DE PARNAIBA,CHACARAS SAO LUIS
3371,0,"2023-04-26","2023-05-23","2026-02-28",10000000,Não,,Serviços de lanternagem ou funilaria e pintura de veículos automotores,SP,Sudeste,SAO PAULO,JARDIM RAPOSO TAVARES
3372,0,"2023-05-02","2023-05-23","2023-10-31",5000000.0,Não,,Serviços de engenharia,SP,Sudeste,SAO PAULO,SANTANA
3373,0,"2022-07-01","2024-07-19","2024-12-31",10000000,Não,,"Produção de sementes certificadas, exceto de forrageiras para pasto",SC,Sul,CHAPECO,CENTRO
3374,0,"2023-01-16","2025-08-29","2026-01-31",15000000,Não,,Fabricação de açúcar em bruto,GO,Centro Oeste,GOIANÉSIA,Área Rural de Goianésia
3375,0,"2023-05-23","2023-05-24","2023-10-31",90000000,Não,,Fabricação de açúcar em bruto,SP,Sudeste,ARIRANHA,RURAL
3376,0,"2023-04-28","2023-05-24","2024-07-31",5000000.0,Não,,Instalação e manutenção elétrica,SP,Sudeste,BARUERI,DEZOITO DO FORTE EMPRESARIAL/ALPHAVILLE.
3377,0,"2023-05-11","2023-05-24","2023-10-31",5000000.0,Não,,Obras de fundações,SP,Sudeste,SANTANA DE PARNAIBA,PARQUE VILA RICA
3378,0,"2023-05-24","2023-05-24","2023-10-31",500000000,Não,,"Fundos de investimento, exceto previdenciários e imobiliários",SP,Sudeste,SÃO PAULO,Itaim Bibi
3396,0,"2023-04-26","2023-05-25","2026-02-28",10000000,Não,,Comércio a varejo de peças e acessórios novos para veículos automotores,SP,Sudeste,ITAPECERICA DA SERRA,JARDIM ITAPECERICA
3397,0,"2023-05-18","2023-05-25","2026-02-28",10000000,Não,,"Fabricação de máquinas para a indústria metalúrgica, peças e acessórios, exceto máquinas-ferramenta",SC,Sul,LONTRAS,RIACHUELO
3398,0,"2023-05-18","2023-05-25","2024-04-30",5000000.0,Não,,"Transporte rodoviário de carga, exceto produtos perigosos e mudanças, intermunicipal, interestadual e internacional",SP,Sudeste,SANTA GERTRUDES,JEQUITIBAS
3399,0,"2023-05-23","2023-05-25","2026-02-28",10000000,Não,,Comércio varejista de outros produtos não especificados anteriormente,SP,Sudeste,SAO PAULO,CIDADE LIDER
3400,0,"2023-05-19","2023-05-25","2023-10-31",20000000,Não,,Comércio atacadista de matérias-primas agrícolas não especificadas anteriormente,PR,Sul,MARINGÁ,Zona 03
3401,161,"2023-05-18","2025-08-01","2025-12-31",15000000,Não,,Fabricação de aparelhos e equipamentos de ar condicionado para uso não-industrial,AM,Norte,MANAUS,Distrito Industrial I
3402,0,"2023-04-05","2024-10-28","2025-03-31",3000000.0,Não,,Comércio por atacado de pneumáticos e câmaras-de-ar,SP,Sudeste,SAO PAULO,JARDIM STA EMILIA
3403,0,"2023-05-04","2023-05-26","2023-09-30",1000000.0,Não,,Serviços combinados de escritório e apoio administrativo,MG,Sudeste,SAO SEBASTIAO DO PARAISO,JARDIM EUROPA VI
3404,0,"2023-05-18","2023-05-26","2023-09-30",2000000.0,Não,,Comércio atacadista de outras máquinas e equipamentos não especificados anteriormente; partes e peças,SP,Sudeste,PIRACICABA,DISTRITO INDUSTRIAL UNINORTE
3405,0,"2023-04-25","2023-05-30","2026-02-28",10000000,Não,,Reparação e manutenção de computadores e de equipamentos periféricos,SP,Sudeste,EMBU DAS ARTES,Jardim Novo Embu
3406,0,"2023-05-22","2023-05-30","2023-10-31",5000000.0,Não,,Demolição de edifícios e outras estruturas,SP,Sudeste,CARAPICUIBA,CHACARA SAO JOAO
3407,0,"2023-05-25","2023-05-30","2023-10-31",800000.0,Não,,Serviços de engenharia,SP,Sudeste,RIBEIRAO PRETO,CENTRO
3408,0,"2023-05-30","2023-05-31","2023-09-30",75000.0,Não,,Sem Segmento,MG,Sudeste,MURIAE,BARRA
3409,0,"2023-05-24","2023-06-01","2023-10-31",5000000.0,Não,,Comércio atacadista de madeira e produtos derivados,SP,Sudeste,SAO PAULO,Tatuapé
3410,0,"2023-06-02","2023-06-06","2023-11-30",155000.0,Não,,Sem Segmento,SP,Sudeste,SUZANO,ETN AMERICANA
3411,0,"2023-06-06","2023-11-22","2024-04-30",12000000,Não,,Outras atividades de serviços financeiros não especificadas anteriormente,SP,Sudeste,SÃO PAULO,Vila Leopoldina
3412,0,"2023-04-20","2023-06-07","2024-08-31",5000000.0,Não,,Construção de edifícios,MG,Sudeste,MONTES CLAROS,SAO BENTO
3413,0,"2023-05-22","2023-06-07","2023-10-31",5000000.0,Não,,Demolição de edifícios e outras estruturas,SP,Sudeste,CARAPICUIBA,CHACARA SAO JOAO
3414,0,"2023-05-29","2023-06-07","2026-03-31",10000000,Não,,Construção de edifícios,SP,Sudeste,OSASCO,Bonfim
3415,0,"2023-05-29","2023-06-07","2023-11-30",5000000.0,Não,,Serviços de engenharia,SP,Sudeste,JUNDIAI,VILA VIANELO
3416,0,"2023-05-31","2023-06-07","2023-11-30",5000000.0,Não,,"Fabricação de artefatos de material plástico para uso na construção, exceto tubos e acessórios",SP,Sudeste,GUARULHOS,JARDIM GUILHERMINO
3417,0,"2023-06-02","2023-06-07","2023-11-30",5000000.0,Não,,Instalações de sistema de prevenção contra incêndio,SP,Sudeste,SAO PAULO,SANTANA
3418,849,"2023-03-09","2023-06-12","2023-09-30",1000000.0,Não,,"Transporte rodoviário de carga, exceto produtos perigosos e mudanças, intermunicipal, interestadual e internacional",SP,Sudeste,EMBU DAS ARTES,VILA BONFIM
3419,849,"2023-03-15","2023-06-12","2023-09-30",1000000.0,Não,,"Transporte rodoviário de carga, exceto produtos perigosos e mudanças, intermunicipal, interestadual e internacional",SP,Sudeste,AMERICANA,CHACARA LETONIA
3420,0,"2023-04-05","2023-06-12","2023-11-30",5000000.0,Não,,"Instalação e manutenção de sistemas centrais de ar condicionado, de ventilação e refrigeração",SP,Sudeste,SAO PAULO,PENHA DE FRANCA
3421,0,"2023-04-26","2023-06-16","2026-04-30",10000000,Não,,Serviço de corte e dobra de metais,SP,Sudeste,BARUERI,Vila São Silvestre
3422,0,"2023-06-07","2023-06-16","2023-11-30",5000000.0,Não,,Fabricação de outros produtos de metal não especificados anteriormente,SP,Sudeste,SAO PAULO,MOOCA
3423,0,"2023-06-01","2023-06-16","2023-11-30",11000.0,Não,,Sem Segmento,MG,Sudeste,BELO HTE,IPIRANGA
3424,0,"2023-06-07","2023-06-16","2023-11-30",39000.0,Não,,Sem Segmento,PR,Sul,CURITIBA,BIGORRILHO
3425,0,"2023-06-14","2023-06-16","2023-11-30",32000.0,Não,,Serviços advocatícios,GO,Centro Oeste,CAMPINORTE,CENTRO
3426,0,"2023-06-14","2023-06-16","2023-11-30",32000.0,Não,,Sem Segmento,PA,Norte,PARAGOMINAS,Vila Rica
3427,0,"2023-06-14","2023-06-16","2023-11-30",114000.0,Não,,Sem Segmento,SP,Sudeste,VOTUPORANGA,Santa Eliza
3428,0,"2023-06-23","2023-06-19","2023-10-31",90000000,Não,,Securitização de créditos,SP,Sudeste,SAO PAULO,ITAIM BIBI
3429,0,"2023-05-17","2023-06-19","2024-05-31",5000000.0,Não,,Preparação de massa de concreto e argamassa para construção,SP,Sudeste,CAMPINAS,Jardim García
3430,0,"2022-09-02","2023-06-19","2025-04-30",15000000,Não,,Administração de obras,SP,Sudeste,SAO CAETANO DO SUL,BARCELONA
3431,0,"2023-04-04","2023-06-20","2023-11-30",5000000.0,Não,,"Instalação e manutenção de sistemas centrais de ar condicionado, de ventilação e refrigeração",SP,Sudeste,SAO PAULO,JARDIM VILA MARIANA
3432,873,"2023-06-20","2023-06-21","2023-11-30",500000000,Não,,Sem Segmento,SP,Sudeste,TAUBATE,Parque Senhor do Bonfim
3433,873,"2023-06-20","2023-06-21","2023-11-30",500000000,Não,,Sem Segmento,SP,Sudeste,SÃO PAULO,Vila Olímpia
3434,0,"2023-06-07","2023-06-21","2023-11-30",5000000.0,Não,,Fabricação de esquadrias de metal,SP,Sudeste,ITATIBA,JARDIM DA LUZ
3435,0,"2023-06-07","2023-06-21","2023-11-30",5000000.0,Não,,Fabricação de artefatos de cimento para uso na construção,MG,Sudeste,MONTES CLAROS,DISTRITO INDUSTRIAL
3436,0,"2023-06-07","2023-06-22","2025-12-31",5000000.0,Não,,Fabricação de outros produtos de metal não especificados anteriormente,SP,Sudeste,SÃO PAULO,Limão
3437,0,"2023-06-07","2023-06-22","2023-11-30",5000000.0,Não,,Fabricação de artefatos de material plástico para usos industriais,SP,Sudeste,CAIEIRAS,Serpa
3438,0,"2023-06-12","2023-06-22","2023-11-30",5000000.0,Não,,Comércio varejista de materiais de construção não especificados anteriormente,GO,Centro Oeste,TEREZOPOLIS DE GOIAS,VILA SANTA TEREZA II
3439,0,"2023-04-26","2023-06-23","2026-02-28",10000000,Não,,"Serviços de lavagem, lubrificação e polimento de veículos automotores",SP,Sudeste,BARUERI,VILA POUSO ALEGRE
3440,0,"2023-05-22","2023-06-23","2023-11-30",5000000.0,Não,,Serviços de engenharia,SP,Sudeste,SÃO PAULO,Campo Belo
3441,0,"2023-05-25","2023-06-23","2025-12-31",5000000.0,Não,,Coleta de resíduos não-perigosos,GO,Centro Oeste,ANAPOLIS,VILA INDUSTRIAL
3442,0,"2023-06-07","2023-06-23","2023-11-30",5000000.0,Não,,Obras de fundações,SP,Sudeste,SAO PAULO,VILA DO ENCONTRO
3443,0,"2023-06-19","2023-06-23","2026-02-28",10000000,Não,,Fabricação de esquadrias de metal,SP,Sudeste,ARUJA,SITIO DOS FERNANDES
3444,0,"2022-07-19","2024-10-28","2025-03-31",6000000.0,Sim,"2023-06-09",Fabricação de biscoitos e bolachas,PR,Sul,MEDIANEIRA,DISTRITO INDUSTRIAL
3445,0,"2023-06-13","2023-06-26","2023-09-30",500000.0,Não,,Fabricação de laticínios,MG,Sudeste,PATROCÍNIO DO MURIAÉ,DIST JAMAPARA
3446,0,"2023-06-13","2023-06-26","2023-09-30",500000.0,Não,,Sem Segmento,RJ,Sudeste,SAO JOSE DE UBA,POLO INDUSTRIAL
3447,0,"2023-06-02","2023-06-26","2023-11-30",5000000.0,Não,,"Comércio varejista de artigos de tapeçaria, cortinas e persianas",SP,Sudeste,SAO PAULO,TATUAPE
3448,0,"2023-06-07","2023-06-26","2026-01-31",10000000,Não,,Serviços de pintura de edifícios em geral,SP,Sudeste,PRAIA GRANDE,PARQUE DAS AMERICAS
3449,0,"2023-06-20","2023-06-26","2023-11-30",5000000.0,Não,,"Aluguel de máquinas e equipamentos para construção sem operador, exceto andaimes",GO,Centro Oeste,ANAPOLIS,LOURDES
3450,0,"2023-06-07","2023-06-27","2023-11-30",5000000.0,Não,,"Comércio atacadista de lustres, luminárias e abajures",SP,Sudeste,BARUERI,ALPHAVILLE INDUSTRIAL
3451,0,"2023-06-20","2023-06-27","2023-11-30",2000000.0,Não,,Fabricação de embalagens de material plástico,RN,Nordeste,MOSSORO,SANTA JULIA
3452,0,"2022-05-31","2023-06-29","2023-11-30",15000000,Não,,Fabricação de periféricos para equipamentos de informática,SP,Sudeste,SAO PAULO,JARDIM AMERICA
3453,0,"2023-06-07","2023-07-03","2023-11-30",5000000.0,Não,,Produção de forjados de aço,SP,Sudeste,GUARULHOS,Vila Nova Bonsucesso
3454,0,"2023-06-27","2023-07-03","2025-03-31",5000000.0,Não,,Instalação de máquinas e equipamentos industriais,SP,Sudeste,MOGI-GUACU,LOTEAMENTO PARQUE REAL GUACU
3455,0,"2022-08-08","2025-04-15","2025-09-30",15000000,Não,,Comércio atacadista de fumo beneficiado,RS,Sul,VENANCIO AIRES,CENTRO
3456,0,"2023-06-29","2023-07-04","2023-12-31",20000000,Não,,Comércio atacadista de cereais e leguminosas beneficiados,TO,Norte,ALVORADA,JARDIM ALVORADA
3457,0,"2023-07-05","2024-01-29","2024-06-30",30000000,Não,,"Comércio atacadista de defensivos agrícolas, adubos, fertilizantes e corretivos do solo",PR,Sul,FOZ DO IGUAÇU,Centro
3458,0,"2023-06-23","2023-07-06","2023-12-31",20000000,Não,,Produção de pintos de um dia,SP,Sudeste,AMPARO,VILA NOVA
3459,0,"2023-07-05","2023-07-06","2023-09-30",2500000.0,Não,,"Fundos de investimento, exceto previdenciários e imobiliários",SP,Sudeste,SAO PAULO,JARDIM PAULISTANO
3460,0,"2023-07-05","2023-07-06","2023-09-30",2500000.0,Não,,Sem Segmento,SP,Sudeste,SÃO PAULO,Itaim Bibi
3461,0,"2023-05-17","2023-07-06","2026-02-28",10000000,Não,,Comércio varejista de plantas e flores naturais,SP,Sudeste,GUARULHOS,Cidade Jardim Cumbica
3462,0,"2023-06-19","2023-07-06","2023-12-31",5000000.0,Não,,Instalações de sistema de prevenção contra incêndio,SP,Sudeste,SAO PAULO,VILA GUMERCINDO
3463,0,"2023-06-26","2023-07-06","2023-12-31",5000000.0,Não,,"Transporte rodoviário de carga, exceto produtos perigosos e mudanças, municipal",PE,Nordeste,RECIFE,CORDEIRO
3464,491,"2022-10-13","2025-09-19","2026-01-31",31677000,Não,,Geração de energia elétrica,GO,Centro Oeste,FORMOSA,DISTRITO AGROINDUSTRIAL DE FORMOSA
3465,0,"2023-07-06","2024-01-02","2025-04-30",30000000,Não,,Comércio atacadista de cereais e leguminosas beneficiados,MA,Nordeste,BALSAS,SAO CAETANO
3466,874,"2023-06-14","2023-07-10","2023-12-31",13500000,Não,,Fabricação de artigos de metal para uso doméstico e pessoal,RS,Sul,CAXIAS DO SUL,CRISTO REDENTOR
3467,0,"2023-05-15","2023-07-10","2023-11-30",2000000.0,Não,,"Fabricação de outras máquinas e equipamentos de uso geral não especificados anteriormente, peças e acessórios",SC,Sul,CAPINZAL,ACESSO CIDADE ALTA
3468,0,"2023-05-08","2025-10-10","2026-02-28",20000000,Não,,Comércio atacadista de cereais e leguminosas beneficiados,PR,Sul,LONDRINA,Gleba Fazenda Palhano
3469,268,"2023-07-10","2025-09-24","2026-01-31",21000000,Não,,Sem Segmento,SP,Sudeste,SÃO PAULO,Cidade Monções
3470,0,"2023-07-03","2023-07-13","2026-01-31",10000000,Não,,Construção de edifícios,SP,Sudeste,SAO JOSE DOS CAMPOS,VILA EMA
3471,0,"2023-07-10","2023-07-13","2023-12-31",5000000.0,Não,,Fabricação de produtos cerâmicos refratários,RS,Sul,CHARQUEADAS,CENTRO
3472,0,"2023-07-12","2023-07-13","2023-12-31",1000000.0,Não,,"Transporte rodoviário coletivo de passageiros, sob regime de fretamento, intermunicipal, interestadual e internacional",GO,Centro Oeste,GOIATUBA,CENTRO
3473,0,"2023-07-12","2023-07-13","2024-07-31",1200000.0,Não,,Obras de montagem industrial,MG,Sudeste,CONTAGEM,PARQUE DUVAL DE BARROS
3474,0,"2023-07-11","2023-07-13","2023-12-31",103000.0,Não,,Sem Segmento,ES,Sudeste,VILA VELHA,Balneário Ponta da Fruta
3475,0,"2023-07-11","2023-07-13","2023-12-31",51000.0,Não,,Serviços advocatícios,ES,Sudeste,VITORIA,ENSEADA DO SUA
3476,0,"2023-06-07","2023-07-14","2023-12-31",5000000.0,Não,,"Fabricação de aparelhos e equipamentos de medida, teste e controle",SP,Sudeste,SÃO PAULO,Vila Sofia
3477,0,"2023-07-07","2023-07-14","2023-12-31",5000000.0,Não,,Comércio varejista de materiais de construção não especificados anteriormente,SP,Sudeste,DIADEMA,CENTRO
3478,0,"2022-03-29","2023-07-14","2023-11-30",20000000,Não,,Serviços combinados de escritório e apoio administrativo,SP,Sudeste,ARARAS,Jardim Cândida
3479,858,"2022-07-15","2023-07-14","2023-11-30",15000000,Não,,Sem Segmento,ES,Sudeste,CARIACICA,Padre Mathias
3480,0,"2023-05-15","2024-02-09","2024-05-31",1150000.0,Não,,Fabricação de colchões,SC,Sul,CHAPECO,DISTRITO INDUSTRIAL
3481,0,"2023-07-17","2023-07-17","2025-07-17",0.0,Não,,Sem Segmento,SP,Sudeste,DIADEMA,Campanário
3482,0,"2023-07-11","2023-07-18","2023-12-31",5000000.0,Não,,Incorporação de empreendimentos imobiliários,GO,Centro Oeste,ANAPOLIS,JARDIM DAS AMERICAS 2ª ETAPA
3483,0,"2023-07-14","2023-07-18","2026-01-31",5000000.0,Não,,Instalação de máquinas e equipamentos industriais,PR,Sul,SANTA TEREZA DO OESTE,LOTEAMENTO OSMAR RANQUETE
3484,0,"2023-07-10","2023-07-19","2023-12-31",5000000.0,Não,,Fabricação de aparelhos e equipamentos para distribuição e controle de energia elétrica,SP,Sudeste,SÃO PAULO,Vila Califórnia
3485,0,"2023-07-20","2023-07-31","2024-01-26",13200000,Não,,"Fabricação de tintas, vernizes, esmaltes e lacas",SC,Sul,MORRO DA FUMACA,RODOVIA SC 108
3486,0,"2023-04-20","2023-07-21","2025-09-30",5000000.0,Não,,"Transporte rodoviário de carga, exceto produtos perigosos e mudanças, intermunicipal, interestadual e internacional",MG,Sudeste,FRANCISCO SA,ZONA RURAL
3487,0,"2023-06-02","2023-07-21","2023-12-31",5000000.0,Não,,Sem Segmento,GO,Centro Oeste,GOIÂNIA,Setor Campinas
3488,0,"2023-07-17","2023-07-21","2024-06-30",5000000.0,Não,,"Serviços de cartografia, topografia e geodésia",SP,Sudeste,SAO PAULO,JARAGUA
3489,879,"2023-07-03","2025-08-29","2026-01-31",17300000,Não,,Construção de edifícios,SC,Sul,ITAJAÍ,Balneário Santa Clara
3490,879,"2023-07-04","2025-08-29","2026-01-31",17300000,Não,,"Outras sociedades de participação, exceto holdings",SC,Sul,ITAJAI,BALNEARIO SANTA CLARA
3491,0,"2023-07-21","2025-10-30","2025-11-30",19500000,Não,,"Atividades de consultoria em gestão empresarial, exceto consultoria técnica específica",SP,Sudeste,SÃO PAULO,Brooklin Paulista
3492,0,"2022-09-12","2025-09-05","2026-01-31",4500000.0,Sim,"2023-06-14","Fabricação de transformadores, indutores, conversores, sincronizadores e semelhantes, peças e acessórios",SC,Sul,BLUMENAU,Itoupavazinha
3493,0,"2023-07-07","2023-07-24","2026-03-31",10000000,Não,,Obras de acabamento em gesso e estuque,SP,Sudeste,SAO PAULO,VILA CRUZEIRO
3494,0,"2023-07-19","2023-07-24","2023-12-31",200000.0,Não,,Comércio varejista de materiais de construção em geral,PE,Nordeste,RECIFE,JIQUIA
3495,0,"2023-07-19","2023-07-24","2023-12-31",1000000.0,Não,,Comércio varejista de tintas e materiais para pintura,PE,Nordeste,RECIFE,JIQUIA
3496,0,"2023-07-12","2023-07-25","2023-12-31",5000000.0,Não,,Comércio varejista de material elétrico,SP,Sudeste,BARUERI,RESIDENCIAL MORADA DOS LAGOS
3497,0,"2023-06-16","2023-07-27","2025-12-31",5000000.0,Não,,Perfurações e sondagens,SP,Sudeste,OSASCO,CENTRO
3498,0,"2023-07-18","2023-07-27","2023-12-31",5000000.0,Não,,Comércio atacadista de equipamentos elétricos de uso pessoal e doméstico,SP,Sudeste,SAO PAULO,CAMPOS ELISEOS
3499,0,"2023-07-25","2025-03-21","2025-06-30",6300000.0,Não,,Comercio varejista de artigos de armarinho,SP,Sudeste,SAO PAULO,VILA LEOPOLDINA
3500,875,"2023-06-22","2025-09-30","2026-01-31",11010000,Não,,Serviços combinados de escritório e apoio administrativo,GO,Centro Oeste,APARECIDA DE GOIÂNIA,Condomínio Cidade Empresarial
3501,875,"2023-06-22","2025-09-30","2026-01-31",11010000,Não,,"Fabricação de adubos e fertilizantes, exceto organo-minerais",GO,Centro Oeste,APARECIDA DE GOIÂNIA,Polo Empresarial Goiás - Etapa V
3502,875,"2023-06-22","2025-09-30","2026-01-31",11010000,Não,,"Transporte rodoviário de carga, exceto produtos perigosos e mudanças, intermunicipal, interestadual e internacional",GO,Centro Oeste,APARECIDA DE GOIÂNIA,Parque Industrial Vice-Presidente José Alencar
3503,881,"2023-07-11","2023-07-31","2023-10-31",500000.0,Não,,Incorporação de empreendimentos imobiliários,SC,Sul,JOINVILLE,América
3504,0,"2023-07-11","2023-07-31","2023-10-31",500000.0,Não,,Sem Segmento,MG,Sudeste,UBERLÂNDIA,Martins
3505,0,"2023-07-20","2023-07-31","2023-12-31",5000000.0,Não,,Outras obras de acabamento da construção,RS,Sul,PORTO ALEGRE,SARANDI
3506,0,"2023-08-01","2023-08-01","1900-01-01",0.0,Não,,Comércio atacadista de outras máquinas e equipamentos não especificados anteriormente; partes e peças,SP,Sudeste,SAO PAULO,LAPA
3507,0,"2023-08-01","2023-08-01","1900-01-01",0.0,Não,,Fabricação de móveis com predominância de madeira,SP,Sudeste,SÃO PAULO,Catumbi
3508,0,"2023-08-01","2023-08-01","1900-01-01",0.0,Não,,"Aluguel de máquinas e equipamentos para construção sem operador, exceto andaimes",SP,Sudeste,SAO JOSE DOS CAMPOS,JARDIM SATELITE
3509,0,"2023-08-01","2023-08-01","1900-01-01",0.0,Não,,Serviços de engenharia,PE,Nordeste,RECIFE,ESPINHEIRO
3510,0,"2023-08-01","2023-08-01","1900-01-01",0.0,Não,,Construção de edifícios,PB,Nordeste,JOAO PESSOA,EXPEDICIONARIOS
3511,0,"2023-08-01","2023-08-01","1900-01-01",0.0,Não,,"Transporte rodoviário de carga, exceto produtos perigosos e mudanças, intermunicipal, interestadual e internacional",SP,Sudeste,MAUA,VILA NOSSA SENHORA DAS VITORIAS
3512,0,"2023-08-01","2023-08-01","1900-01-01",0.0,Não,,"Aluguel de máquinas e equipamentos para construção sem operador, exceto andaimes",MG,Sudeste,FRANCISCO SA,OSMANE BARBOSA
3513,0,"2023-08-01","2023-08-01","1900-01-01",0.0,Não,,Comércio varejista de materiais de construção não especificados anteriormente,SP,Sudeste,SANTO ANDRE,PARQUE DAS NACOES
3514,0,"2023-08-01","2023-08-01","1900-01-01",0.0,Não,,Construção de rodovias e ferrovias,MG,Sudeste,BELO HORIZONTE,CRUZEIRO
3515,0,"2023-08-01","2023-08-01","1900-01-01",0.0,Não,,"Instalação de portas, janelas, tetos, divisórias e armários embutidos de qualquer material",SP,Sudeste,SAO PAULO,PARQUE DA VILA PRUDENTE
3516,0,"2023-08-01","2023-08-01","1900-01-01",0.0,Não,,Comércio varejista de plantas e flores naturais,MG,Sudeste,MONTES CLAROS,JARDIM ALEGRE
3517,0,"2023-08-01","2023-08-01","1900-01-01",0.0,Não,,Transporte rodoviário de produtos perigosos,MG,Sudeste,OLHOS-D'AGUA,CENTRO
3518,0,"2023-08-01","2023-08-01","1900-01-01",0.0,Não,,"Outras sociedades de participação, exceto holdings",SP,Sudeste,BARUERI,TAMBORE
3519,0,"2023-08-01","2023-08-01","1900-01-01",0.0,Não,,Manutenção e reparação de máquinas e equipamentos para uso geral não especificados anteriormente,SP,Sudeste,BARUERI,JARDIM DOS CAMARGOS
3520,0,"2023-08-01","2023-08-01","2026-02-28",10000000,Não,,Limpeza em prédios e em domicílios,MG,Sudeste,MONTES CLAROS,VARGEM GRANDE II
3521,0,"2023-08-01","2023-08-01","1900-01-01",0.0,Não,,Sem Segmento,SP,Sudeste,CAJAMAR,Portais (Polvilho)
3522,0,"2023-08-01","2023-08-01","1900-01-01",0.0,Não,,Serviços de pintura de edifícios em geral,PE,Nordeste,GOIANA,CENTRO
3523,0,"2023-08-01","2023-08-01","1900-01-01",0.0,Não,,Serviços de engenharia,SP,Sudeste,BARUERI,ALPHAVILLE
3524,0,"2023-08-01","2023-08-01","2024-12-31",5000000.0,Não,,Comércio varejista de materiais de construção não especificados anteriormente,GO,Centro Oeste,ANAPOLIS,JUNDIAI
3525,0,"2023-08-01","2023-08-01","2025-12-31",5000000.0,Não,,Serviços de engenharia,MG,Sudeste,MONTES CLAROS,ALCIDES RABELO
3526,0,"2023-08-01","2023-08-01","1900-01-01",0.0,Não,,"Aluguel de máquinas e equipamentos para construção sem operador, exceto andaimes",GO,Centro Oeste,NEROPOLIS,BOTAFOGO
3527,0,"2023-08-01","2023-08-01","1900-01-01",0.0,Não,,Atividades técnicas relacionadas à engenharia e arquitetura não especificadas anteriormente,SP,Sudeste,SAO PAULO,AGUA BRANCA
3528,0,"2023-08-01","2023-08-01","2024-02-29",0.0,Não,,Fabricação de artefatos de material plástico para outros usos não especificados anteriormente,SP,Sudeste,SAO BERNARDO DO CAMPO,COOPERATIVA
3529,0,"2023-08-01","2023-08-01","1900-01-01",0.0,Não,,"Aluguel de máquinas e equipamentos para construção sem operador, exceto andaimes",GO,Centro Oeste,APARECIDA DE GOIANIA,PARQUE VEIGA JARDIM
3530,0,"2023-08-01","2023-08-01","2024-01-31",0.0,Não,,"Fabricação de equipamentos para irrigação agrícola, peças e acessórios",SP,Sudeste,SÃO JOSÉ DO RIO PARDO,VILA BRASIL
3531,0,"2023-08-01","2023-08-01","1900-01-01",0.0,Não,,Locação de mão-de-obra temporária,SP,Sudeste,SAO PAULO,LAPA
3532,0,"2023-08-01","2023-08-01","1900-01-01",0.0,Não,,Fornecimento de alimentos preparados preponderantemente para empresas,PB,Nordeste,JOAO PESSOA,MANGABEIRA
3533,0,"2023-08-01","2023-08-01","1900-01-01",0.0,Não,,Comércio varejista de ferragens e ferramentas,SP,Sudeste,PAULINIA,PARQUE BRASIL 500
3534,0,"2023-08-01","2023-08-01","1900-01-01",0.0,Não,,Impermeabilização em obras de engenharia civil,GO,Centro Oeste,APARECIDA DE GOIANIA,SETOR OCIDENTE DA VILA BRASILIA
3535,0,"2023-08-01","2023-08-01","2025-02-28",5000000.0,Não,,Fabricação de artefatos de cimento para uso na construção,MG,Sudeste,MONTES CLAROS,ELDORADO
3536,0,"2023-07-11","2023-08-01","1900-01-01",0.0,Não,,Outras obras de engenharia civil não especificadas anteriormente,SP,Sudeste,BOITUVA,JARDIM AMELIA
3537,0,"2023-08-01","2023-08-01","2025-02-28",5000000.0,Não,,Construção de edifícios,PE,Nordeste,RECIFE,POCO
3538,0,"2023-08-01","2023-08-01","2024-01-31",0.0,Não,,Fabricação de estruturas metálicas,SP,Sudeste,BARUERI,VILA UNIVERSAL
3539,0,"2023-08-01","2023-08-01","2025-12-31",10000000,Não,,Comércio varejista de ferragens e ferramentas,SP,Sudeste,SAO PAULO,VILA GOMES CARDIM
3540,0,"2023-08-01","2023-08-01","2025-11-30",5000000.0,Não,,Construção de edifícios,PE,Nordeste,CABO DE SANTO AGOSTINHO,ENSEADA DOS CORAIS
3541,0,"2023-08-01","2023-08-01","2025-11-30",5000000.0,Não,,Comércio varejista de materiais de construção em geral,SP,Sudeste,SAO PAULO,JARDIM HERPLIN
3542,0,"2023-08-01","2023-08-01","2024-02-29",0.0,Não,,Outras obras de engenharia civil não especificadas anteriormente,SP,Sudeste,SAO PAULO,CIDADE MONÇÕES
3543,0,"2023-08-01","2023-08-01","2024-01-30",0.0,Não,,Fabricação de móveis com predominância de madeira,SP,Sudeste,MOGI MIRIM,CENTRO
3544,0,"2023-08-01","2023-08-01","2024-01-31",999999999,Não,,Serviços de desenho técnico relacionados à arquitetura e engenharia,RN,Nordeste,NATAL,LAGOA NOVA
3545,0,"2023-08-01","2023-08-01","1900-01-01",0.0,Não,,Comércio atacadista especializado de materiais de construção não especificados anteriormente,CE,Nordeste,FORTALEZA,AEROLANDIA
3546,0,"2023-08-01","2023-08-01","2024-01-31",0.0,Não,,Serviços especializados para construção não especificados anteriormente,SP,Sudeste,SAO PAULO,CENTRO
3547,0,"2023-08-01","2023-08-01","2024-01-31",5000000.0,Não,,Instalação e manutenção elétrica,SP,Sudeste,INDAIATUBA,JARDIM NOVA INDAIA
3548,0,"2023-08-01","2023-08-01","1900-01-01",0.0,Não,,Preparação de massa de concreto e argamassa para construção,SP,Sudeste,GUARAREMA,CHACARAS GUANABARA
3549,998,"2023-08-01","2024-12-19","2025-06-30",10000000,Não,,"Fabricação de máquinas, equipamentos e aparelhos para transporte e elevação de cargas, peças e acessórios",SP,Sudeste,ITAPEVI,Polo Industrial
3550,0,"2023-08-01","2023-08-01","1900-01-01",0.0,Não,,Fabricação de artefatos de cimento para uso na construção,PE,Nordeste,ABREU E LIMA,INHAMA
3551,0,"2023-08-01","2023-08-01","1900-01-01",0.0,Não,,Outras atividades de serviços prestados principalmente às empresas não especificadas anteriormente,MG,Sudeste,JANAUBA,CENTRO
3552,0,"2023-08-01","2023-08-01","1900-01-01",0.0,Não,,Produção de artefatos estampados de metal,SP,Sudeste,CAIEIRAS,LARANJEIRAS
3553,0,"2023-08-01","2023-08-01","2024-02-29",0.0,Não,,"Aluguel de máquinas e equipamentos para construção sem operador, exceto andaimes",SP,Sudeste,SAO PAULO,JD. INDEPENDENCIA
3554,0,"2023-08-01","2023-08-01","1900-01-01",0.0,Não,,"Locação de outros meios de transporte não especificados anteriormente, sem condutor",SP,Sudeste,MAIRINQUE,HORTO
3555,0,"2023-08-01","2023-08-01","2026-02-28",10000000,Não,,Serviços combinados de escritório e apoio administrativo,SP,Sudeste,SAO PAULO,VILA SOUZA
3556,0,"2023-08-01","2023-08-01","1900-01-01",0.0,Não,,"Britamento de pedras, exceto associado à extração",PE,Nordeste,RECIFE,DOIS UNIDOS
3557,0,"2023-08-01","2023-08-01","2026-02-28",10000000,Não,,Comércio varejista de materiais de construção não especificados anteriormente,SP,Sudeste,SAO PAULO,TATUAPE
3558,0,"2023-08-01","2023-08-01","1900-01-01",0.0,Não,,Comércio varejista de plantas e flores naturais,PB,Nordeste,JOAO PESSOA,MIRAMAR
3559,0,"2023-08-01","2023-08-01","2024-01-31",0.0,Não,,"Fabricação de máquinas e aparelhos de refrigeração e ventilação para uso industrial e comercial, peças e acessórios",SP,Sudeste,SAO PAULO,JARAGUA
3560,0,"2023-08-01","2023-08-01","1900-01-01",0.0,Não,,Sem Segmento,"","","",""
3561,0,"2023-08-01","2023-08-01","1900-01-01",0.0,Não,,"Fabricação de artefatos de material plástico para uso na construção, exceto tubos e acessórios",SP,Sudeste,SANTO ANDRE,BAIRRO CAMPESTRE
3562,0,"2023-08-01","2023-08-01","2026-02-28",10000000,Não,,Fabricação de equipamentos e acessórios para segurança pessoal e profissional,SP,Sudeste,CAMPO LIMPO PAULISTA,Jardim Santa Lúcia
3563,846,"2023-08-01","2025-09-18","2026-03-31",150000000,Não,,Fabricação de vidro plano e de segurança,SP,Sudeste,MOGI DAS CRUZES,Vila Mogilar
3564,0,"2023-08-01","2023-08-01","1900-01-01",0.0,Não,,Comércio a varejo de peças e acessórios novos para veículos automotores,SP,Sudeste,SAO PAULO,CASA VERDE
3565,0,"2023-08-01","2023-08-01","2026-03-31",5000000.0,Não,,Comércio varejista de outros produtos não especificados anteriormente,SP,Sudeste,RIBEIRAO PRETO,PARQUE INDUSTRIAL TANQUINHO
3566,0,"2023-08-01","2023-08-01","2024-01-31",0.0,Não,,Consultoria em tecnologia da informação,SP,Sudeste,SAO PAULO,TATUAPE
3567,0,"2023-08-02","2023-08-02","2024-01-31",5000000.0,Não,,Construção de edifícios,MG,Sudeste,MONTES CLAROS,PANORAMA II
3568,0,"2023-08-02","2023-08-02","2025-11-30",5000000.0,Não,,Outras obras de engenharia civil não especificadas anteriormente,PB,Nordeste,CABEDELO,PARQUE ESPERANCA
3569,0,"2023-08-03","2023-08-03","2025-12-31",5000000.0,Não,,"Serviços de organização de feiras, congressos, exposições e festas",RJ,Sudeste,RIO DE JANEIRO,CORDOVIL
3570,0,"2023-08-03","2023-08-03","1900-01-01",0.0,Não,,Comércio atacadista de material elétrico,GO,Centro Oeste,GOIANIA,SETOR MARECHAL RONDON
3571,883,"2020-02-27","2023-10-31","2024-02-29",4000000.0,Não,,Sem Segmento,RS,Sul,PANTANO GRANDE,MONTE CASTELO
3572,883,"2020-02-27","2023-08-25","2023-10-31",4000000.0,Não,,Sem Segmento,SC,Sul,CRICIÚMA,Argentina
3573,883,"2020-02-27","2023-08-25","2023-10-31",4000000.0,Não,,Sem Segmento,RS,Sul,SAO JERONIMO,MORRINHOS
3574,0,"2023-08-03","2023-08-03","2025-12-31",5000000.0,Não,,"Aparelhamento de pedras para construção, exceto associado à extração",SP,Sudeste,JALES,PERIMETRO URBANO
3575,0,"2023-08-03","2023-08-03","2026-03-31",10000000,Não,,Outras obras de acabamento da construção,SP,Sudeste,DIADEMA,CANHEMA
3576,0,"2023-08-03","2023-08-03","1900-01-01",0.0,Não,,Fabricação de móveis com predominância de madeira,SP,Sudeste,COSMOPOLIS,EXTINTA ESTACAO EXPERIMENTAL DE SERICULTURA
3577,0,"2023-08-04","2023-08-04","2024-01-31",0.0,Não,,"Aluguel de máquinas e equipamentos para construção sem operador, exceto andaimes",MG,Sudeste,MONTES CLAROS,NOSSA SENHORA DE FATIMA
3578,0,"2023-06-29","2024-11-25","2025-03-31",3500000.0,Não,,"Atividades de intermediação e agenciamento de serviços e negócios em geral, exceto imobiliários",SP,Sudeste,SAO PAULO,PINHEIROS
3579,0,"2023-08-04","2023-08-07","2024-01-31",250000.0,Não,,Sem Segmento,PR,Sul,ASTORGA,CENTRO
3580,0,"2023-08-07","2023-08-07","2025-11-30",5000000.0,Não,,"Fabricação de artigos de serralheria, exceto esquadrias",SP,Sudeste,GUARULHOS,VILA NOVA CUMBICA
3581,0,"2023-08-09","2023-08-09","1900-01-01",0.0,Não,,Serviços de engenharia,SP,Sudeste,SAO PAULO,SANTANA
3582,0,"2023-08-01","2023-08-09","2024-01-31",20000000,Não,,Comércio atacadista de cereais e leguminosas beneficiados,TO,Norte,TALISMA,CENTRO
3583,0,"2023-08-09","2023-08-09","2034-08-05",0.0,Não,,Tecelagem de fios de fibras artificiais e sintéticas,SP,Sudeste,SUMARE,JARDIM BELA VISTA
3584,0,"2023-08-09","2023-08-09","2024-02-29",0.0,Não,,Geração de energia elétrica,GO,Centro Oeste,ITUMBIARA,AREA RURAL DE ITUMBIARA
3585,0,"2023-08-09","2023-08-11","2024-08-31",20000000,Não,,Comércio atacadista de alimentos para animais,TO,Norte,MIRACEMA DO TOCANTINS,SETOR SUSSUAPARA I
3586,0,"2023-08-11","2023-08-11","2025-12-31",5000000.0,Não,,Instalação de máquinas e equipamentos industriais,PE,Nordeste,PAULISTA,JARDIM PAULISTA
3587,0,"2023-08-09","2023-08-14","2025-12-31",30000000,Não,,"Comércio atacadista de sementes, flores, plantas e gramas",GO,Centro Oeste,GOIÂNIA,Parque Santa Rita
3588,0,"2023-08-15","2023-08-15","2024-01-31",0.0,Não,,Comércio atacadista de madeira e produtos derivados,SP,Sudeste,SAO BERNARDO DO CAMPO,PAULICEIA
3589,0,"2023-08-14","2023-08-16","2024-01-31",744218.0,Não,,Sem Segmento,AM,Norte,MANAUS,Japiim
3590,0,"2023-08-15","2023-08-16","2024-01-31",744218.0,Não,,Sem Segmento,MG,Sudeste,BELO HORIZONTE,CENTRO
3591,0,"2023-08-16","2023-08-16","1900-01-01",0.0,Não,,"Serviços combinados para apoio a edifícios, exceto condomínios prediais",SP,Sudeste,SAO PAULO,CARANDIRU
3592,0,"2023-08-10","2023-08-17","2024-01-31",20000000,Não,,Comércio atacadista de cereais e leguminosas beneficiados,BA,Nordeste,LUIS EDUARDO MAGALHAES,MIMOSO DO OESTE
3593,0,"2023-08-10","2023-08-17","2026-04-30",30000000,Não,,Comércio atacadista de matérias-primas agrícolas não especificadas anteriormente,MG,Sudeste,UNAI,AMARAL
3594,0,"2023-08-17","2023-08-17","1900-01-01",0.0,Não,,Sem Segmento,PE,Nordeste,ILHA DE ITAMARACA,PILAR
3595,0,"2023-08-17","2023-08-17","1900-01-01",0.0,Não,,Sem Segmento,SP,Sudeste,ANDRADINA,CENTRO
3596,0,"2023-08-17","2023-08-17","1900-01-01",0.0,Não,,Serviços advocatícios,SC,Sul,FLORIANOPOLIS,ESTREITO
3597,0,"2023-08-17","2023-08-17","1900-01-01",0.0,Não,,Sem Segmento,SP,Sudeste,VOTUPORANGA,STA ELIZA
3598,0,"2023-08-17","2023-08-17","1900-01-01",0.0,Não,,Sem Segmento,SP,Sudeste,CAMPINAS,CIDADE UNIVERSI
3599,0,"2023-08-17","2023-08-17","1900-01-01",0.0,Não,,Sem Segmento,MG,Sudeste,BELO HORIZONTE,BARRO PRETO
3600,0,"2023-08-17","2023-08-17","1900-01-01",0.0,Não,,Sem Segmento,SP,Sudeste,APARECIDA,CENTRO
3601,0,"2023-08-17","2023-08-17","2024-01-31",0.0,Não,,"Transporte rodoviário de carga, exceto produtos perigosos e mudanças, intermunicipal, interestadual e internacional",SP,Sudeste,SAO PAULO,MIRANDOPOLIS
3602,0,"2023-08-18","2023-08-18","2024-02-29",0.0,Não,,Comércio varejista de materiais de construção não especificados anteriormente,SP,Sudeste,ITAPEVI,JARDIM BRIQUET
3603,0,"2022-10-05","2023-08-18","2024-01-31",25500000,Não,,Sem Segmento,BA,Nordeste,LUÍS EDUARDO MAGALHÃES,Bairro Jardim Paraíso 
3604,0,"2023-08-18","2023-08-18","1900-01-01",0.0,Não,,Fabricação de móveis com predominância de madeira,SP,Sudeste,SAO BERNARDO DO CAMPO,PAULICEIA
3605,0,"2023-08-18","2023-08-18","2025-12-31",5000000.0,Não,,Fabricação de produtos de trefilados de metal padronizados,SP,Sudeste,SÃO BERNARDO DO CAMPO,Planalto
3606,0,"2023-08-21","2023-08-21","2026-02-28",5000000.0,Não,,Treinamento em desenvolvimento profissional e gerencial,MS,Centro Oeste,RIO BRILHANTE,CENTRO
3607,238,"2023-08-04","2025-09-30","2026-01-31",19000000,Não,,Processamento industrial do fumo,RS,Sul,SANTA CRUZ DO SUL,Distrito Industrial
3608,0,"2023-01-24","2024-10-16","2025-01-31",1400000.0,Não,,Abate de aves,SP,Sudeste,POLONI,CENTRO
3609,0,"2023-08-22","2023-08-22","2024-01-31",0.0,Não,,Instalação de máquinas e equipamentos industriais,MG,Sudeste,CONCEICAO DAS ALAGOAS,CENTRO
3610,0,"2023-08-22","2023-08-22","2026-02-28",10000000,Não,,Fabricação de outros produtos de metal não especificados anteriormente,SP,Sudeste,BARUERI,VILA SAO SILVESTRE
3611,0,"2023-08-22","2023-08-22","2024-01-31",0.0,Não,,Serviços de desenho técnico relacionados à arquitetura e engenharia,PE,Nordeste,RECIFE,BOA VIAGEM
3612,0,"2023-08-17","2023-08-23","2024-01-31",20000000,Não,,Comércio atacadista de cereais e leguminosas beneficiados,TO,Norte,MIRANORTE,CENTRO
3613,0,"2023-08-23","2024-05-31","2024-06-30",100000000,Não,,"Fabricação de equipamentos transmissores de comunicação, peças e acessórios",SP,Sudeste,CAMPINAS,Polo II de Alta Tecnologia (Campinas)
3614,0,"2023-08-23","2023-08-23","2024-09-30",0.0,Não,,Fabricação de outros produtos de metal não especificados anteriormente,GO,Centro Oeste,ANAPOLIS,DISTRITO AGROINDUSTRIAL DE ANAPOLIS
3617,0,"2023-08-24","2023-08-24","2020-01-01",0.0,Não,,Sem Segmento,SP,Sudeste,SÃO CARLOS,Centro
3618,0,"2023-08-25","2023-08-25","2025-12-31",5000000.0,Não,,Fabricação de resinas termofixas,SP,Sudeste,VALINHOS,VALE VERDE
3619,0,"2023-08-23","2023-08-28","2024-01-31",1100000.0,Não,,Sem Segmento,SP,Sudeste,SÃO PAULO,Itaim Bibi
3620,0,"2023-04-26","2023-08-28","2024-01-31",1000000.0,Não,,Sem Segmento,BA,Nordeste,LUIS EDUARDO MAGALHAES,CENTRO
3621,0,"2023-08-29","2023-08-29","2026-03-31",10000000,Não,,"Serviços combinados para apoio a edifícios, exceto condomínios prediais",SP,Sudeste,CAMPO LIMPO PAULISTA,JARDIM GUANCIALE
3622,0,"2023-08-28","2023-08-29","2024-01-31",166714.6,Não,,Sem Segmento,PA,Norte,BELEM,GUAMA
3623,0,"2023-08-29","2023-08-29","2024-01-31",165106.1,Não,,Sem Segmento,PA,Norte,BELÉM,São Brás
3624,0,"2023-08-29","2023-08-29","2026-03-31",10000000,Não,,Fabricação de obras de caldeiraria pesada,PR,Sul,LAPA,LAPA
3625,0,"2023-08-30","2023-08-30","2024-02-29",0.0,Não,,Comércio varejista de materiais de construção não especificados anteriormente,GO,Centro Oeste,GOIANIA,BRO GOIA
3626,0,"2023-08-30","2023-08-30","1900-01-01",0.0,Não,,Comércio atacadista de resíduos de papel e papelão,MG,Sudeste,MONTES CLAROS,JOAO GORDO
3627,0,"2023-08-30","2023-08-30","2025-12-31",5000000.0,Não,,Armazéns gerais - emissão de warrant,GO,Centro Oeste,RIO VERDE,DISTRITO AGROINDUSTRIAL DE RIO VERDE II - DARV II
3628,0,"2023-08-31","2023-08-31","1900-01-01",0.0,Não,,Comércio varejista de materiais de construção em geral,PB,Nordeste,CABEDELO,AMAZONIA PARK
3629,344,"2023-08-31","2025-04-07","2025-07-31",750000.0,Não,,Sem Segmento,RS,Sul,SÃO LEOPOLDO,Fazenda São Borja
3630,0,"2023-08-31","2023-08-31","2026-01-31",10000000,Não,,Construção de rodovias e ferrovias,PR,Sul,CURITIBA,JARDIM DAS AMERICAS
3631,0,"2023-09-01","2023-09-01","1900-01-01",0.0,Não,,Incorporação de empreendimentos imobiliários,PB,Nordeste,SANTA RITA,VARZEA NOVA
3632,0,"2023-08-21","2023-09-01","2024-08-31",20000000,Não,,Comércio atacadista de cereais e leguminosas beneficiados,TO,Norte,COLINAS DO TOCANTINS,CENTRO
3633,0,"2023-09-01","2023-09-01","2026-01-31",10000000,Não,,Serviços de pintura de edifícios em geral,GO,Centro Oeste,COCALZINHO DE GOIAS,CIDADE DOS PIRINEUS
3634,320,"2023-05-12","2023-09-04","2023-12-31",10000000,Não,,Comércio atacadista de cereais e leguminosas beneficiados,SP,Sudeste,SÃO PAULO,Vila Olímpia
3635,0,"2023-09-04","2023-09-04","2024-02-29",4000000.0,Não,,Construção de edifícios,SP,Sudeste,PIRACICABA,UNILESTE
3636,0,"2022-07-12","2023-09-04","2023-10-31",500000.0,Não,,Desenvolvimento de programas de computador sob encomenda,SP,Sudeste,CAMPINAS,Cambuí
3637,0,"2023-09-04","2023-09-04","2025-12-31",5000000.0,Não,,Montagem de estruturas metálicas,PR,Sul,DOIS VIZINHOS,SAO FRANCISCO XAVIER
3638,0,"2023-09-05","2023-09-05","2025-12-31",5000000.0,Não,,Fabricação de móveis com predominância de madeira,PE,Nordeste,IGARASSU,AGAMENON MAGALHAES
3639,0,"2023-09-06","2023-09-06","2024-03-31",0.0,Não,,Serviços de pintura de edifícios em geral,PB,Nordeste,GURJAO,CENTRO
3640,0,"2022-06-28","2023-09-08","2024-02-29",25000000,Não,,Fabricação de artefatos de fibrocimento para uso na construção,SP,Sudeste,SAO PAULO,PINHEIROS
3641,0,"2023-09-11","2023-09-11","2025-05-31",2000000.0,Não,,Comércio varejista de materiais de construção não especificados anteriormente,SP,Sudeste,SERTAOZINHO,JARDIM BELO HORIZONTE DO TAMBURY
3642,0,"2023-09-05","2023-09-11","2024-02-29",177963.9,Não,,Sem Segmento,RJ,Sudeste,RIO DE JANEIRO,Campo Grande
3643,0,"2023-09-10","2023-09-11","2024-02-29",62527.86,Não,,Sem Segmento,RJ,Sudeste,RIO DE JANEIRO,Barra da Tijuca
3647,133,"2020-07-08","2025-08-26","2026-01-31",130000000,Não,,Sem Segmento,GO,Centro Oeste,ITUMBIARA,Centro
3648,0,"2023-09-12","2023-09-12","1900-01-01",0.0,Não,,"Fabricação de máquinas, equipamentos e aparelhos para transporte e elevação de cargas, peças e acessórios",SP,Sudeste,AMERICO BRASILIENSE,JARDIM VISTA ALEGRE
3649,0,"2023-09-13","2023-09-13","2024-04-30",0.0,Não,,"Instalação e manutenção de sistemas centrais de ar condicionado, de ventilação e refrigeração",SP,Sudeste,SAO PAULO,PENHA DE FRANCA
3650,0,"2023-09-14","2023-09-14","1900-01-01",0.0,Não,,Administração de obras,BA,Nordeste,PAULO AFONSO,CENTRO
3651,0,"2023-09-14","2023-09-14","2024-02-29",0.0,Não,,Serviços de engenharia,MG,Sudeste,UBERABA,SAO BENEDITO
3652,0,"2023-09-14","2023-09-14","2025-05-31",2000000.0,Não,,Lavanderias,RN,Nordeste,GOIANINHA,NOVO HORIZONTE
3653,0,"2023-09-15","2023-09-15","2024-09-30",5000000.0,Não,,Navegação de apoio portuário,PE,Nordeste,JABOATÃO DOS GUARARAPES,Prazeres
3654,0,"2022-03-08","2023-09-15","2024-02-29",20000000,Não,,Fabricação de azulejos e pisos,SP,Sudeste,RIO CLARO,ASSISTENCIA
3655,945,"2022-08-08","2025-07-21","2025-12-31",18000000,Não,,Produção de ovos,PR,Sul,CARAMBEÍ,Jardim Primavera
3656,945,"2022-08-08","2025-07-21","2025-12-31",18000000,Não,,Sem Segmento,PR,Sul,LAPA,LAGEADO GRANDE
3657,808,"2022-09-26","2025-07-01","2025-10-31",1200000.0,Não,"2023-09-20",Tecelagem de fios de fibras artificiais e sintéticas,SC,Sul,FORQUILHINHA,SANTA ISABEL
3658,885,"2023-08-02","2025-10-21","2026-03-31",4200000.0,Não,,"Fabricação de conservas de legumes e outros vegetais, exceto palmito",SP,Sudeste,SOROCABA,BRIGADEIRO TOBIAS
3659,885,"2023-08-28","2025-10-21","2026-03-31",4200000.0,Não,,Comércio atacadista especializado em outros produtos alimentícios não especificados anteriormente,MG,Sudeste,BELO HORIZONTE,Goiânia
3660,0,"2023-08-11","2023-09-18","2024-02-29",6500000.0,Não,,Comércio atacadista especializado em outros produtos intermediários não especificados anteriormente,SC,Sul,POMERODE,RIBEIRAO AREIA
3661,0,"2023-09-18","2023-09-18","2025-10-31",5000000.0,Não,,Lavanderias,RN,Nordeste,GOIANINHA,NOVO HORIZONTE
3662,0,"2023-09-12","2023-09-19","2024-02-29",4800000.0,Não,,Sem Segmento,PR,Sul,LONDRINA,Guanabara
3663,0,"2023-09-19","2023-09-19","2025-12-31",5000000.0,Não,,Obras de montagem industrial,MG,Sudeste,IPATINGA,BOM RETIRO
3664,889,"2023-08-18","2023-09-19","2024-02-29",25000000,Sim,"2023-10-04",Extração de amianto,GO,Centro Oeste,MINACU,VILA SAMA
3665,0,"2023-09-19","2023-09-19","2024-02-29",0.0,Não,,"Fabricação de máquinas e equipamentos para a agricultura e pecuária, peças e acessórios, exceto para irrigação",PR,Sul,MARINGA,JARDIM NOVO ALVORADA
3666,0,"2023-09-19","2025-08-11","2025-09-30",440000000,Não,,"Outras sociedades de participação, exceto holdings",SP,Sudeste,SÃO PAULO,Bela Vista
3667,0,"2023-09-21","2023-09-21","2024-02-29",0.0,Não,,"Serviços de cartografia, topografia e geodésia",GO,Centro Oeste,GOIANIA,SET TRES MARIAS I
3668,888,"2023-09-13","2024-05-07","2024-06-30",8000000.0,Sim,"2024-08-07",Fabricação de resinas termoplásticas,SP,Sudeste,BARUERI,JARDIM SANTA CECILIA
3669,0,"2023-09-21","2023-09-21","1900-01-01",0.0,Não,,Fabricação de móveis com predominância de metal,SP,Sudeste,ITAQUAQUECETUBA,ESTACAO
3670,0,"2023-09-21","2023-09-21","1900-01-01",0.0,Não,,Operador de transporte multimodal - OTM,SP,Sudeste,GUARULHOS,JARDIM DAS NACOES
3671,0,"2023-08-18","2024-07-08","2024-10-31",4000000.0,Não,,Comércio atacadista de matérias-primas agrícolas não especificadas anteriormente,SP,Sudeste,SANTA CRUZ DO RIO PARDO,ZONA RURAL
3672,0,"2023-09-25","2023-09-25","2024-02-29",0.0,Não,,Limpeza em prédios e em domicílios,PB,Nordeste,JOAO PESSOA,ERNANI SATIRO
3673,0,"2023-09-25","2023-09-25","2024-03-31",0.0,Não,,Limpeza em prédios e em domicílios,PE,Nordeste,RECIFE,IMBIRIBEIRA
3674,0,"2023-09-26","2023-09-26","2024-02-29",0.0,Não,,Comércio atacadista de bombas e compressores; partes e peças,SP,Sudeste,SAO PAULO,BELENZINHO
3675,0,"2023-09-26","2023-09-26","1900-01-01",0.0,Não,,"Fabricação de aparelhos e equipamentos de medida, teste e controle",SP,Sudeste,VALINHOS,VILA EMBARE
3676,0,"2023-09-26","2023-09-26","2026-02-28",10000000,Não,,Serviço de corte e dobra de metais,SP,Sudeste,BARUERI,JARDIM PARAISO
3677,0,"2023-09-27","2023-09-27","2024-02-29",0.0,Não,,Obras de acabamento em gesso e estuque,PB,Nordeste,JOAO PESSOA,GRAMAME
3678,0,"2023-09-28","2023-09-28","2025-12-31",5000000.0,Não,,"Fabricação de outros artefatos e produtos de concreto, cimento, fibrocimento, gesso e materiais semelhantes",SP,Sudeste,RIBEIRAO PRETO,PQ RIBEIRAO PRETO
3679,0,"2023-09-28","2023-09-28","2024-08-31",0.0,Não,,"Serviços de cartografia, topografia e geodésia",SP,Sudeste,SANTO ANDRE,CENTRO
3680,0,"2023-09-28","2023-09-28","2025-11-30",5000000.0,Não,,"Manutenção e reparação de geradores, transformadores e motores elétricos",PE,Nordeste,RECIFE,AFOGADOS
3681,0,"2023-09-28","2023-09-28","2024-03-31",0.0,Não,,"Fabricação de equipamentos hidráulicos e pneumáticos, peças e acessórios, exceto válvulas",PR,Sul,CAMPO LARGO,RONDINHA
3682,0,"2023-09-29","2023-09-29","2025-08-31",5000000.0,Não,,Construção de edifícios,TO,Norte,PALMAS,PLANO DIRETOR SUL
3683,0,"2023-09-27","2024-02-08","2025-12-31",30000000,Não,,Comércio atacadista de cereais e leguminosas beneficiados,TO,Norte,COLINAS DO TOCANTINS,CAMPINAS
3684,902,"2023-09-27","2023-10-25","2024-03-31",6000000.0,Não,,Holdings de instituições não-financeiras,SP,Sudeste,SÃO PAULO,Cidade Monções
3685,0,"2023-09-29","2023-09-29","1900-01-01",0.0,Não,,"Serviço de preparação de terreno, cultivo e colheita",MG,Sudeste,UBERLANDIA,ANA ANGELICA (LOTEAMENTO)
3686,0,"2023-08-30","2023-10-10","2024-02-29",5000000.0,Não,,Comércio por atacado de peças e acessórios novos para veículos automotores,SC,Sul,ITAJAI,CORDEIROS
3687,333,"2023-10-02","2025-08-11","2025-11-30",440000000,Sim,"2024-09-26",Fabricação de álcool,GO,Centro Oeste,ITAPACI,rural
3688,892,"2023-09-18","2025-10-24","2025-12-31",710000000,Não,,Incorporação de empreendimentos imobiliários,SP,Sudeste,AMERICANA,Jardim Girassol
3689,892,"2023-09-18","2025-10-24","2025-12-31",710000000,Não,,Incorporação de empreendimentos imobiliários,SP,Sudeste,RIO CLARO,Centro
3690,892,"2023-09-18","2025-10-24","2025-12-31",710000000,Não,,Incorporação de empreendimentos imobiliários,SP,Sudeste,RIO CLARO,Cidade Jardim
3691,892,"2023-09-18","2025-10-24","2025-12-31",710000000,Não,,Incorporação de empreendimentos imobiliários,SP,Sudeste,RIO CLARO,Vila do Rádio
3692,892,"2023-09-18","2025-10-24","2025-12-31",710000000,Não,,Incorporação de empreendimentos imobiliários,SP,Sudeste,RIO CLARO,JARDIM EUROPA
3693,892,"2023-09-18","2025-10-24","2025-12-31",710000000,Não,,Incorporação de empreendimentos imobiliários,SP,Sudeste,RIO CLARO,Centro
3694,892,"2023-09-18","2025-10-24","2025-12-31",710000000,Não,,Incorporação de empreendimentos imobiliários,SP,Sudeste,RIO CLARO,Vila do Rádio
3695,892,"2023-09-18","2025-10-24","2025-12-31",710000000,Não,,Incorporação de empreendimentos imobiliários,SP,Sudeste,RIO CLARO,Centro
3696,892,"2023-09-18","2025-10-24","2025-12-31",710000000,Não,,Incorporação de empreendimentos imobiliários,SP,Sudeste,RIO CLARO,Centro
3697,0,"2023-10-04","2023-10-04","1900-01-01",0.0,Não,,Fabricação de artefatos de cimento para uso na construção,SP,Sudeste,SAO PAULO,VILA PEDROSO
3698,0,"2023-10-04","2023-10-04","1900-01-01",0.0,Não,,Comércio varejista de materiais de construção em geral,SP,Sudeste,SOROCABA,JARDIM SOROCABA PARK
3699,0,"2023-10-04","2023-10-04","2024-03-31",0.0,Não,,Comércio varejista de materiais de construção em geral,SP,Sudeste,SOROCABA,PARQUE VITORIA REGIA
3700,0,"2023-10-04","2023-10-04","2025-11-30",10000000,Não,,Instalação e manutenção elétrica,SP,Sudeste,MATAO,NOVA MATAO
3701,0,"2023-10-05","2023-10-05","2024-03-31",0.0,Não,,Impermeabilização em obras de engenharia civil,SP,Sudeste,PIRACICABA,AREIAO
3702,0,"2023-10-05","2023-10-05","2026-02-28",10000000,Não,,Fabricação de artefatos de material plástico para outros usos não especificados anteriormente,SP,Sudeste,PIRACICABA,JARDIM ABAETE
3703,0,"2023-10-05","2023-10-05","1900-01-01",0.0,Não,,"Fabricação de equipamentos hidráulicos e pneumáticos, peças e acessórios, exceto válvulas",SP,Sudeste,VARZEA PAULISTA,JARDIM MARIA DE FATIMA
3704,0,"2023-09-06","2023-10-09","2024-02-29",19000000,Não,,Fabricação de produtos químicos orgânicos não especificados anteriormente,PE,Nordeste,RECIFE,Córrego do Jenipapo
3705,0,"2022-08-05","2024-10-02","2025-01-31",11000000,Não,,Construção de edifícios,MG,Sudeste,UBERLÂNDIA,Lidice
3706,0,"2023-09-26","2023-10-09","2025-12-31",30000000,Não,,Comércio atacadista de alimentos para animais,BA,Nordeste,LUIS EDUARDO MAGALHAES,JARDIM IMPERIAL
3707,0,"2023-10-09","2023-10-09","2026-01-31",5000000.0,Não,,Comércio atacadista de máquinas e equipamentos para uso industrial; partes e peças,SP,Sudeste,PIRACICABA,PARQUE SAO JORGE
3710,333,"2023-10-02","2025-08-11","2025-11-30",440000000,Não,,Fabricação de álcool,PE,Nordeste,CORTÊS,ZONA RURAL
3711,0,"2023-10-09","2023-09-29","2024-03-31",600000.0,Não,,Sem Segmento,RS,Sul,SANTA CRUZ DO SUL,Santo Inácio
3712,0,"2023-08-01","2023-10-10","2024-01-31",2896950.0,Não,,"Atividades de intermediação e agenciamento de serviços e negócios em geral, exceto imobiliários",SP,Sudeste,SAO PAULO,AGUA BRANCA
3713,0,"2022-08-24","2024-05-14","2024-09-30",3500000.0,Não,,Serviços combinados de escritório e apoio administrativo,SP,Sudeste,SAO PAULO,BRAS
3714,0,"2023-09-12","2023-11-10","2024-03-31",3500000.0,Não,,Fabricação de biscoitos e bolachas,PR,Sul,ROLÂNDIA,Parque Industrial Cafezal
3715,0,"2023-10-17","2023-10-17","2024-03-31",0.0,Não,,Comércio atacadista de outras máquinas e equipamentos não especificados anteriormente; partes e peças,SP,Sudeste,EMBU DAS ARTES,JARDIM VISTA ALEGRE
3716,0,"2023-10-18","2023-10-18","1900-01-01",0.0,Não,,Construção de edifícios,GO,Centro Oeste,FORMOSA,SETOR NORDESTE
3719,333,"2023-10-02","2025-08-11","2025-11-30",440000000,Sim,"2024-09-26",Fabricação de álcool,GO,Centro Oeste,ITAPURANGA,ZONA RURAL
3720,0,"2023-10-20","2023-10-20","2025-12-31",5000000.0,Não,,Construção de edifícios,MG,Sudeste,CARLOS CHAGAS,CENTRO
3721,890,"2023-08-28","2025-10-31","2026-01-31",20000000,Não,,"Comércio atacadista de instrumentos e materiais para uso médico, cirúrgico, hospitalar e de laboratórios",GO,Centro Oeste,GOIÂNIA,Jardim da Luz
3722,890,"2023-09-15","2023-10-23","2024-03-31",20000000,Não,,Comércio atacadista de medicamentos e drogas de uso humano,GO,Centro Oeste,GOIÂNIA,Jardim da Luz
3723,0,"2023-10-20","2023-10-23","2024-03-31",1000.0,Não,,"Fabricação de outras máquinas e equipamentos de uso geral não especificados anteriormente, peças e acessórios",PR,Sul,CASCAVEL,BRAZMADEIRA
3724,0,"2023-10-19","2023-10-23","2024-03-31",430000.0,Não,,Outras atividades de serviços prestados principalmente às empresas não especificadas anteriormente,SP,Sudeste,SAO PAULO,VILA MASCOTE
3725,0,"2023-10-19","2023-10-23","2024-03-31",1000.0,Não,,"Comércio atacadista de produtos de higiene, limpeza e conservação domiciliar",PR,Sul,LONDRINA,JARDIM BURLE MARX
3726,0,"2023-10-19","2023-10-23","2024-03-31",1000.0,Não,,Comércio varejista de outros produtos não especificados anteriormente,SP,Sudeste,SAO PAULO,JARDIM SAO PAULO(ZONA NORTE)
3727,0,"2023-09-29","2023-10-23","2024-02-29",5000000.0,Não,,Incorporação de empreendimentos imobiliários,SC,Sul,FLORIANOPOLIS,CENTRO
3728,0,"2023-10-05","2023-10-23","2024-02-29",100000.0,Não,,Sem Segmento,GO,Centro Oeste,GOIÂNIA,Jardim Florença
3729,0,"2023-09-12","2025-11-11","2026-02-28",3000000.0,Não,,Fabricação de artefatos de material plástico para outros usos não especificados anteriormente,SC,Sul,URUSSANGA,SAO PEDRO
3730,0,"2023-10-23","2023-10-23","2024-03-31",500.0,Não,,Comércio atacadista de máquinas e equipamentos para uso industrial; partes e peças,PR,Sul,LONDRINA,BANDEIRANTES
3731,0,"2023-10-23","2023-10-23","2024-03-31",1000.0,Não,,"Comércio atacadista de frutas, verduras, raízes, tubérculos, hortaliças e legumes frescos",PR,Sul,IBIPORA,CASA GRANDE
3732,0,"2023-10-23","2023-10-23","2024-03-31",500.0,Não,,Comércio atacadista de água mineral,PR,Sul,LONDRINA,CENTRO
3733,0,"2023-10-19","2023-10-25","2024-03-31",3000000.0,Não,,Comércio atacadista de óleos e gorduras,ES,Sudeste,SERRA,JACUHY
3734,0,"2023-04-03","2025-05-29","2025-09-30",100000.0,Sim,"2025-06-02",Atividades de apoio à agricultura não especificadas anteriormente,SP,Sudeste,SÃO PAULO,Cerqueira César
3735,902,"2023-10-23","2023-10-25","2024-03-31",6000000.0,Não,,"Atividades de consultoria em gestão empresarial, exceto consultoria técnica específica",SP,Sudeste,SÃO PAULO,Cidade Monções
3736,902,"2023-09-26","2023-10-25","2024-03-31",6000000.0,Não,,"Atividades de consultoria em gestão empresarial, exceto consultoria técnica específica",SP,Sudeste,SÃO PAULO,Cidade Monções
3737,0,"2023-10-25","2023-10-25","2024-04-30",0.0,Não,,Serviços de engenharia,SP,Sudeste,SAO PAULO,SUMAREZINHO
3738,0,"2023-10-27","2023-10-27","1900-01-01",0.0,Não,,Extração de outros minerais não-metálicos não especificados anteriormente,MG,Sudeste,MONTES CLAROS,ELDORADO
3739,0,"2023-10-30","2023-10-30","2026-03-31",5000000.0,Não,,Comércio a varejo de peças e acessórios novos para veículos automotores,RN,Nordeste,NATAL,ALECRIM
3740,0,"2023-10-30","2023-10-30","1900-01-01",0.0,Não,,"Fabricação de estruturas pré-moldadas de concreto armado, em série e sob encomenda",MG,Sudeste,MONTES CLAROS,MORRINHOS
3741,0,"2023-10-17","2023-10-30","2026-04-30",30000000,Não,,Comércio atacadista de cereais e leguminosas beneficiados,TO,Norte,ALVORADA,JORGE FIGUEIRAS
3742,0,"2023-10-27","2024-01-11","2025-12-31",30000000,Não,,Comércio atacadista de cereais e leguminosas beneficiados,TO,Norte,DIANOPOLIS,INDUSTRIAL
3743,0,"2022-05-30","2025-08-22","2026-01-31",10100000,Não,,Construção de edifícios,PR,Sul,CURITIBA,Cristo Rei
3744,917,"2020-06-30","2024-05-03","2024-05-31",9000000.0,Não,,Frigorífico - abate de bovinos,SP,Sudeste,PRESIDENTE PRUDENTE,Jardim Bom-Mart
3745,0,"2022-10-19","2025-09-17","2026-01-31",50000000,Não,,Frigorífico - abate de bovinos,MT,Centro Oeste,COLÍDER,SETOR INDUSTRIAL III
3746,0,"2023-03-09","2025-05-12","2025-08-31",1715000.0,Não,,Fabricação de cervejas e chopes,PR,Sul,TOLEDO,JARDIM GISELA
3751,0,"2023-10-04","2023-11-07","2024-04-30",25000000,Não,,Sem Segmento,SP,Sudeste,CATANDUVA,Centro
3752,0,"2023-11-07","2023-11-07","1900-01-01",0.0,Não,,"Fabricação de outras máquinas e equipamentos de uso geral não especificados anteriormente, peças e acessórios",GO,Centro Oeste,ITUMBIARA,SETOR SANTA RITA
3763,0,"2023-11-07","2023-11-09","2024-04-30",3000000.0,Não,,Criação de bovinos para corte,SP,Sudeste,BIRIGUI,TUPI
3764,0,"2023-11-07","2023-11-09","2024-04-30",2000000.0,Não,,Comércio atacadista especializado em outros produtos alimentícios não especificados anteriormente,SP,Sudeste,ITAPEVI,ITAQUI
3765,0,"2023-11-08","2023-11-09","2026-01-31",30000000,Não,,Comércio atacadista de cereais e leguminosas beneficiados,BA,Nordeste,CORRENTINA,PRIMAVERA DO OESTE- A
3766,491,"2023-11-09","2025-09-19","2026-01-31",31677000,Não,,Sem Segmento,GO,Centro Oeste,LUZIÂNIA,Parque Estrela Dalva VII
3767,0,"2023-11-13","2023-11-13","2026-03-31",10000000,Não,,"Serviços de cartografia, topografia e geodésia",MG,Sudeste,BELO HORIZONTE,São Paulo
3768,831,"2023-10-17","2025-10-03","2025-12-31",2700000.0,Sim,"2025-02-11",Comércio atacadista de carnes bovinas e suínas e derivados,GO,Centro Oeste,GOIANIRA,Área Rural
3769,0,"2022-08-29","2025-08-22","2025-11-30",35000000,Sim,"2024-04-23",Comércio atacadista de medicamentos e drogas de uso humano,SP,Sudeste,BAURU,Jardim Contorno
3770,0,"2023-08-18","2024-05-06","2024-09-30",5000000.0,Não,,Fabricação de artefatos de borracha não especificados anteriormente,SP,Sudeste,SAO ROQUE,PARQUE IX DE JULHO
3771,0,"2023-11-14","2023-11-14","2025-12-31",5000000.0,Não,,"Atividades de consultoria em gestão empresarial, exceto consultoria técnica específica",SP,Sudeste,SAO PAULO,VILA MARIANA
3772,900,"2023-10-06","2025-10-07","2025-12-31",10990000,Sim,"2025-05-16",Comércio atacadista de café em grão,MG,Sudeste,PATROCÍNIO,Morada do Sol
3773,0,"2023-11-14","2023-11-14","1900-01-01",0.0,Não,,Sem Segmento,SP,Sudeste,SÃO PAULO,Jardim Santa Emília
3774,0,"2023-11-13","2023-11-16","2024-04-30",2000000.0,Não,,"Fundos de investimento, exceto previdenciários e imobiliários",SP,Sudeste,SAO PAULO,ITAIM BIBI
3775,0,"2023-11-15","2023-11-21","2025-12-31",30000000,Não,,Comércio atacadista de cereais e leguminosas beneficiados,TO,Norte,ALVORADA,CENTRO
3776,0,"2023-11-22","2023-11-22","2025-12-31",5000000.0,Não,,"Transporte rodoviário de carga, exceto produtos perigosos e mudanças, municipal",SP,Sudeste,SAO PAULO,PENHA DE FRANCA
3777,0,"2023-11-22","2023-11-22","2025-06-30",10000000,Não,,Construção de edifícios,SP,Sudeste,RIO CLARO,CENTRO
3778,0,"2023-11-22","2023-11-22","2025-12-31",5000000.0,Não,,Construção de edifícios,MG,Sudeste,MONTES CLAROS,DISTRITO INDUSTRIAL
3779,0,"2023-11-22","2023-11-22","2024-04-30",0.0,Não,,Construção de edifícios,BA,Nordeste,CORRENTINA,CIDADE ROSÁRIO
3780,0,"2023-11-23","2023-11-23","2025-12-31",5000000.0,Não,,Obras de fundações,MG,Sudeste,BELO HORIZONTE,SANTA TEREZA
3781,909,"2023-11-24","2023-11-24","2024-07-31",2000000.0,Não,,Comércio varejista de outros produtos não especificados anteriormente,SP,Sudeste,SÃO PAULO,Pari
3782,0,"2023-11-24","2023-11-24","2025-06-30",5000000.0,Não,,Sem Segmento,MT,Centro Oeste,PRIMAVERA DO LESTE,ZONA RURAL
3783,0,"2023-11-27","2023-11-27","2026-03-31",10000000,Não,,Montagem e desmontagem de andaimes e outras estruturas temporárias,SP,Sudeste,ITU,RANCHO GRANDE
3784,0,"2022-07-06","2024-07-23","2024-11-30",2000000.0,Não,,Fabricação de laticínios,SC,Sul,GUARACIABA,DISTRITO INDUSTRIAL
3785,0,"2022-11-23","2025-10-21","2026-03-31",15000000,Não,,"Comércio atacadista de defensivos agrícolas, adubos, fertilizantes e corretivos do solo",MG,Sudeste,ARAGUARI,GOIAS
3786,898,"2023-10-04","2023-11-28","2024-04-30",2500000.0,Não,,Moagem e fabricação de produtos de origem vegetal não especificados anteriormente,MG,Sudeste,UBERLANDIA,INDUSTRIAL
3787,898,"2023-10-05","2023-11-28","2024-04-30",2500000.0,Não,,"Fabricação de adubos e fertilizantes, exceto organo-minerais",MG,Sudeste,UBERLANDIA,JARDIM PANORAMA
3788,0,"2023-05-05","2024-12-20","2025-04-30",35000000,Não,,Extração de carvão mineral,SC,Sul,CRICIUMA,CENTRO
3789,0,"2023-08-17","2023-11-28","2024-04-30",3000000.0,Não,,Fabricação de amidos e féculas de vegetais,SP,Sudeste,IBIRAREMA,agua do pau d'alho
3790,0,"2023-01-31","2024-06-03","2024-09-30",1500000.0,Não,,"Transporte rodoviário de carga, exceto produtos perigosos e mudanças, intermunicipal, interestadual e internacional",PR,Sul,CASCAVEL,Cascavel Velho
3791,0,"2023-11-15","2023-11-28","2024-04-30",2000000.0,Não,,"Comércio atacadista de cereais e leguminosas beneficiados, farinhas, amidos e féculas, com atividade de fracionamento e acondicionamento associada",GO,Centro Oeste,APARECIDA DE GOIANIA,JARDIM OLIMPICO
3792,0,"2023-11-28","2023-11-28","2025-08-31",10000000,Não,,Sem Segmento,GO,Centro Oeste,BONÓPOLIS,ZONA RURAL
3793,0,"2023-11-28","2023-11-28","2024-05-31",0.0,Não,,Sem Segmento,DF,Centro Oeste,PARANOA,ZONA RURAL
3794,0,"2023-11-28","2023-11-28","2025-08-31",10000000,Não,,Sem Segmento,MG,Sudeste,PARACATU,BELA VISTA I
3795,0,"2023-11-28","2023-11-28","2026-02-28",10000000,Não,,Sem Segmento,MT,Centro Oeste,NOVO SÃO JOAQUIM,ZONA RURAL
3796,0,"2023-11-28","2023-11-28","2024-05-31",0.0,Não,,Sem Segmento,GO,Centro Oeste,JOVIÂNIA,ZONA RURAL
3797,0,"2023-11-28","2023-11-28","2026-03-31",10000000,Não,,Sem Segmento,MT,Centro Oeste,SÃO JOSÉ DO XINGU,ZONA RURAL
3798,0,"2023-11-28","2023-11-28","2026-03-31",10000000,Não,,AGRO,BA,Nordeste,JABORANDI,ZONA RURAL
3799,0,"2023-11-28","2023-11-28","2024-05-31",0.0,Não,,Sem Segmento,PR,Sul,MARINGA,ZONA 01
3800,0,"2023-11-28","2023-11-28","2024-05-31",0.0,Não,,Sem Segmento,GO,Centro Oeste,CRISTALINA,""
3801,0,"2023-11-28","2023-11-28","2026-03-31",10000000,Não,,Sem Segmento,MG,Sudeste,ARAXA,JOSE FERREIRA GUIMARAES MANGUEIRA II
3802,0,"2023-11-28","2023-11-28","2024-05-31",0.0,Não,,Sem Segmento,DF,Centro Oeste,BRASILIA,SUL AGUAS CLARAS
3803,0,"2023-11-28","2023-11-28","2024-05-31",0.0,Não,,Sem Segmento,MG,Sudeste,ARAXA,CENTRO
3804,0,"2023-11-28","2023-11-28","2025-08-31",10000000,Não,,Sem Segmento,GO,Centro Oeste,SILVANIA,CENTRO
3805,0,"2023-11-28","2023-11-28","2025-09-30",10000000,Não,,Sem Segmento,GO,Centro Oeste,GAMELEIRA DE GOIAS,ZONA RURAL
3806,0,"2023-11-28","2023-11-28","2024-05-31",0.0,Não,,Sem Segmento,BA,Nordeste,RIACHÃO DAS NEVES,BAIRRO .
3807,0,"2023-11-28","2023-11-28","2025-06-30",10000000,Não,,Sem Segmento,GO,Centro Oeste,GOIATUBA,""
3808,0,"2023-11-28","2023-11-28","2024-06-30",0.0,Não,,Sem Segmento,GO,Centro Oeste,ALTO HORIZONTE,ZONA RURAL
3809,0,"2023-11-28","2023-11-28","2024-05-31",0.0,Não,,Sem Segmento,BA,Nordeste,SÃO DESIDÉRIO,JD PARAISO
3810,0,"2023-11-28","2023-11-28","2026-02-28",10000000,Não,,Sem Segmento,MG,Sudeste,ARAGUARI,GOIAS
3811,0,"2023-11-28","2023-11-28","2024-04-30",0.0,Não,,Sem Segmento,GO,Centro Oeste,JOVIANIA,S CENTRAL
3812,0,"2023-10-31","2024-12-27","2025-01-31",13380000,Não,,Outras obras de engenharia civil não especificadas anteriormente,RJ,Sudeste,RIO DE JANEIRO,CENTRO
3813,0,"2023-11-24","2023-12-14","2024-02-29",2000000.0,Não,,Incorporação de empreendimentos imobiliários,SP,Sudeste,SAO PAULO,VILA OLIMPIA
3814,0,"2023-11-30","2023-11-30","2026-02-28",10000000,Não,,Atividades de apoio à agricultura não especificadas anteriormente,TO,Norte,PORTO NACIONAL,SETOR PORTO REAL
3815,0,"2023-11-30","2023-11-30","2024-05-31",0.0,Não,,Obras de acabamento em gesso e estuque,PB,Nordeste,JOAO PESSOA,IPES
3816,911,"2023-01-06","2025-09-29","2026-02-28",30000000,Não,,Metalurgia do cobre,SC,Sul,JOINVILLE,Zona Industrial Norte
3817,923,"2023-11-14","2025-07-28","2025-12-31",6000000.0,Não,,Fabricação de peças e acessórios para o sistema de freios de veículos automotores,SP,Sudeste,SOROCABA,JARDIM FACULDADE
3818,0,"2023-12-05","2023-12-05","2024-03-31",23000000,Não,,"Fundos de investimento, exceto previdenciários e imobiliários",SP,Sudeste,SAO PAULO,JARDIM PAULISTANO
3819,0,"2023-11-23","2024-06-24","2024-11-30",2000000.0,Não,,Sem Segmento,SP,Sudeste,SÃO PAULO,Jardim Gilda Maria
3820,0,"2023-11-10","2023-12-06","2024-04-30",15000000,Não,,Fabricação de álcool,SP,Sudeste,ARAÇATUBA,Chácaras Paraíso
3821,0,"2023-12-06","2023-12-06","2024-05-31",0.0,Não,,Construção de edifícios,DF,Centro Oeste,BRASILIA,SUL (AGUAS CLARAS)
3822,0,"2023-12-07","2023-12-07","2024-05-31",0.0,Não,,Desenvolvimento e licenciamento de programas de computador não-customizáveis,SP,Sudeste,SAO PAULO,BROOKLIN NOVO
3823,0,"2023-10-20","2023-12-12","2024-03-31",1000000.0,Não,,Processamento industrial do fumo,RS,Sul,VERA CRUZ,DISTRITO INDUSTRIAL
3845,0,"2023-12-11","2023-12-12","2024-05-31",500000.0,Não,,"Fundos de investimento, exceto previdenciários e imobiliários",SP,Sudeste,SAO PAULO,JARDIM PAULISTANO
3846,0,"2022-08-04","2023-12-12","2024-02-29",4000000.0,Não,,Comércio atacadista de matérias-primas agrícolas não especificadas anteriormente,MT,Centro Oeste,CAMPO NOVO DO PARECIS,CENTRO
3847,0,"2022-08-04","2023-12-12","2024-02-29",4000000.0,Não,,Sem Segmento,GO,Centro Oeste,CATALAO,SETOR CENTRAL
3848,0,"2022-08-04","2023-12-12","2024-02-29",4000000.0,Não,,Sem Segmento,MS,Centro Oeste,AQUIDAUANA,CENTRO
3849,910,"2022-06-28","2025-09-29","2025-12-31",2500000.0,Sim,"2023-11-28",Curtimento e outras preparações de couro,PR,Sul,APUCARANA,Parque Industrial Zona Oeste
3850,910,"2023-11-28","2025-09-29","2025-12-31",2500000.0,Não,,Preparação de subprodutos do abate,PR,Sul,APUCARANA,Parque Industrial Zona Oeste
3851,0,"2023-11-01","2024-01-29","2024-03-31",8500000.0,Não,,"Fabricação de adubos e fertilizantes, exceto organo-minerais",SP,Sudeste,LEME,CENTER COMERCIAL DO BOSQUE
3852,0,"2023-10-09","2024-04-08","2024-08-31",4000000.0,Não,,Fabricação de produtos de carne,SP,Sudeste,SÃO PAULO,Itaim Bibi
3853,0,"2023-12-15","2023-12-15","2026-03-31",10000000,Não,,Serviços de engenharia,SP,Sudeste,SAO PAULO,CAMPO BELO
3854,0,"2023-12-15","2023-12-15","2026-02-28",10000000,Não,,Instalação e manutenção elétrica,SP,Sudeste,GUARULHOS,VILA CARMELA I
3855,0,"2023-10-04","2023-12-18","2024-05-31",5000000.0,Não,,Fabricação de artefatos de material plástico para outros usos não especificados anteriormente,PR,Sul,QUATRO BARRAS,QUATRO BARRAS
3856,0,"2023-11-07","2023-12-18","2024-05-31",10000000,Não,,Comércio por atacado de peças e acessórios novos para veículos automotores,GO,Centro Oeste,GOIANIA,SETOR BUENO
3857,0,"2023-11-21","2023-12-18","2024-05-31",1500000.0,Não,,Comércio atacadista especializado em outros produtos alimentícios não especificados anteriormente,SP,Sudeste,SAO PAULO,VILA MADALENA
3858,0,"2023-12-11","2024-02-20","2024-07-31",65000000,Sim,"2024-03-27",Comércio varejista de outros produtos não especificados anteriormente,SP,Sudeste,SAO PAULO,INDIANOPOLIS
3859,0,"2023-12-20","2023-12-20","2025-11-30",10000000,Não,,Comércio atacadista de cimento,SP,Sudeste,RIO CLARO,DIST. INDUSTRIAL
3860,0,"2023-12-20","2023-12-20","1900-01-01",0.0,Não,,Preparação de massa de concreto e argamassa para construção,SP,Sudeste,COSMOPOLIS,ITAPAVUSSU
3861,0,"2023-12-20","2023-12-20","2026-01-31",10000000,Não,,"Fabricação de artigos de serralheria, exceto esquadrias",SP,Sudeste,RIO CLARO,JARDIM QUITANDINHA
3862,0,"2023-12-20","2023-12-20","1900-01-01",0.0,Não,,Comércio varejista de ferragens e ferramentas,SP,Sudeste,RIO CLARO,RECANTO PARAISO
3863,0,"2023-12-20","2023-12-20","2026-02-28",10000000,Não,,Fabricação de artefatos de cimento para uso na construção,SP,Sudeste,LIMEIRA,JARDIM OLGA VERONI
3864,0,"2023-12-20","2023-12-20","2025-11-30",10000000,Não,,"Serviços combinados para apoio a edifícios, exceto condomínios prediais",SP,Sudeste,SUMARE,JARDIM BOM RETIRO
3865,0,"2023-12-20","2023-12-20","2025-11-30",10000000,Não,,Serviços de engenharia,SP,Sudeste,SAO PAULO,JARDIM SAO SAVERIO
3866,0,"2023-12-20","2023-12-20","1900-01-01",0.0,Não,,"Aparelhamento de placas e execução de trabalhos em mármore, granito, ardósia e outras pedras",SP,Sudeste,LIMEIRA,JARDIM SANTO ANDRE
3867,0,"2023-12-20","2023-12-20","2026-03-31",10000000,Não,,Preparação de massa de concreto e argamassa para construção,SP,Sudeste,CHARQUEADA,CENTRO
3868,0,"2023-12-20","2023-12-20","2025-11-30",10000000,Não,,Serviços de pintura de edifícios em geral,SP,Sudeste,SAO JOSE DOS CAMPOS,JARDIM SATELITE
3869,0,"2023-12-20","2023-12-20","1900-01-01",0.0,Sim,"2024-08-09","Fabricação de fios, cabos e condutores elétricos isolados",SP,Sudeste,DIADEMA,CONCEICAO
3870,0,"2023-12-20","2023-12-20","1900-01-01",0.0,Não,,Comércio varejista de madeira e artefatos,SP,Sudeste,LIMEIRA,BAIRRO DOS PIRES
3871,0,"2023-12-20","2023-12-20","1900-01-01",0.0,Não,,Fabricação de artefatos de cimento para uso na construção,SP,Sudeste,SANTA BARBARA D'OESTE,CAIUBI
3872,0,"2023-12-20","2023-12-20","2026-01-31",10000000,Não,,Comércio varejista de ferragens e ferramentas,SP,Sudeste,CAMPINAS,Cidade Satélite Íris
3873,0,"2023-12-20","2023-12-20","1900-01-01",0.0,Não,,"Aluguel de máquinas e equipamentos para construção sem operador, exceto andaimes",SP,Sudeste,LIMEIRA,JARDIM OLGA VERONI
3874,0,"2023-12-20","2023-12-20","1900-01-01",0.0,Não,,Comércio varejista de materiais de construção em geral,SP,Sudeste,HORTOLANDIA,JARDIM AMANDA II
3875,0,"2023-12-20","2023-12-20","2025-12-31",10000000,Não,,Obras de terraplenagem,SP,Sudeste,RIO CLARO,CIDADE CLARET
3876,0,"2023-12-20","2023-12-20","1900-01-01",0.0,Não,,Comércio varejista de materiais de construção em geral,SP,Sudeste,SANTA BARBARA D'OESTE,JARDIM ADELIA II
3877,0,"2023-12-20","2023-12-20","2025-11-30",10000000,Não,,Obras de alvenaria,SP,Sudeste,SAO PAULO,VILA CARAGUATA
3878,0,"2023-12-20","2023-12-20","1900-01-01",0.0,Não,,Sem Segmento,SP,Sudeste,RIO CLARO,Distrito Industrial
3879,0,"2023-12-20","2023-12-20","1900-01-01",0.0,Não,,Comércio varejista de móveis,SP,Sudeste,IRACEMAPOLIS,CENTRO
3880,0,"2023-12-20","2023-12-20","1900-01-01",0.0,Não,,Aplicação de revestimentos e de resinas em interiores e exteriores,SP,Sudeste,AMERICANA,SITIO BOA VISTA
3881,0,"2023-12-20","2023-12-20","1900-01-01",0.0,Não,,"Fabricação de tintas, vernizes, esmaltes e lacas",SP,Sudeste,FRANCO DA ROCHA,CHACARAS MARISTELA
3882,0,"2023-12-20","2023-12-20","1900-01-01",0.0,Não,,Comércio atacadista de material elétrico,SP,Sudeste,SAO JOSE DO RIO PRETO,VILA UNIAO
3883,0,"2023-12-20","2023-12-20","1900-01-01",0.0,Não,,"Produção de relaminados, trefilados e perfilados de aço, exceto arames",SP,Sudeste,ENGENHEIRO COELHO,RURAL
3884,0,"2023-12-20","2023-12-20","2025-11-30",10000000,Não,,"Aparelhamento de placas e execução de trabalhos em mármore, granito, ardósia e outras pedras",ES,Sudeste,CACHOEIRO DE ITAPEMIRIM,LOCALIZADADE TIJUCA
3885,0,"2023-12-20","2023-12-20","1900-01-01",0.0,Não,,"Instalações hidráulicas, sanitárias e de gás",SP,Sudeste,SANTA BARBARA D'OESTE,JARDIM EUROPA IV
3886,0,"2023-12-20","2023-12-20","1900-01-01",0.0,Não,,Serviços de engenharia,SP,Sudeste,SAO CARLOS,CENTRO
3887,0,"2023-12-20","2023-12-20","1900-01-01",0.0,Não,,Serviços de pintura de edifícios em geral,SP,Sudeste,SUMARE,JARDIM MARIA ANTONIA (NOVA VENEZA)
3888,0,"2023-12-20","2023-12-20","1900-01-01",0.0,Não,,"Comércio varejista de cal, areia, pedra britada, tijolos e telhas",SP,Sudeste,ITAPEVI,CONDOMINIO NOVA SAO PAULO
3889,0,"2023-12-20","2023-12-20","1900-01-01",0.0,Não,,"Confecção de roupas profissionais, exceto sob medida",SP,Sudeste,AMERICANA,SAO MANOEL
3890,0,"2023-12-20","2023-12-20","2025-11-30",10000000,Não,,Instalação e manutenção elétrica,SP,Sudeste,PIRACICABA,VALE DO SOL
3891,0,"2023-12-20","2023-12-20","1900-01-01",0.0,Não,,Fabricação de esquadrias de metal,SP,Sudeste,ITAPETININGA,CHAPADA GRANDE
3892,0,"2023-12-20","2023-12-20","2026-04-30",10000000,Não,,Comércio varejista de materiais de construção não especificados anteriormente,SP,Sudeste,PIRACICABA,CENTRO
3893,0,"2023-12-20","2023-12-20","1900-01-01",0.0,Não,,Comércio varejista de móveis,SP,Sudeste,RIO CLARO,JD MATHEUS MANIERO
3894,0,"2023-12-20","2023-12-20","1900-01-01",0.0,Não,,Obras de acabamento em gesso e estuque,PI,Nordeste,LUZILANDIA,COHAB
3895,0,"2023-12-20","2023-12-20","1900-01-01",0.0,Não,,Serviços de engenharia,SP,Sudeste,LEME,VILA JOEST
3896,0,"2023-12-20","2023-12-20","1900-01-01",0.0,Não,,"Fabricação de fios, cabos e condutores elétricos isolados",SP,Sudeste,SÃO JOSÉ DOS CAMPOS,Chácaras Reunidas
3897,0,"2023-12-20","2023-12-20","1900-01-01",0.0,Não,,Comércio atacadista de material elétrico,SP,Sudeste,SAO JOSE DO RIO PRETO,DISTRITO INDUSTRIAL
3898,0,"2023-12-20","2023-12-20","1900-01-01",0.0,Não,,Restaurantes e similares,SP,Sudeste,SANTA GERTRUDES,CENTRO
3899,0,"2023-12-20","2023-12-20","2025-11-30",10000000,Não,,Outras obras de instalações em construções não especificadas anteriormente,SP,Sudeste,AMERICANA,JARDIM AMERICA
3920,207,"2022-03-22","2023-12-21","2024-02-29",45000000,Não,,"Fabricação de óleos vegetais em bruto, exceto óleo de milho",MT,Centro Oeste,CUIABÁ,Distrito Industrial
3921,0,"2023-12-22","2023-12-22","2024-06-30",0.0,Não,,Construção de edifícios,RJ,Sudeste,RIO DE JANEIRO,VILA ISABEL
3922,0,"2023-12-27","2023-12-27","1900-01-01",0.0,Não,,Serviços de pintura de edifícios em geral,PB,Nordeste,JOAO PESSOA,MANGABEIRA
3923,0,"2023-12-27","2023-12-27","2024-07-31",0.0,Não,,Limpeza em prédios e em domicílios,PB,Nordeste,JOAO PESSOA,AEROCLUBE
3924,0,"2023-12-28","2024-01-02","2024-06-30",1200000.0,Não,,"Fundos de investimento, exceto previdenciários e imobiliários",SP,Sudeste,SAO PAULO,ITAIM BIBI
3925,0,"2023-12-26","2024-01-03","2024-12-31",30000000,Não,,Comércio atacadista de cereais e leguminosas beneficiados,TO,Norte,COLINAS DO TOCANTINS,CENTRO
3926,0,"2024-01-03","2024-01-03","1900-01-01",0.0,Não,,Sem Segmento,SP,Sudeste,SAO PAULO,Cerqueira César
3927,0,"2024-01-04","2024-01-04","2024-06-30",0.0,Não,,Sem Segmento,MG,Sudeste,MONTE CARMELO,AT VL NOVA
3928,0,"2024-01-04","2024-01-04","2024-06-30",0.0,Não,,Sem Segmento,GO,Centro Oeste,PARAUNA,CENTRO
3929,0,"2024-01-04","2024-01-04","2024-06-30",0.0,Não,,Sem Segmento,SC,Sul,FRAIBURGO,CENTRO
3930,0,"2024-01-04","2024-01-04","2024-06-30",0.0,Não,,Sem Segmento,GO,Centro Oeste,JOVIANIA,CUSTODIO
3931,0,"2024-01-04","2024-01-04","2025-06-30",5000000.0,Não,,Sem Segmento,GO,Centro Oeste,JOVIANIA,CENTRO
3932,0,"2024-01-04","2024-01-04","2024-06-30",0.0,Não,,Sem Segmento,GO,Centro Oeste,"",ZONA RURAL
3933,0,"2024-01-04","2024-01-04","2024-06-30",0.0,Não,,Sem Segmento,MG,Sudeste,GUARDA MOR,JK
3934,0,"2024-01-05","2024-01-05","2025-08-31",10000000,Não,,Sem Segmento,GO,Centro Oeste,"",ZONA RURAL
3935,0,"2024-01-05","2024-01-05","2024-06-30",0.0,Não,,Sem Segmento,GO,Centro Oeste,"",ZONA RURAL
3936,0,"2024-01-05","2024-01-05","2024-12-31",5000000.0,Não,,Sem Segmento,MG,Sudeste,UBERLÂNDIA,ZONA RURAL
3937,0,"2024-01-05","2024-01-05","2025-05-31",5000000.0,Não,,Sem Segmento,GO,Centro Oeste,PONTALINA,ZONA RURAL
3938,0,"2024-01-05","2024-01-05","2024-06-30",0.0,Não,,Sem Segmento,GO,Centro Oeste,MORRINHOS,CENTRO
3939,0,"2024-01-05","2024-01-05","2024-06-30",0.0,Não,,Sem Segmento,GO,Centro Oeste,GOIATUBA,""
3940,0,"2024-01-05","2024-01-05","2025-10-31",10000000,Não,,Sem Segmento,DF,Centro Oeste,BRASILIA,ST DE HABITACOES INDIVIDUAIS SUL
3941,0,"2024-01-05","2024-01-05","2024-06-30",0.0,Não,,Sem Segmento,GO,Centro Oeste,ACREÚNA,ZONA RURAL
3942,0,"2024-01-10","2024-01-10","2026-02-28",5000000.0,Não,,"Representantes comerciais e agentes do comércio de madeira, material de construção e ferragens",GO,Centro Oeste,GUAPO,CIDADE DE GUAPO
3943,0,"2024-01-10","2024-01-10","2024-07-31",0.0,Não,,Fabricação de artefatos de couro não especificados anteriormente,SP,Sudeste,SERTAOZINHO,JARDIM GRANDE ALIANCA
3944,0,"2024-01-10","2024-01-10","2026-02-28",10000000,Não,,Sem Segmento,PA,Norte,SAO GERALDO DO ARAGUAIA,ZONA RURAL
3945,0,"2024-01-10","2024-01-10","2024-06-30",0.0,Não,,Sem Segmento,GO,Centro Oeste,VICENTINOPOLIS,ZONA RURAL
3946,0,"2024-01-10","2024-01-10","2024-06-30",0.0,Não,,Sem Segmento,MG,Sudeste,ESTRELA DO SUL,ZONA RURAL
3947,0,"2024-01-10","2024-01-10","2026-04-30",10000000,Não,,Sem Segmento,MG,Sudeste,PEDRINOPOLIS,CENTRO
3948,0,"2024-01-10","2024-01-10","2026-02-28",10000000,Não,,Sem Segmento,MG,Sudeste,GUARDA MOR,JK
3949,910,"2023-11-27","2025-09-29","2025-12-31",2500000.0,Não,,Fabricação de artefatos de couro não especificados anteriormente,MT,Centro Oeste,CAMPO VERDE,DISTR.INDUSTRIAL III
3950,0,"2024-01-11","2024-01-11","2024-06-30",0.0,Não,,Comércio varejista de vidros,SP,Sudeste,SAO PAULO,VILA PRUDENTE
3951,0,"2024-01-11","2024-01-11","1900-01-01",0.0,Não,,Aplicação de revestimentos e de resinas em interiores e exteriores,SP,Sudeste,GUARULHOS,JARDIM SANTA FRANCISCA
3952,0,"2024-01-12","2024-01-12","2024-06-30",0.0,Não,,Sem Segmento,GO,Centro Oeste,EDEALINA,ZONA RURAL
3953,0,"2024-01-12","2024-01-12","2024-06-30",0.0,Não,,Sem Segmento,GO,Centro Oeste,"",ZONA RURAL
3954,0,"2024-01-12","2024-01-12","2025-05-31",5000000.0,Não,,Sem Segmento,GO,Centro Oeste,"",ZONA RURAL
3955,0,"2024-01-12","2024-01-12","2024-06-30",0.0,Não,,Sem Segmento,SP,Sudeste,AVARE,COLINA DA BOA VISTA
3956,0,"2024-01-12","2024-01-12","2024-06-30",0.0,Não,,Sem Segmento,SP,Sudeste,HOLAMBRA II,SP DOIS SETE ZERO
3957,0,"2024-01-12","2024-01-12","2024-12-31",5000000.0,Não,,Sem Segmento,GO,Centro Oeste,CROMINIA,ZONA RURAL
3958,0,"2024-01-12","2024-01-12","2025-08-31",10000000,Não,,Sem Segmento,GO,Centro Oeste,IVOLANDIA,ZONA RURAL
3959,0,"2024-01-15","2024-01-15","2024-06-30",0.0,Não,,Serviços especializados para construção não especificados anteriormente,SP,Sudeste,SAO PAULO,JARDIM VERA CRUZ(ZONA LESTE)
3960,0,"2023-11-23","2024-03-18","2024-07-31",4000000.0,Não,,"Fabricação de bicicletas e triciclos não-motorizados, peças e acessórios",PR,Sul,SARANDI,CONJUNTO FLORESTA
3961,0,"2023-08-17","2024-09-17","2025-01-31",1000000.0,Não,,Fabricação de adubos e fertilizantes organo-minerais,PR,Sul,FOZ DO IGUAÇU,Distrito Industrial de Foz do Iguaçu
3962,0,"2023-12-18","2025-08-08","2025-11-30",100000.0,Não,,Comércio varejista de carnes - açougues,MG,Sudeste,ARAGUARI,BOSQUE
3963,0,"2024-01-15","2024-01-15","2025-11-30",15000000,Não,,Obras de fundações,SP,Sudeste,AMERICANA,JD INDUSTRIAL WERNER PLAAS
3964,0,"2024-01-15","2024-01-15","2025-12-31",15000000,Não,,"Aluguel de máquinas e equipamentos para construção sem operador, exceto andaimes",SP,Sudeste,AMERICANA,VILA ISRAEL
3965,0,"2024-01-15","2024-01-15","2024-06-30",0.0,Não,,Sem Segmento,GO,Centro Oeste,MORRINHOS,V S O PEDRO
3966,0,"2024-01-15","2024-01-15","2024-06-30",0.0,Não,,Sem Segmento,GO,Centro Oeste,PONTALINA,ST CENTRAL
3967,0,"2024-01-15","2024-01-15","2025-11-30",10000000,Não,,Sem Segmento,GO,Centro Oeste,PONTALINA,CENTRO
3968,0,"2024-01-15","2024-01-15","2024-06-30",0.0,Não,,Sem Segmento,MG,Sudeste,SANTA JULIANA,ZONA RURAL
3969,0,"2024-01-15","2024-01-15","2024-06-30",0.0,Não,,Sem Segmento,MG,Sudeste,UBERABA,VL OLIMPICA
3970,0,"2024-01-03","2024-01-15","2025-12-31",30000000,Não,,Comércio atacadista de cereais e leguminosas beneficiados,TO,Norte,TAGUATINGA,SETOR BOM JESUS
3972,0,"2024-01-16","2024-01-16","1900-01-01",0.0,Não,,Sem Segmento,SP,Sudeste,SÃO PAULO,Pinheiros
3973,0,"2024-01-17","2024-01-17","2024-06-30",0.0,Não,,Sem Segmento,GO,Centro Oeste,"",ZONA RURAL
3974,0,"2024-01-17","2024-01-17","2024-06-30",0.0,Não,,Sem Segmento,GO,Centro Oeste,"",ZONA RURAL
3975,0,"2024-01-17","2024-01-17","2025-05-31",5000000.0,Não,,Sem Segmento,PI,Nordeste,SEBASTIÃO LEAL,CENTRO
3976,0,"2024-01-17","2024-01-17","2024-06-30",5000000.0,Não,,Bancos comerciais,SP,Sudeste,SAO PAULO,VILA NOVA CONCEICAO
3977,0,"2024-01-18","2024-01-18","2024-06-30",0.0,Não,,Serviços de engenharia,SP,Sudeste,SANTOS,MACUCO
3978,0,"2024-01-18","2024-01-18","2024-06-30",0.0,Não,,Comércio varejista de ferragens e ferramentas,PR,Sul,PARANAGUA,JARDIM SAMAMBAIA
3979,0,"2024-01-18","2024-01-18","1900-01-01",0.0,Não,,"Transporte rodoviário de carga, exceto produtos perigosos e mudanças, intermunicipal, interestadual e internacional",RS,Sul,SANTA CRUZ DO SUL,Distrito Industrial
3980,909,"2024-01-18","2023-11-24","2024-07-31",2000000.0,Não,,Fabricação de produtos cerâmicos refratários,SP,Sudeste,PIRAPORA DO BOM JESUS,JARDIM MORRO BRANCO
3981,0,"2024-01-19","2024-01-19","2024-06-30",0.0,Não,,"SERVICOS DE USINAGENS, TORNEARIA E SOLDA",GO,Centro Oeste,CATALAO,SETOR DONA MATILDE
3982,0,"2024-01-18","2024-01-19","2024-06-30",10000000,Não,,"Fabricação de óleos vegetais em bruto, exceto óleo de milho",MT,Centro Oeste,CUIABA,DISTRITO INDUSTRIAL
3983,892,"2024-01-19","2025-10-24","2025-12-31",710000000,Não,,Incorporação de empreendimentos imobiliários,SP,Sudeste,RIO CLARO,JARDIM EUROPA
3984,0,"2023-06-15","2024-08-20","2024-09-30",66000000,Não,,Incorporação de empreendimentos imobiliários,SP,Sudeste,ITAIM BIBI,ITAIM BIBI
3985,0,"2023-10-20","2024-01-22","2024-04-30",1000000.0,Não,,Comércio por atacado de peças e acessórios novos para veículos automotores,RS,Sul,NOVO HAMBURGO,GUARANI
3986,904,"2023-10-25","2024-01-22","2024-06-30",10000000,Não,,Instalação e manutenção elétrica,SP,Sudeste,SAO PAULO,MOOCA
3987,0,"2022-03-14","2024-01-22","2024-06-30",2000000.0,Sim,"2024-04-15",Recuperação de materiais plásticos,SP,Sudeste,INDAIATUBA,Centro Empresarial de Indaiatuba
3988,0,"2023-12-07","2024-01-22","2024-04-30",1500000.0,Não,,Comércio atacadista de soja,SP,Sudeste,SÃO PAULO,Jardim das Acácias
3989,0,"2024-01-22","2024-01-22","2026-01-31",5000000.0,Não,,Serviços de engenharia,TO,Norte,PORTO NACIONAL,JARDIM BRASILIA
3990,0,"2024-01-22","2024-01-22","1900-01-01",0.0,Não,,Montagem e desmontagem de andaimes e outras estruturas temporárias,MG,Sudeste,UBERABA,INDIANOPOLIS
3991,0,"2024-01-23","2024-01-23","2025-04-30",5000000.0,Não,,Comércio atacadista de máquinas e equipamentos para uso industrial; partes e peças,SP,Sudeste,RIBEIRAO PRETO,CENTRO
3992,0,"2024-01-23","2024-01-23","2025-09-30",10000000,Não,,Sem Segmento,MG,Sudeste,PARACATU,ZONA RURAL
3993,0,"2024-01-23","2024-01-23","2024-03-31",0.0,Não,,Sem Segmento,GO,Centro Oeste,MONTIVIDIU,ZONA RURAL
3994,0,"2024-01-23","2024-01-23","2025-10-31",10000000,Não,,Sem Segmento,BA,Nordeste,JABORANDI,ZONA RURAL
3995,0,"2024-01-23","2024-01-23","2024-06-30",0.0,Não,,Sem Segmento,GO,Centro Oeste,CRISTALINA,ZONA RURAL
3996,0,"2024-01-23","2024-01-23","2025-06-30",5000000.0,Não,,Sem Segmento,MG,Sudeste,PARACATU,JD SERRANO
3997,0,"2024-01-23","2024-01-23","2024-06-30",0.0,Não,,Sem Segmento,DF,Centro Oeste,BRASILIA,ST DE MANSOES DOM BOSCO LAGO SUL
3998,0,"2024-01-23","2024-01-23","2025-08-31",10000000,Não,,Sem Segmento,GO,Centro Oeste,CRISTALINA,ZONA RURAL
3999,0,"2024-01-23","2024-01-23","2025-08-31",10000000,Não,,Sem Segmento,DF,Centro Oeste,BRASILIA,PARANOA
4000,0,"2024-01-25","2024-01-25","2025-04-30",10000000,Não,,Sem Segmento,GO,Centro Oeste,GOIANIA,SUDOESTE
4001,0,"2024-01-25","2024-01-25","2024-06-30",0.0,Não,,Sem Segmento,MG,Sudeste,PARACATU,""
4002,0,"2024-01-25","2024-01-25","2024-06-30",0.0,Não,,Sem Segmento,MG,Sudeste,ROMARIA,""
4003,0,"2024-01-25","2024-01-25","2024-06-30",0.0,Não,,Sem Segmento,GO,Centro Oeste,MORRINHOS,ZONA RURAL
4004,0,"2024-01-25","2024-01-25","2025-11-30",10000000,Não,,Sem Segmento,MG,Sudeste,UBERLÂNDIA,Jardim Karaíba
4005,0,"2024-01-26","2024-01-26","2024-06-30",0.0,Não,,Cultivo de soja,RS,Sul,PASSO FUNDO,SAO CRISTOVAO
4006,0,"2024-01-26","2024-01-26","1900-01-01",0.0,Não,,Sem Segmento,SP,Sudeste,SAO PAULO,JD VITORIA REGIA ZONA NORTE
4007,0,"2024-01-26","2024-01-26","2025-12-31",10000000,Não,,Sem Segmento,GO,Centro Oeste,GOIANIA,ST BUENO
4008,0,"2024-01-26","2024-01-26","2024-06-30",0.0,Não,,Sem Segmento,RJ,Sudeste,NILOPOLIS,NOSSA SENHORA DE FATIMA
4009,0,"2024-01-26","2024-01-26","2024-06-30",0.0,Não,,Sem Segmento,MG,Sudeste,"",ZONA RURAL
4010,0,"2024-01-26","2024-01-26","2024-06-30",0.0,Não,,Sem Segmento,GO,Centro Oeste,JOVIANIA,ZONA RURAL
4011,0,"2024-01-29","2024-12-26","2025-09-30",10000000,Não,,Comércio atacadista de outros produtos químicos e petroquímicos não especificados anteriormente,ES,Sudeste,ARACRUZ,VILA DO RIACHO
4012,0,"2024-01-29","2024-01-29","1900-01-01",0.0,Não,,"Fabricação de motores elétricos, peças e acessórios",SP,Sudeste,SOROCABA,IPORANGA
4013,0,"2024-01-29","2024-01-29","1900-01-01",0.0,Não,,Comércio varejista de combustíveis para veículos automotores,GO,Centro Oeste,ITAPACI,BOA VISTA
4014,0,"2022-06-03","2024-01-29","2024-04-30",3000000.0,Não,,Sem Segmento,SP,Sudeste,TIETÊ,BAIRRO - Vila Sao Geraldo
4015,0,"2023-12-14","2024-01-29","2024-05-31",2500000.0,Não,,Fabricação de sabões e detergentes sintéticos,PR,Sul,APUCARANA,Parque Industrial Zona Oeste
4016,0,"2023-12-14","2024-01-29","2024-05-31",2500000.0,Não,,Fabricação de sabões e detergentes sintéticos,PR,Sul,APUCARANA,Jardim Celmira
4017,0,"2024-01-29","2024-01-29","1900-01-01",0.0,Não,,Comércio a varejo de peças e acessórios novos para veículos automotores,PE,Nordeste,RECIFE,SAO JOSE
4018,0,"2024-01-29","2024-01-29","1900-01-01",0.0,Não,,Comércio atacadista de material elétrico,PE,Nordeste,CAMARAGIBE,JARDIM PRIMAVERA
4019,0,"2024-01-29","2024-01-29","1900-01-01",0.0,Não,,Comércio por atacado de pneumáticos e câmaras-de-ar,PE,Nordeste,JABOATAO DOS GUARARAPES,MURIBECA
4020,0,"2024-01-29","2024-01-29","1900-01-01",0.0,Não,,Comércio a varejo de pneumáticos e câmaras-de-ar,RN,Nordeste,NATAL,FELIPE CAMARAO
4021,0,"2024-01-29","2025-10-20","2026-03-31",13000000,Não,,Fabricação de adubos e fertilizantes organo-minerais,MG,Sudeste,UBERABA,DISTRITO INDUSTRIAL II
4022,0,"2024-01-29","2024-01-29","1900-01-01",0.0,Não,,Comércio varejista de material elétrico,PE,Nordeste,RECIFE,IMBIRIBEIRA
4023,0,"2024-01-29","2024-01-29","1900-01-01",0.0,Não,,"Comércio atacadista de tintas, vernizes e similares","","","",""
4024,0,"2024-01-29","2024-01-29","2025-11-30",10000000,Não,,Cultivo de soja,GO,Centro Oeste,PIRACANJUBA,ZONA RURAL
4028,0,"2024-01-31","2024-01-31","2024-06-30",0.0,Não,,Sem Segmento,SP,Sudeste,JABOTICABAL,CENTRO
4029,0,"2024-01-31","2024-01-31","1900-01-01",0.0,Não,,Manutenção e reparação de outras máquinas e equipamentos para usos industriais não especificados anteriormente,GO,Centro Oeste,CATALAO,LOTEAMENTO PONTAL NORTE
4030,0,"2023-08-18","2024-01-31","2024-04-30",1500000.0,Não,,Comércio atacadista de soja,SP,Sudeste,SAO PAULO,JARDIM DAS ACACIAS
4031,0,"2024-01-31","2024-01-31","2024-07-31",0.0,Não,,Sem Segmento,GO,Centro Oeste,MORRINHOS,ZONA RURAL
4032,0,"2024-01-31","2024-01-31","2024-07-31",0.0,Não,,Sem Segmento,GO,Centro Oeste,PONTALINA,CENTRO
4033,0,"2024-01-31","2024-01-31","2025-10-31",10000000,Não,,Sem Segmento,GO,Centro Oeste,PARAUNA,ZONA RURAL
4035,0,"2024-02-01","2024-02-01","2025-12-31",30000000,Não,,"Comércio atacadista de cereais e leguminosas beneficiados, farinhas, amidos e féculas, com atividade de fracionamento e acondicionamento associada",TO,Norte,GURUPI,LOT. ENG. WALDIR LINS
4036,133,"2022-02-25","2025-08-26","2026-01-31",130000000,Não,,"Comércio atacadista de sementes, flores, plantas e gramas",RS,Sul,COXILHA,COXILHA
4037,133,"2023-01-20","2025-08-26","2026-01-31",130000000,Não,,Sem Segmento,SP,Sudeste,JACAREÍ,Conjunto Habitacional Marinho
4038,133,"2022-02-25","2025-08-26","2026-01-31",130000000,Não,,"Comércio atacadista de sementes, flores, plantas e gramas",RS,Sul,VACARIA,AREA RURAL DE VACARIA
4039,133,"2022-02-25","2025-08-26","2026-01-31",130000000,Não,,Sem Segmento,MT,Centro Oeste,SORRISO,ZONA RURAL
4040,133,"2022-02-25","2025-08-26","2026-01-31",130000000,Não,,"Produção de sementes certificadas, exceto de forrageiras para pasto",SP,Sudeste,IPUA,INDUSTRIAL
4041,133,"2022-02-25","2025-08-26","2026-01-31",130000000,Não,,"Comércio atacadista de sementes, flores, plantas e gramas",GO,Centro Oeste,JATAI,VILA JARDIM RIO CLARO
4042,133,"2023-01-20","2025-08-26","2026-01-31",130000000,Não,,"Comércio atacadista de defensivos agrícolas, adubos, fertilizantes e corretivos do solo",GO,Centro Oeste,APARECIDA DE GOIANIA,PARQUE INDUSTRIAL APARECIDA VICE-PRESIDENTE JOSE D
4043,133,"2022-02-25","2025-08-26","2026-01-31",130000000,Não,,Sem Segmento,PR,Sul,TOLEDO,Centro
4044,133,"2022-02-25","2025-08-26","2026-01-31",130000000,Não,,"Comércio atacadista de sementes, flores, plantas e gramas",MS,Centro Oeste,COSTA RICA,JARDIM ELDORADO
4045,133,"2022-02-25","2025-08-26","2026-01-31",130000000,Não,,Sem Segmento,MS,"","",ZONA RURAL
4046,133,"2022-02-25","2025-08-26","2026-01-31",130000000,Não,,Sem Segmento,GO,Centro Oeste,FORMOSA,Centro
4047,133,"2022-02-25","2025-08-26","2026-01-31",130000000,Não,,"Comércio atacadista de sementes, flores, plantas e gramas",SP,Sudeste,BATATAIS,JARDIM MARIANA II
4048,133,"2022-02-25","2025-08-26","2026-01-31",130000000,Não,,"Produção de sementes certificadas, exceto de forrageiras para pasto",BA,Nordeste,CORRENTINA,ZONA RURAL
4049,133,"2022-02-25","2025-08-26","2026-01-31",130000000,Não,,"Produção de sementes certificadas, exceto de forrageiras para pasto",GO,Centro Oeste,SANTA HELENA DE GOIAS,ZONA RURAL
4050,133,"2022-02-25","2025-08-26","2026-01-31",130000000,Não,,Pesquisa e desenvolvimento experimental em ciências físicas e naturais,TO,Norte,PALMAS,LOTEMANETO SUCUPIRA
4051,133,"2022-02-25","2025-08-26","2026-01-31",130000000,Não,,"Comércio atacadista de sementes, flores, plantas e gramas",MT,Centro Oeste,SAPEZAL,LOTEAMENTO CIDEZAL VII
4052,133,"2022-02-25","2025-08-26","2026-01-31",130000000,Não,,Sem Segmento,MT,Centro Oeste,PRIMAVERA DO LESTE,ZONA RURAL
4053,133,"2022-02-25","2025-08-26","2026-01-31",130000000,Não,,"Produção de sementes certificadas, exceto de forrageiras para pasto",MG,Sudeste,PARACATU,ZONA RURAL
4054,133,"2022-02-25","2025-08-26","2026-01-31",130000000,Não,,"Comércio atacadista de sementes, flores, plantas e gramas",GO,Centro Oeste,MORRINHOS,JARDIM RENASCER
4055,133,"2022-02-25","2025-08-26","2026-01-31",130000000,Não,,"Comércio atacadista de sementes, flores, plantas e gramas",SP,Sudeste,LIMEIRA,JARDIM PORTO REAL IV
4056,133,"2022-02-25","2025-08-26","2026-01-31",130000000,Não,,Sem Segmento,SP,Sudeste,PAULÍNIA,Boa Esperança
4057,133,"2022-02-25","2025-08-26","2026-01-31",130000000,Não,,Sem Segmento,PR,Sul,GUARAPUAVA,Jardim das Américas
4058,133,"2022-02-25","2025-08-26","2026-01-31",130000000,Não,,"Comércio atacadista de sementes, flores, plantas e gramas",MT,Centro Oeste,CAMPO NOVO DO PARECIS,JARDIM ITALIA
4059,133,"2022-02-25","2025-08-26","2026-01-31",130000000,Não,,"Comércio atacadista de sementes, flores, plantas e gramas",MA,Nordeste,BALSAS,PARQUE CIDADE MARAVILHA
4060,133,"2022-02-25","2025-08-26","2026-01-31",130000000,Não,,"Comércio atacadista de sementes, flores, plantas e gramas",MG,Sudeste,TRES CORACOES,BOA VENTURA
4061,133,"2022-02-25","2025-08-26","2026-01-31",130000000,Não,,Sem Segmento,GO,Centro Oeste,RIO VERDE,Santo Antônio de Lisboa
4062,133,"2022-02-25","2025-08-26","2026-01-31",130000000,Não,,Sem Segmento,GO,Centro Oeste,RIO VERDE,Área Rural de Rio Verde
4063,133,"2022-02-25","2025-08-26","2026-01-31",130000000,Não,,"Comércio atacadista de sementes, flores, plantas e gramas",SC,Sul,MARAVILHA,BAIRRO INDUSTRIAL
4064,133,"2022-02-25","2025-08-26","2026-01-31",130000000,Não,,"Comércio atacadista de sementes, flores, plantas e gramas",BA,Nordeste,CORRENTINA,RIO PRATUDAO -ROSARIO
4065,133,"2022-02-25","2025-08-26","2026-01-31",130000000,Não,,"Atividades de consultoria em gestão empresarial, exceto consultoria técnica específica",DF,Centro Oeste,BRASILIA,ASA NORTE
4066,133,"2022-02-25","2025-08-26","2026-01-31",130000000,Não,,"Comércio atacadista de sementes, flores, plantas e gramas",MT,Centro Oeste,VARZEA GRANDE,NOVO MUNDO
4067,133,"2022-02-25","2025-08-26","2026-01-31",130000000,Não,,Fabricação de defensivos agrícolas,RJ,Sudeste,BARRA MANSA,POMBAL
4068,133,"2023-01-20","2025-08-26","2026-01-31",130000000,Não,,"Comércio atacadista de defensivos agrícolas, adubos, fertilizantes e corretivos do solo",MG,Sudeste,UBERABA,ZONA RURAL
4069,133,"2022-02-25","2025-08-26","2026-01-31",130000000,Não,,Sem Segmento,DF,Centro Oeste,BRASÍLIA,Planaltina
4070,133,"2022-02-25","2025-08-26","2026-01-31",130000000,Não,,Sem Segmento,GO,Centro Oeste,GOIÂNIA,Setor Oeste
4071,133,"2022-02-25","2025-08-26","2026-01-31",130000000,Não,,"Comércio atacadista de sementes, flores, plantas e gramas",PA,Norte,DOM ELISEU,CENTRO
4072,133,"2023-01-20","2025-08-26","2026-01-31",130000000,Não,,Sem Segmento,BA,Sudeste,LUÍS EDUARDO MAGALHÃES,SP
4073,133,"2022-02-25","2025-08-26","2026-01-31",130000000,Não,,Sem Segmento,GO,Centro Oeste,APARECIDA DE GOIÂNIA,Parque Industrial Vice-Presidente José Alencar
4074,133,"2022-02-25","2025-08-26","2026-01-31",130000000,Não,,Serviços combinados de escritório e apoio administrativo,MT,Centro Oeste,CUIABA,ALVORADA
4075,133,"2022-02-25","2025-08-26","2026-01-31",130000000,Não,,"Comércio atacadista de defensivos agrícolas, adubos, fertilizantes e corretivos do solo",TO,Norte,ARAGUAINA,LOTEAMENTO JARDIM BOA SORTE
4076,133,"2022-02-25","2025-08-26","2026-01-31",130000000,Não,,Sem Segmento,SP,Sudeste,BARUERI,TAMBORE
4077,133,"2022-02-25","2025-08-26","2026-01-31",130000000,Não,,Fabricação de produtos químicos orgânicos não especificados anteriormente,BA,Nordeste,CAMACARI,COPEC
4078,133,"2022-02-25","2025-08-26","2026-01-31",130000000,Não,,"Comércio atacadista de sementes, flores, plantas e gramas",TO,Norte,GUARAI,ZONA RURAL
4079,133,"2022-02-25","2025-08-26","2026-01-31",130000000,Não,,Sem Segmento,SP,Sudeste,SAO PAULO,Artur Alvim
4080,133,"2022-02-25","2025-08-26","2026-01-31",130000000,Não,,"Comércio atacadista de defensivos agrícolas, adubos, fertilizantes e corretivos do solo",BA,Nordeste,LUIS EDUARDO MAGALHAES,ZONA RURAL
4081,133,"2022-02-25","2025-08-26","2026-01-31",130000000,Não,,"Comércio atacadista de sementes, flores, plantas e gramas",MT,Centro Oeste,NOVA XAVANTINA,UNIAO
4082,133,"2022-02-25","2025-08-26","2026-01-31",130000000,Não,,"Comércio atacadista de sementes, flores, plantas e gramas",GO,Centro Oeste,ITUMBIARA,AREA RURAL DE ITUMBIARA
4083,133,"2022-02-25","2025-08-26","2026-01-31",130000000,Não,,"Comércio atacadista de sementes, flores, plantas e gramas",PR,Sul,APUCARANA,CENTRO
4084,133,"2023-01-20","2025-08-26","2026-01-31",130000000,Não,,"Comércio atacadista de defensivos agrícolas, adubos, fertilizantes e corretivos do solo",PR,Sul,IBIPORA,ZONA RURAL
4085,133,"2022-02-25","2025-08-26","2026-01-31",130000000,Não,,"Comércio atacadista de sementes, flores, plantas e gramas",MG,Sudeste,UBERLANDIA,INDUSTRIAL
4086,133,"2023-01-20","2025-08-26","2026-01-31",130000000,Não,,"Comércio atacadista de defensivos agrícolas, adubos, fertilizantes e corretivos do solo",TO,Norte,ARAGUAINA,LOTEAMENTO JARDIM BOA SORTE
4087,133,"2022-02-25","2025-08-26","2026-01-31",130000000,Não,,"Comércio atacadista de sementes, flores, plantas e gramas",MT,Centro Oeste,SORRISO,JARDIM CALIFORNIA
4088,133,"2022-02-25","2025-08-26","2026-01-31",130000000,Não,,"Produção de sementes certificadas, exceto de forrageiras para pasto",MG,Sudeste,UBERLANDIA,AREA RURAL DE UBERLANDIA
4089,133,"2022-02-25","2025-08-26","2026-01-31",130000000,Não,,"Produção de sementes certificadas, exceto de forrageiras para pasto",MG,Sudeste,CAPINOPOLIS,BRASILIA
4090,133,"2022-02-25","2025-08-26","2026-01-31",130000000,Não,,"Comércio atacadista de defensivos agrícolas, adubos, fertilizantes e corretivos do solo",MA,Nordeste,BALSAS,ZONA RURAL
4091,133,"2022-02-25","2025-08-26","2026-01-31",130000000,Não,,"Comércio atacadista de sementes, flores, plantas e gramas",MG,Sudeste,UNAI,AMARAL
4092,133,"2022-02-25","2025-08-26","2026-01-31",130000000,Não,,Sem Segmento,MS,Centro Oeste,COSTA RICA,JARDIM ELDORADO
4093,133,"2022-02-25","2025-08-26","2026-01-31",130000000,Não,,Sem Segmento,MT,Centro Oeste,CUIABA,DISTRITO INDUSTRIAL
4094,133,"2022-02-25","2025-08-26","2026-01-31",130000000,Não,,"Comércio atacadista de sementes, flores, plantas e gramas",SC,Sul,XANXERE,NOSSA SENHORA DE LOURDES
4095,133,"2022-02-25","2025-08-26","2026-01-31",130000000,Não,,Sem Segmento,TO,Norte,PORTO NACIONAL,ZONA RURAL
4096,133,"2022-02-25","2025-08-26","2026-01-31",130000000,Não,,Comércio atacadista de outros produtos químicos e petroquímicos não especificados anteriormente,RJ,Sudeste,BARRA MANSA,VILA PRINCIPAL
4097,133,"2023-01-20","2025-08-26","2026-01-31",130000000,Não,,"Comércio atacadista de defensivos agrícolas, adubos, fertilizantes e corretivos do solo",MT,Centro Oeste,CUIABA,DISTRITO INDUSTRIAL
4098,133,"2022-02-25","2025-08-26","2026-01-31",130000000,Não,,"Produção de sementes certificadas, exceto de forrageiras para pasto",BA,Nordeste,LUIS EDUARDO MAGALHAES,CENTRO INDUSTRIAL DO CERRADO
4099,133,"2022-02-25","2025-08-26","2026-01-31",130000000,Não,,Pesquisa e desenvolvimento experimental em ciências físicas e naturais,TO,Norte,PARAISO DO TOCANTINS,ZONA RURAL
4100,133,"2022-02-25","2025-08-26","2026-01-31",130000000,Não,,Pesquisa e desenvolvimento experimental em ciências físicas e naturais,SP,Sudeste,MOGI MIRIM,ZONA RURAL
4101,133,"2023-01-20","2025-08-26","2026-01-31",130000000,Não,,"Comércio atacadista de defensivos agrícolas, adubos, fertilizantes e corretivos do solo",MA,Nordeste,BALSAS,ZONA RURAL
4102,133,"2022-02-25","2025-08-26","2026-01-31",130000000,Não,,Sem Segmento,GO,Centro Oeste,FORMOSA,Village
4103,133,"2022-02-25","2025-08-26","2026-01-31",130000000,Não,,"Comércio atacadista de sementes, flores, plantas e gramas",SC,Sul,CAMPOS NOVOS,INTERIOR
4104,133,"2022-02-25","2025-08-26","2026-01-31",130000000,Não,,Sem Segmento,GO,Sudeste,SAO PAULO,Artur Alvim
4105,133,"2022-02-25","2025-08-26","2026-01-31",130000000,Não,,"Comércio atacadista de defensivos agrícolas, adubos, fertilizantes e corretivos do solo",MS,Centro Oeste,DOURADOS,AREA RURAL DE DOURADOS
4106,133,"2022-02-25","2025-08-26","2026-01-31",130000000,Não,,"Comércio atacadista de sementes, flores, plantas e gramas",MT,Centro Oeste,LUCAS DO RIO VERDE,ZONA RURAL
4107,133,"2022-02-25","2025-08-26","2026-01-31",130000000,Não,,Sem Segmento,SP,Sudeste,SÃO PAULO,Bela Vista
4108,133,"2023-01-20","2025-08-26","2026-01-31",130000000,Não,,"Comércio atacadista de defensivos agrícolas, adubos, fertilizantes e corretivos do solo",RS,Sul,CARAZINHO,DISTRITO INDUSTRIA
4109,133,"2023-01-20","2025-08-26","2026-01-31",130000000,Não,,Sem Segmento,SP,Sudeste,MOGI MIRIM,Centro
4110,133,"2022-02-25","2025-08-26","2026-01-31",130000000,Não,,"Comércio atacadista de sementes, flores, plantas e gramas",MG,Sudeste,UBERLANDIA,DISTRITO INDUSTRIAL
4111,133,"2022-02-25","2025-08-26","2026-01-31",130000000,Não,,Sem Segmento,RS,Sul,SANTA ROSA,Glória
4112,133,"2023-01-20","2025-08-26","2026-01-31",130000000,Não,,"Comércio atacadista de defensivos agrícolas, adubos, fertilizantes e corretivos do solo",MS,Centro Oeste,DOURADOS,AREA RURAL DE DOURADOS
4113,133,"2022-02-25","2025-08-26","2026-01-31",130000000,Não,,Sem Segmento,RS,Sul,SANTA CRUZ DO SUL,Distrito Industrial
4114,133,"2022-02-25","2025-08-26","2026-01-31",130000000,Não,,"Comércio atacadista de defensivos agrícolas, adubos, fertilizantes e corretivos do solo",MG,Sudeste,UBERABA,JARDIM SANTA CLARA
4115,133,"2022-02-25","2025-08-26","2026-01-31",130000000,Não,,"Produção de sementes certificadas, exceto de forrageiras para pasto",MG,Sudeste,PATOS DE MINAS,CRISTO REDENTOR
4116,133,"2022-02-25","2025-08-26","2026-01-31",130000000,Não,,"Comércio atacadista de defensivos agrícolas, adubos, fertilizantes e corretivos do solo",RS,Sul,CARAZINHO,DISTRITO INDUSTRIAL
4117,133,"2022-02-25","2025-08-26","2026-01-31",130000000,Não,,"Produção de sementes certificadas, exceto de forrageiras para pasto",GO,Centro Oeste,CATALAO,BAIRRO NOSSA SENHORA DE FATIMA
4118,133,"2022-02-25","2025-08-26","2026-01-31",130000000,Não,,"Comércio atacadista de sementes, flores, plantas e gramas",PR,Sul,CAMBE,VILA ATALAIA
4119,133,"2022-02-25","2025-08-26","2026-01-31",130000000,Não,,Pesquisa e desenvolvimento experimental em ciências físicas e naturais,TO,Norte,PALMAS,ZONA RURAL DE TAQUARUCU
4120,133,"2022-02-25","2025-08-26","2026-01-31",130000000,Não,,"Comércio atacadista de sementes, flores, plantas e gramas",BA,Nordeste,LUIS EDUARDO MAGALHAES,JARDIM IMPERIAL
4121,133,"2022-02-25","2025-08-26","2026-01-31",130000000,Não,,"Comércio atacadista de defensivos agrícolas, adubos, fertilizantes e corretivos do solo",PR,Sul,IBIPORA,ZONA RURAL
4122,133,"2022-02-25","2025-08-26","2026-01-31",130000000,Não,,Sem Segmento,SP,Sudeste,PAULÍNIA,Betel
4123,133,"2023-01-20","2025-08-26","2026-01-31",130000000,Não,,"Produção de sementes certificadas, exceto de forrageiras para pasto",MG,Sudeste,INDIANOPOLIS,ZONA RURAL
4124,133,"2022-02-25","2025-08-26","2026-01-31",130000000,Não,,"Comércio atacadista de sementes, flores, plantas e gramas",MS,Centro Oeste,DOURADOS,PARQUE DOS JEQUITIBAS
4125,133,"2022-02-25","2025-08-26","2026-01-31",130000000,Não,,"Comércio atacadista de sementes, flores, plantas e gramas",MG,Sudeste,IBIA,DEOLINDA MENDES
4126,133,"2022-02-25","2025-08-26","2026-01-31",130000000,Não,,"Comércio atacadista de sementes, flores, plantas e gramas",GO,Centro Oeste,APARECIDA DE GOIANIA,POLO EMPRESARIAL GOIAS - ETAPA VI
4127,133,"2022-02-25","2025-08-26","2026-01-31",130000000,Não,,"Produção de sementes certificadas, exceto de forrageiras para pasto",MT,Centro Oeste,PRIMAVERA DO LESTE,ZONA RURAL
4132,928,"2022-08-16","2024-11-21","2025-04-30",30000000,Não,,"Comércio atacadista de mercadorias em geral, sem predominância de alimentos ou de insumos agropecuários",ES,Sudeste,VITORIA,CENTRO
4134,0,"2022-10-19","2024-02-05","2024-05-31",3000000.0,Não,,"Comércio atacadista de máquinas, aparelhos e equipamentos para uso agropecuário; partes e peças",MT,Centro Oeste,JUARA,CENTRO
4135,0,"2024-01-19","2024-12-06","2025-04-30",3500000.0,Não,,Fabricação de peças e acessórios para o sistema de direção e suspensão de veículos automotores,PR,Sul,CAMBÉ,Jardim Ana Eliza
4137,0,"2024-01-30","2024-02-05","2024-08-31",1000000.0,Não,,Comércio atacadista de algodão,MT,Centro Oeste,CUIABA,PICO DO AMOR
4138,0,"2024-02-05","2024-02-05","2026-01-31",10000000,Não,,Sem Segmento,GO,Centro Oeste,"",ZONA RURAL
4139,0,"2024-02-05","2024-02-05","2024-07-31",0.0,Não,,Sem Segmento,MG,Sudeste,BURITIZEIRO,ZONA RURAL
4140,0,"2024-02-05","2024-02-05","2024-07-31",0.0,Não,,Sem Segmento,DF,Centro Oeste,BRASÍLIA,Asa Sul
4141,0,"2024-02-05","2024-02-05","2024-12-31",5000000.0,Não,,Sem Segmento,GO,Centro Oeste,AGUA FRIA DE GOIAS,ZONA RURAL
4142,0,"2024-02-05","2024-02-05","2024-12-31",5000000.0,Não,,Sem Segmento,GO,Centro Oeste,NIQUELÂNDIA,ZONA RURAL
4143,0,"2024-02-05","2024-02-05","2025-08-31",10000000,Não,,Sem Segmento,BA,Centro Oeste,CORRENTINA,AUGUSTO J VALENTE I
4144,0,"2024-02-05","2024-02-05","2025-08-31",10000000,Não,,Sem Segmento,GO,Norte,CAMPO ALEGRE DE GOIÁS,ZONA RURAL
4145,0,"2024-02-05","2024-02-05","2024-07-31",0.0,Não,,Sem Segmento,BA,Nordeste,SÃO DESIDÉRIO,ZONA RURAL
4146,0,"2024-02-05","2024-02-05","2024-07-31",0.0,Não,,Sem Segmento,MG,Sudeste,PATOS DE MINAS,CENTRO
4147,0,"2024-02-05","2024-02-05","2024-07-31",0.0,Não,,Sem Segmento,GO,Centro Oeste,FORMOSA,ST SUL
4149,923,"2024-02-01","2025-07-28","2025-12-31",6000000.0,Não,,Comércio por atacado de peças e acessórios novos para veículos automotores,SP,Sudeste,SOROCABA,BOA VISTA
4150,923,"2024-02-01","2025-07-28","2025-12-31",6000000.0,Não,,Comércio por atacado de peças e acessórios novos para veículos automotores,SP,Sudeste,SAO PAULO,JARDIM PAULISTA
4152,0,"2024-02-07","2024-02-07","1900-01-01",0.0,Não,,Sem Segmento,SP,Sudeste,SAO PAULO,INTERLAGOS
4156,0,"2024-02-08","2024-02-08","1900-01-01",0.0,Não,,Serviços combinados de escritório e apoio administrativo,SP,Sudeste,COTIA,Jardim Guerreiro
4157,0,"2024-02-08","2024-02-08","2025-12-31",5000000.0,Não,,"Serviços de cartografia, topografia e geodésia",GO,Centro Oeste,ANAPOLIS,ITAMARATY 2ª ETAPA
4158,0,"2024-02-08","2024-02-08","2024-08-31",0.0,Não,,Obras de montagem industrial,GO,Centro Oeste,ANAPOLIS,SETOR INDUSTRIAL MUNIR CALIXTO
4159,0,"2024-02-08","2024-02-08","2024-07-31",0.0,Não,,Sem Segmento,MG,Sudeste,BELO HORIZONTE,S LUCAS
4160,0,"2024-02-08","2024-02-08","2025-10-31",5000000.0,Não,,Cultivo de tomate rasteiro,GO,Centro Oeste,CRISTALINA,ZONA RURAL
4161,0,"2024-02-08","2024-02-08","2024-07-31",0.0,Não,,Sem Segmento,DF,Centro Oeste,BRASILIA,ST HABITACIONAL JARDIM BOTANICO
4162,0,"2024-02-09","2024-02-09","2024-07-31",0.0,Não,,Sem Segmento,GO,Centro Oeste,MORRINHOS,""
4163,0,"2024-02-09","2024-02-09","2025-12-31",10000000,Não,,Sem Segmento,MT,Centro Oeste,GAUCHA DO NORTE,RURAL
4164,0,"2024-02-09","2024-02-09","2025-11-30",5000000.0,Não,,"Aluguel de máquinas e equipamentos para construção sem operador, exceto andaimes",SP,Sudeste,SAO PAULO,CHACARA MARIA TRINDADE
4165,915,"2023-03-20","2025-07-21","2025-11-30",3000000.0,Sim,"2023-12-13",Preparação do leite,SP,Sudeste,CATANDUVA,São Francisco
4166,915,"2023-03-20","2025-07-21","2025-11-30",3000000.0,Sim,"2024-04-22",Fabricação de laticínios,RS,Sul,TENENTE PORTELA,DISTRITO OSVALDO TRENTIN
4167,915,"2022-07-07","2025-07-21","2025-11-30",3000000.0,Sim,"2024-04-22",Preparação do leite,SC,Sul,GUARUJA DO SUL,INDUSTRIAL
4168,915,"2022-08-25","2025-07-21","2025-11-30",3000000.0,Sim,"2024-04-24",Fabricação de laticínios,RS,Sul,OSÓRIO,ALBATROZ
4169,0,"2024-01-05","2024-11-11","2025-02-28",7800000.0,Não,,Comércio atacadista de soja,MT,Centro Oeste,IPIRANGA DO NORTE,Centro
4170,0,"2024-01-26","2025-10-31","2026-02-28",2000000.0,Não,,Fabricação de móveis com predominância de madeira,PR,Sul,ARAPONGAS,Parque Industrial I
4173,0,"2024-02-14","2024-02-14","2025-11-30",5000000.0,Não,,Construção de edifícios,MG,Sudeste,MONTES CLAROS,CONJUNTO RESIDENCIAL JK
4174,0,"2024-02-14","2024-02-14","2026-03-31",10000000,Não,,Obras de terraplenagem,SP,Sudeste,ITATIBA,JARDIM MORUMBI
4175,0,"2024-02-14","2024-02-14","1900-01-01",0.0,Não,,Comércio varejista de ferragens e ferramentas,MG,Sudeste,MONTES CLAROS,FAZENDA ROCINHA
4176,0,"2024-02-14","2024-02-14","2025-11-30",5000000.0,Não,,Serviços de engenharia,RJ,Sudeste,RIO DE JANEIRO,LEBLON
4177,0,"2024-02-14","2024-02-14","2024-07-31",0.0,Não,,Fabricação de esquadrias de metal,SP,Sudeste,SANTO ANDRE,VILA ALTO DE SANTO ANDRE
4213,920,"2024-01-08","2024-02-15","2026-03-31",5000000.0,Não,,Fabricação de outros brinquedos e jogos recreativos não especificados anteriormente,PR,Sul,SAO JOSE DOS PINHAIS,CAMPO LARGO DA ROSEIRA
4224,928,"2024-02-08","2024-11-21","2025-04-30",30000000,Não,,Metalurgia do cobre,RJ,Sudeste,ITATIAIA,JARDIM ITATIAIA
4225,928,"2024-02-08","2024-11-21","2025-04-30",30000000,Não,,Comércio atacadista de material elétrico,SC,Sul,JOINVILLE,ZONA INDUSTRIAL NORTE
4226,928,"2024-02-08","2024-11-21","2025-04-30",30000000,Não,,Metalurgia de outros metais não-ferrosos e suas ligas não especificados anteriormente,RJ,Sudeste,ITATIAIA,JARDIM ITATIAIA
4227,928,"2024-02-08","2024-11-21","2025-04-30",30000000,Não,,Sem Segmento,SC,Sul,JOINVILLE,Zona Industrial Norte
4228,0,"2024-02-16","2024-02-16","2026-02-28",10000000,Não,,Comércio varejista de materiais de construção em geral,SP,Sudeste,RIBEIRAO PRETO,CENTRO
4229,0,"2024-02-16","2024-02-16","2026-01-31",30000000,Não,,Comércio atacadista de cereais e leguminosas beneficiados,BA,Nordeste,LUIS EDUARDO MAGALHAES,MIMOSO DO OESTE
4230,0,"2024-02-16","2024-02-16","2025-08-31",10000000,Não,,Sem Segmento,DF,Centro Oeste,BRASILIA,ZONA INDUSTRIAL GUARA
4231,0,"2024-02-16","2024-02-16","2024-07-31",0.0,Não,,Cultivo de soja,SC,Sul,BALNEARIO CAMBORIU,CENTRO
4232,0,"2024-02-16","2024-02-16","2024-07-31",0.0,Não,,Cultivo de pinus,MG,Sudeste,UBERLANDIA,FUNDINHO
4233,0,"2024-02-19","2024-02-19","2025-12-31",30000000,Não,,Comércio atacadista de cereais e leguminosas beneficiados,TO,Norte,ALVORADA,JORGE FIGUEIRAS
4234,0,"2024-02-20","2024-02-20","2025-12-31",30000000,Não,,"Comércio atacadista de cereais e leguminosas beneficiados, farinhas, amidos e féculas, com atividade de fracionamento e acondicionamento associada",TO,Norte,GUARAI,ZONA RURAL
4235,0,"2024-02-20","2024-02-20","2025-12-31",30000000,Não,,Comércio atacadista de cereais e leguminosas beneficiados,TO,Norte,COUTO DE MAGALHAES,VILA TRES BODES
4236,0,"2024-02-20","2024-02-20","2026-02-28",10000000,Não,,Sem Segmento,GO,Centro Oeste,PONTALINA,ZONA RURAL
4237,0,"2024-02-21","2024-02-21","2025-12-31",30000000,Não,,Comércio atacadista de cereais e leguminosas beneficiados,MA,Nordeste,BALSAS,POTOSI
4238,0,"2024-02-21","2024-02-21","2024-07-31",0.0,Não,,Comércio atacadista de outras máquinas e equipamentos não especificados anteriormente; partes e peças,SP,Sudeste,VINHEDO,Nova Vinhedo
4239,0,"2024-02-21","2024-02-21","2026-03-31",10000000,Não,,Comércio varejista de materiais de construção não especificados anteriormente,SP,Sudeste,EMBU-GUACU,RECANTO LAGOA GRANDE
4240,0,"2024-02-21","2024-02-21","2024-07-31",0.0,Não,,Sem Segmento,SP,Sudeste,ITAI,VL FLORENTINO DOGNANI
4241,0,"2024-02-22","2024-02-22","2026-02-28",10000000,Não,,Serviços de engenharia,TO,Norte,PALMAS,LAGO NORTE
4242,0,"2024-02-23","2024-02-23","1900-01-01",0.0,Não,,"Agenciamento de cargas, exceto para o transporte marítimo",TO,Norte,PEIXE,SETOR AEROPORTO
4243,0,"2024-02-23","2024-02-23","2024-07-31",0.0,Não,,Sem Segmento,SP,Sudeste,RIBEIRAO PRETO,JD SUMARE
4244,0,"2024-02-23","2024-02-23","2024-07-31",0.0,Não,,Sem Segmento,MG,Sudeste,PARACATU,CENTRO
4245,0,"2024-02-23","2024-02-23","2024-07-31",0.0,Não,,Sem Segmento,BA,Nordeste,LUIS EDUARDO MAGALHAES,JD PRIMAVERA
4246,0,"2024-02-23","2024-02-23","2024-07-31",0.0,Não,,Sem Segmento,MG,Sudeste,PARACATU,JOQUEI CLUBE
4247,0,"2024-02-23","2024-02-23","2025-10-31",10000000,Não,,Sem Segmento,GO,Centro Oeste,CRISTALINA,ZONA RURAL
4248,0,"2024-02-23","2024-02-23","2024-07-31",0.0,Não,,Sem Segmento,GO,Centro Oeste,SÃO JOÃO D'ALIANÇA,ZONA RURAL
4249,0,"2024-02-23","2024-02-23","2024-07-31",0.0,Não,,Sem Segmento,BA,Nordeste,JABORANDI,ZONA RURAL
4250,0,"2024-02-23","2024-02-23","2024-07-31",0.0,Não,,Sem Segmento,BA,Nordeste,BARREIRAS,RENATO GONCALVES
4251,0,"2024-02-23","2024-02-23","2024-07-31",0.0,Não,,Sem Segmento,DF,Centro Oeste,BRASILIA,ASA SUL
4252,0,"2024-02-23","2024-02-23","2024-07-31",0.0,Não,,Sem Segmento,GO,Centro Oeste,"",ZONA RURAL
4253,0,"2024-02-23","2024-02-23","2024-07-31",0.0,Não,,Sem Segmento,GO,Centro Oeste,RIO VERDE,Medeiros
4254,0,"2024-02-23","2024-02-23","2024-07-31",0.0,Não,,Sem Segmento,SP,Sudeste,RIBEIRAO PRETO,COND ITAMARATY
4255,0,"2024-02-26","2024-02-26","2025-12-31",30000000,Não,,Moagem e fabricação de produtos de origem vegetal não especificados anteriormente,MT,Centro Oeste,SORRISO,Industrial - 1ª Etapa
4256,0,"2022-11-23","2025-11-03","2026-02-28",3000000.0,Não,,"Comércio atacadista de defensivos agrícolas, adubos, fertilizantes e corretivos do solo",MG,Sudeste,PATOS DE MINAS,Cidade Nova
4257,0,"2022-03-30","2025-11-04","2026-02-28",12667000,Sim,"2024-03-06",Fabricação de açúcar em bruto,MG,Sudeste,ARAPORA,RURAL
4258,925,"2024-01-30","2025-03-14","2025-05-31",6189000.0,Não,,"Fabricação de tecidos especiais, inclusive artefatos",BA,Nordeste,CAMAÇARI,Polo Petroquímico
4259,925,"2024-02-02","2025-03-14","2025-05-31",6189000.0,Não,,Fabricação de artefatos de material plástico para outros usos não especificados anteriormente,SP,Sudeste,CARAPICUIBA,PARQUE INDUSTRIAL DE CARAPICUIBA
4260,0,"2024-02-09","2024-02-26","2024-05-31",1200000.0,Não,,"Clubes sociais, esportivos e similares",RJ,Sudeste,RIO DE JANEIRO,BOTAFOGO
4261,924,"2024-02-02","2024-07-17","2024-11-30",4000000.0,Não,,Holdings de instituições não-financeiras,MG,Sudeste,UBERLANDIA,DA COLINA
4262,924,"2024-01-30","2024-07-17","2024-11-30",4000000.0,Não,,Curtimento e outras preparações de couro,RS,Sul,NOVA ESPERANCA DO SUL,CENTRO
4263,0,"2024-02-27","2024-02-27","1900-01-01",0.0,Não,,Fabricação de obras de caldeiraria pesada,RS,Sul,GARIBALDI,CENTRO
4264,0,"2024-02-28","2024-02-28","2025-12-31",30000000,Não,,Comércio atacadista de cereais e leguminosas beneficiados,TO,Norte,ALVORADA,CENTRO
4265,0,"2024-02-28","2024-02-28","2025-12-31",5000000.0,Não,,Aluguel de máquinas e equipamentos agrícolas sem operador,MT,Centro Oeste,CUIABA,ALVORADA
4266,0,"2024-02-29","2024-02-29","2026-03-31",10000000,Não,,Consultoria em tecnologia da informação,SP,Sudeste,JUNDIAI,VILA VIRGINIA
4267,0,"2023-05-15","2024-03-01","2024-07-31",5000000.0,Não,,Comércio a varejo de peças e acessórios novos para veículos automotores,SC,Sul,LAGES,Área Industrial
4268,919,"2022-08-10","2024-06-24","2024-11-30",27000000,Não,,Comércio atacadista de soja,MT,Centro Oeste,CUIABA,BOSQUE DA SAUDE
4269,929,"2022-07-01","2024-03-11","2024-08-31",4000000.0,Não,,Serviços combinados de escritório e apoio administrativo,SP,Sudeste,SÃO PAULO,Moema
4270,0,"2024-01-25","2025-11-10","2026-02-28",5000000.0,Não,,"Comércio atacadista de álcool carburante, biodiesel, gasolina e demais derivados de petróleo, exceto lubrificantes, não realizado por transportador retalhista (TRR)",SP,Sudeste,PAULINIA,BONFIM
4271,927,"2024-02-07","2025-01-27","2025-04-30",176000.0,Não,,Comércio varejista de ferragens e ferramentas,SP,Sudeste,GUARULHOS,Ponte Grande
4272,927,"2024-02-07","2025-01-27","2025-04-30",176000.0,Não,,Comércio atacadista de materiais de construção em geral,PR,Sul,ARAUCARIA,CAPELA VELHA
4273,927,"2024-02-07","2025-01-27","2025-04-30",176000.0,Não,,Comércio atacadista de máquinas e equipamentos para uso industrial; partes e peças,SP,Sudeste,SANTO ANDRE,PARQUE JACATUBA
4274,0,"2024-03-04","2024-03-04","2025-11-30",10000000,Não,,Aluguel de andaimes,SP,Sudeste,AMERICANA,JARDIM SAO VITO
4275,0,"2024-03-05","2024-03-05","2025-11-30",5000000.0,Não,,Serviços de engenharia,SP,Sudeste,SERTÃOZINHO,CINEP - Cidade Industrial e Empresarial
4330,0,"2024-03-07","2024-03-07","2024-08-31",0.0,Não,,Treinamento em desenvolvimento profissional e gerencial,SP,Sudeste,SAO PAULO,VILA CORDEIRO
4331,0,"2024-03-07","2024-03-07","1900-01-01",0.0,Não,,"Fabricação de artigos para viagem, bolsas e semelhantes de qualquer material",SP,Sudeste,SAO PAULO,JARDIM MARABA
4380,926,"2022-12-02","2025-05-06","2025-07-31",11000000,Sim,"2025-03-11",Comércio varejista especializado de eletrodomésticos e equipamentos de áudio e vídeo,GO,Centro Oeste,GOIANIA,SIT RECR MAN BERNARDO SAYAO
4387,0,"2022-07-06","2024-03-11","2024-07-31",9000000.0,Não,,Fabricação de estruturas metálicas,RS,Sul,MARAU,SAO JOSE OPERARIO
4418,929,"2024-02-14","2024-03-11","2024-08-31",4000000.0,Não,,"Atividades de intermediação e agenciamento de serviços e negócios em geral, exceto imobiliários",SP,Sudeste,SAO PAULO,MOEMA
4419,929,"2022-07-01","2024-03-11","2024-08-31",4000000.0,Não,,Sem Segmento,SP,Sudeste,SÃO PAULO,Moema
4420,929,"2022-07-01","2024-03-11","2024-08-31",4000000.0,Não,,Sem Segmento,SP,Sudeste,SUZANO,Chácaras Nova Suzano
4421,929,"2022-07-01","2024-03-11","2024-08-31",4000000.0,Não,,Sem Segmento,PR,Sul,CURITIBA,Cidade Industrial
4422,929,"2022-07-01","2024-03-11","2024-08-31",4000000.0,Não,,Sem Segmento,SP,Sudeste,GUARULHOS,Cidade Industrial Satélite de São Paulo
4423,0,"2024-03-11","2025-02-11","2025-05-31",6000000.0,Não,,"Atividades de consultoria em gestão empresarial, exceto consultoria técnica específica",SP,Sudeste,SAO PAULO,BELA VISTA
4424,0,"2024-03-11","2024-03-11","2024-08-31",45000000,Não,,"Outras sociedades de participação, exceto holdings",SP,Sudeste,SÃO PAULO,Bela Vista
4425,0,"2024-03-13","2024-03-13","2025-11-30",5000000.0,Não,,Comércio atacadista de roupas e acessórios para uso profissional e de segurança do trabalho,SP,Sudeste,SAO PAULO,JARDIM VILA FORMOSA
4426,0,"2024-03-14","2024-03-14","2025-12-31",10000000,Não,,Comercio varejista de artigos de armarinho,SC,Sul,JOINVILLE,PIRABEIRABA
4427,0,"2024-03-14","2024-03-14","1900-01-01",0.0,Não,,"Transporte rodoviário de carga, exceto produtos perigosos e mudanças, intermunicipal, interestadual e internacional",GO,Centro Oeste,ITUMBIARA,SETOR SANTA RITA
4428,0,"2024-03-18","2024-03-18","2024-08-31",50000000,Não,,"Fundos de investimento, exceto previdenciários e imobiliários",RJ,Sudeste,RIO DE JANEIRO,BOTAFOGO
4429,0,"2022-08-12","2025-02-17","2025-07-31",10000000,Não,,Fabricação de desinfestantes domissanitários,PR,Sul,IBIPORA,Zona Industrial
4430,893,"2023-09-20","2024-03-18","2025-04-30",5000000.0,Não,,"Comércio atacadista de máquinas, aparelhos e equipamentos para uso agropecuário; partes e peças",GO,Centro Oeste,GOIANIA,CHACARAS RETIRO
4431,893,"2023-09-20","2024-03-18","2025-04-30",5000000.0,Não,,"Fabricação de máquinas e equipamentos para a agricultura e pecuária, peças e acessórios, exceto para irrigação",GO,Centro Oeste,GOIANIA,CHACARAS RETIRO
4432,893,"2023-09-20","2024-03-18","2025-04-30",5000000.0,Não,,Cultivo de outras plantas de lavoura temporária não especificadas anteriormente,GO,Centro Oeste,ITUMBIARA,ZONA RURAL DE ITUMBIARA
4433,0,"2022-10-10","2025-09-19","2026-01-31",3000000.0,Sim,"2024-04-12",Fabricação de laticínios,PR,Sul,TRES BARRAS DO PARANA,JARDIM GUARANI
4434,0,"2024-03-21","2024-03-21","2025-11-30",5000000.0,Não,,Comércio por atacado de peças e acessórios novos para veículos automotores,GO,Centro Oeste,GOIANIA,VI AURORA OESTE
4435,0,"2024-03-21","2024-03-21","1900-01-01",0.0,Não,,Comércio a varejo de peças e acessórios novos para veículos automotores,GO,Centro Oeste,TRINDADE,CONJUNTO DONA IRIS II
4436,0,"2024-03-21","2024-03-21","1900-01-01",0.0,Não,,"Transporte rodoviário coletivo de passageiros, sob regime de fretamento, intermunicipal, interestadual e internacional",GO,Centro Oeste,ANICUNS,SETOR LESTE
4437,0,"2024-03-21","2024-03-21","1900-01-01",0.0,Não,,"Transporte rodoviário de carga, exceto produtos perigosos e mudanças, intermunicipal, interestadual e internacional",GO,Centro Oeste,AMERICANO DO BRASIL,SETOR AEROPORTO
4438,0,"2024-03-21","2024-03-21","1900-01-01",0.0,Não,,"Fabricação de máquinas e equipamentos para uso industrial específico não especificados anteriormente, peças e acessórios",SP,Sudeste,CAPIVARI,BOM JARDIM
4439,465,"2022-06-30","2025-10-06","2026-01-31",85000000,Sim,"2024-06-17",Comercio Varejista,SP,Sudeste,SÃO PAULO,Jardim São Luís
4440,0,"2024-03-22","2024-03-22","2025-06-30",5000000.0,Não,,Instalação de máquinas e equipamentos industriais,SP,Sudeste,CHARQUEADA,SANTA LUZIA
4441,0,"2024-03-01","2024-06-17","2024-09-30",10000000,Não,,Fabricação de produtos farmoquímicos,TO,Norte,GURUPI,PARQUE INDUSTRIAL
4442,0,"2023-09-13","2024-03-25","2024-07-31",7000000.0,Não,,Comércio varejista de produtos alimentícios em geral ou especializado em produtos alimentícios não especificados anteriormente,SP,Sudeste,SAO PAULO,VILA MADALENA
4443,0,"2024-03-08","2024-12-17","2025-03-31",22000000,Não,,"Transporte rodoviário de carga, exceto produtos perigosos e mudanças, intermunicipal, interestadual e internacional",SP,Sudeste,SAO PAULO,VILA JAGUARA
4444,0,"2024-03-26","2024-03-26","2024-08-31",0.0,Não,,"Transporte rodoviário de carga, exceto produtos perigosos e mudanças, intermunicipal, interestadual e internacional",SP,Sudeste,RIBEIRAO PRETO,AVELINO ALVES PALMA
4445,0,"2024-03-26","2024-03-26","2025-11-30",5000000.0,Não,,Montagem de estruturas metálicas,SP,Sudeste,EMBU DAS ARTES,JARDIM SILVIA
4446,0,"2024-03-27","2024-03-27","2026-01-31",30000000,Não,,Comércio atacadista de matérias-primas agrícolas não especificadas anteriormente,GO,Centro Oeste,ITUMBIARA,CENTRO
4447,0,"2024-01-18","2024-09-02","2024-11-30",3000000.0,Não,,"Fabricação de máquinas e aparelhos de refrigeração e ventilação para uso industrial e comercial, peças e acessórios",SP,Sudeste,CABREÚVA,PINHAL
4448,0,"2024-03-20","2024-04-01","2024-07-31",1000000.0,Não,,Fabricação de artefatos de cordoaria,SP,Sudeste,SAO PAULO,IPIRANGA
4449,932,"2024-02-23","2024-06-24","2024-07-31",5000000.0,Sim,"2024-07-04",Tecelagem de fios de fibras artificiais e sintéticas,SP,Sudeste,LOUVEIRA,CAPIVARI
4450,932,"2024-02-23","2024-06-24","2024-07-31",5000000.0,Sim,"2024-07-04",Tecelagem de fios de fibras artificiais e sintéticas,SP,Sudeste,LOUVEIRA,JD CAPIVARI
4451,910,"2024-03-20","2025-09-29","2025-12-31",2500000.0,Não,,"Comércio atacadista de couros, lãs, peles e outros subprodutos não-comestíveis de origem animal",PR,Sul,APUCARANA,JARDIM MARABA
4452,0,"2022-08-23","2025-02-11","2025-06-30",2000000.0,Não,"2024-08-15",Comércio atacadista de outros produtos químicos e petroquímicos não especificados anteriormente,SP,Sudeste,SÃO BERNARDO DO CAMPO,Cooperativa
4453,0,"2024-04-02","2024-04-02","2025-12-31",5000000.0,Não,,"Aluguel de outras máquinas e equipamentos comerciais e industriais não especificados anteriormente, sem operador",MG,Sudeste,MONTES CLAROS,EDGAR PEREIRA
4454,0,"2024-04-04","2024-04-04","2026-01-31",30000000,Não,,Comércio atacadista de cereais e leguminosas beneficiados,MA,Nordeste,SAO JOSE DE RIBAMAR,ARACAGY
4455,0,"2024-04-04","2024-04-04","2025-11-30",10000000,Não,,Construção de edifícios,SP,Sudeste,SAO PAULO,CASA VERDE
4456,0,"2024-04-04","2025-10-23","2026-03-31",426000000,Não,,Cultivo de cana-de-açúcar,SP,Sudeste,SÃO PAULO,Cidade Monções
4457,0,"2024-04-05","2024-04-05","2025-12-31",5000000.0,Não,,Comércio atacadista de material elétrico,SP,Sudeste,SAO PAULO,BOM RETIRO
4458,0,"2024-03-14","2024-08-05","2024-11-30",2000000.0,Não,,"Comércio atacadista de defensivos agrícolas, adubos, fertilizantes e corretivos do solo",PR,Sul,GUARAPUAVA,Vila Carli
4459,0,"2024-03-19","2024-04-08","2024-08-31",1000000.0,Não,,"Impressão de livros, revistas e outras publicações periódicas",PR,Sul,CASCAVEL,CENTRALITO
4474,925,"2024-01-30","2025-03-14","2025-05-31",6189000.0,Não,,Fabricação de laminados planos e tubulares de material plástico,SP,Sudeste,EMBU DAS ARTES,Gramado
4475,0,"2024-04-08","2024-04-08","2024-09-30",20000000,Não,,"Transporte rodoviário de carga, exceto produtos perigosos e mudanças, intermunicipal, interestadual e internacional",GO,Centro Oeste,RIO VERDE,CIDADE EMPRESARIAL NOVA ALIANCA
4476,0,"2024-04-08","2024-04-08","2026-01-31",10000000,Não,,Construção de edifícios,SP,Sudeste,AMERICO BRASILIENSE,JARDIM MARIA LUIZA
4477,0,"2024-04-08","2024-04-08","2025-12-31",5000000.0,Não,,"Comércio atacadista de sementes, flores, plantas e gramas",SP,Sudeste,SAO PAULO,VILA ESPANHOLA
4478,0,"2024-04-08","2024-04-08","2024-09-30",0.0,Não,,"Serviços de cartografia, topografia e geodésia",RJ,Sudeste,RIO DE JANEIRO,PRACA SECA
4479,0,"2024-04-09","2024-04-09","2025-12-31",10000000,Não,,Outras obras de instalações em construções não especificadas anteriormente,SP,Sudeste,SAO PAULO,CONJUNTO HABITACIONAL SANTA ETELVINA II
4480,0,"2024-04-09","2024-04-09","2025-11-30",10000000,Não,,Serviços especializados para construção não especificados anteriormente,SP,Sudeste,RIBEIRAO PRETO,ANTONIO MARINCEK
4481,0,"2024-04-09","2024-04-09","2024-09-30",5000000.0,Não,,"Aluguel de outras máquinas e equipamentos comerciais e industriais não especificados anteriormente, sem operador",RJ,Sudeste,DUQUE DE CAXIAS,PARQUE DUQUE
4482,934,"2024-03-15","2025-10-10","2026-01-31",30000000,Não,,Preparação de documentos e serviços especializados de apoio administrativo não especificados anteriormente,SP,Sudeste,BARUERI,Alphaville Industrial
4483,934,"2024-03-15","2025-10-10","2026-01-31",30000000,Não,,Comércio atacadista de carnes bovinas e suínas e derivados,MT,Centro Oeste,GUARANTA DO NORTE,CENTRO
4484,934,"2024-03-15","2025-10-10","2026-01-31",30000000,Não,,Comércio atacadista de carnes bovinas e suínas e derivados,PA,Norte,XINGUARA,Centro
4485,0,"2024-04-09","2024-04-09","2026-01-31",30000000,Não,,Comércio atacadista de cereais e leguminosas beneficiados,TO,Norte,TALISMA,CENTRO
4486,0,"2024-04-09","2024-04-09","1900-01-01",0.0,Não,,Comércio varejista de equipamentos para escritório,RJ,Sudeste,VOLTA REDONDA,ATERRADO
4487,0,"2024-04-11","2024-04-11","2025-12-31",5000000.0,Não,,"Comércio varejista especializado de peças e acessórios para aparelhos eletroeletrônicos para uso doméstico, exceto informática e comunicação",SP,Sudeste,SAO PAULO,JARDIM PLANALTO
4488,0,"2024-04-11","2024-04-11","2026-01-31",10000000,Não,,Coleta de resíduos não-perigosos,SP,Sudeste,SUMARE,JARDIM MARIA ANTONIA (NOVA VENEZA)
4489,0,"2024-04-11","2024-04-11","1900-01-01",0.0,Não,,"Fabricação de aparelhos e equipamentos de medida, teste e controle",SP,Sudeste,ITATIBA,JARDIM DELFORNO
4490,0,"2023-03-09","2024-12-09","2025-03-31",2000000.0,Sim,"2024-04-16",Sem Segmento,SE,Nordeste,ARACAJU,Inácio Barbosa
4491,0,"2023-10-20","2025-07-04","2025-10-31",6000000.0,Não,,Comércio atacadista de fumo em folha não beneficiado,RS,Sul,SOBRADINHO,INDUSTRIAL  I
4492,933,"2024-03-15","2025-06-13","2025-09-30",2000000.0,Não,,Sem Segmento,SP,Sudeste,GUARULHOS,Água Chata
4493,933,"2024-03-25","2025-06-13","2025-09-30",2000000.0,Não,,"Atividades de consultoria em gestão empresarial, exceto consultoria técnica específica",SP,Sudeste,BARUERI,ALPHAVILLE
4494,933,"2024-03-25","2025-06-13","2025-09-30",2000000.0,Não,,Holdings de instituições não-financeiras,SP,Sudeste,BARUERI,GREEN VALLEY ALPHAVILLE
4495,0,"2024-03-25","2024-06-17","2024-10-31",12000000,Não,,Fabricação de álcool,GO,Centro Oeste,JANDAIA,ZONA RURAL
4496,0,"2024-03-20","2024-04-15","2024-08-31",5000000.0,Não,,Comércio atacadista de medicamentos e drogas de uso humano,MG,Sudeste,ITAÚNA,Santa Mônica
4497,0,"2024-03-25","2024-04-15","2024-07-31",15000000,Não,,Incorporação de empreendimentos imobiliários,SP,Sudeste,SAO PAULO,PARAISO
4498,0,"2024-04-08","2024-04-15","2024-08-31",500000.0,Não,,Sem Segmento,SP,Sudeste,SÃO PAULO,Campo Belo
4499,0,"2024-04-16","2024-04-16","2026-01-31",30000000,Não,,"Transporte rodoviário de carga, exceto produtos perigosos e mudanças, intermunicipal, interestadual e internacional",TO,Norte,ALVORADA,SETOR ALVORADINHA
4500,0,"2024-04-16","2024-04-16","2025-11-30",10000000,Não,,Comércio atacadista de cimento,SP,Sudeste,FRANCA,JARDIM SAMELLO V
4501,0,"2024-04-16","2024-04-16","2024-09-30",5000000.0,Não,,Sem Segmento,SP,Sudeste,SAO PAULO,ACLIMACAO
4502,0,"2024-04-16","2024-04-16","2024-09-30",10000000,Não,,Sem Segmento,MG,Sudeste,ENTRE RIOS DE MINAS,Centro
4503,0,"2024-04-16","2024-04-16","2024-09-30",15000.0,Não,,Sem Segmento,GO,Centro Oeste,GOIÂNIA,Alto da Glória
4504,0,"2024-04-17","2024-04-17","1900-01-01",0.0,Não,,Comércio atacadista de máquinas e equipamentos para uso industrial; partes e peças,SP,Sudeste,SAO PAULO,CAMBUCI
4505,0,"2024-04-18","2024-04-18","2025-11-30",10000000,Não,,Sem Segmento,MG,Sudeste,IBERTIOGA,CENTRO
4506,0,"2024-04-18","2024-04-18","2025-02-28",5000000.0,Não,,Sem Segmento,MG,Sudeste,SRA DOS REMEDIOS,CENTRO
4507,0,"2024-04-18","2024-04-18","2025-11-30",15000000,Não,,Representantes comerciais e agentes do comércio de mercadorias em geral não especializado,SP,Sudeste,CAMPINAS,BONFIM
4508,0,"2024-04-18","2024-04-23","2024-07-31",18494863,Não,,"Atividades de intermediação e agenciamento de serviços e negócios em geral, exceto imobiliários",SP,Sudeste,SAO PAULO,JARDIM PAULISTANO
4509,195,"2024-03-26","2024-09-17","2025-01-31",15500000,Não,,Compra e venda de imóveis próprios,ES,Sudeste,MARILANDIA,SAPUCAIA
4510,195,"2024-03-26","2024-09-17","2025-01-31",15500000,Não,,Torrefação e moagem de café,MG,Sudeste,ANDRADAS,CONTENDAS
4511,0,"2024-03-05","2025-10-03","2026-02-28",7000000.0,Não,,Beneficiamento de arroz,RS,Sul,RIO GRANDE,ZONA PORTUARIA
4512,0,"2024-04-19","2024-04-19","2025-12-31",5000000.0,Não,,Fabricação de estruturas metálicas,GO,Centro Oeste,ANAPOLIS,RESIDENCIAL MORUMBI
4513,196,"2024-04-19","2025-06-10","2025-09-30",5000000.0,Não,,Comércio varejista de materiais de construção em geral,SP,Sudeste,SAO PAULO,CAMBUCI
4514,0,"2024-04-23","2024-04-23","2024-09-30",5000000.0,Não,,Demolição de edifícios e outras estruturas,SP,Sudeste,SAO PAULO,CIDADE DUTRA
4515,0,"2024-04-23","2024-04-23","2025-12-31",5000000.0,Não,,Demolição de edifícios e outras estruturas,SP,Sudeste,SAO PAULO,CIDADE DUTRA
4516,0,"2024-04-16","2024-04-23","2024-07-31",11000000,Não,,"Fundos de investimento, exceto previdenciários e imobiliários",SP,Sudeste,SÃO PAULO,Jardim Paulistano
4517,0,"2024-04-23","2024-04-23","1900-01-01",0.0,Não,,Sem Segmento,MG,Sudeste,BELO VALE,CENTRO
4518,0,"2024-04-23","2024-04-23","1900-01-01",0.0,Não,,Sem Segmento,MG,Sudeste,BETIM,FILADELFIA
4519,0,"2024-04-23","2024-04-23","1900-01-01",0.0,Não,,Sem Segmento,MG,Sudeste,MATEUS LEME,ZONA RURAL
4520,0,"2024-04-23","2024-04-23","2025-06-30",10000000,Não,,Sem Segmento,MG,Sudeste,"",zona rural
4521,0,"2024-04-23","2024-04-23","1900-01-01",0.0,Não,,Sem Segmento,MG,Sudeste,IGARAPE,CURRALINHO
4522,0,"2024-04-23","2024-04-23","2025-11-30",10000000,Não,,Sem Segmento,MG,Sudeste,IBERTIOGA,ZONA RURAL
4523,0,"2024-04-23","2024-04-23","2026-03-31",10000000,Não,,Sem Segmento,MG,Sudeste,ITAUNA,LOURDES
4524,0,"2024-04-23","2024-04-23","1900-01-01",0.0,Não,,Sem Segmento,MG,Sudeste,IBERTIOGA,ZONA RURAL
4525,0,"2024-04-23","2024-04-23","1900-01-01",0.0,Não,,Sem Segmento,MG,Sudeste,BELO HTE,LUXEMBURGO
4526,0,"2024-04-23","2024-04-23","1900-01-01",0.0,Não,,Sem Segmento,MG,Sudeste,BARBACENA,CARMO
4527,0,"2024-04-23","2024-04-23","1900-01-01",0.0,Não,,Sem Segmento,MG,Sudeste,BELO HTE,STO ANTONIO
4528,0,"2024-04-23","2024-04-23","1900-01-01",0.0,Não,,Sem Segmento,MG,Sudeste,BRUMADINHO,PIEDADE DO PARAOPEBA
4529,0,"2024-04-23","2024-04-23","1900-01-01",0.0,Não,,Sem Segmento,MG,Sudeste,CARANAIBA,CENTRO
4530,0,"2024-04-23","2024-04-23","2024-09-30",10000000,Não,,"Transporte rodoviário de carga, exceto produtos perigosos e mudanças, municipal",SP,Sudeste,SANTOS,CENTRO
4531,0,"2024-04-23","2024-04-23","2026-02-28",10000000,Não,,Comércio varejista de madeira e artefatos,AM,Norte,MANAUS,JORGE TEIXEIRA
4532,0,"2024-04-24","2024-04-24","2026-01-31",10000000,Não,,Comércio atacadista de ferragens e ferramentas,SP,Sudeste,SAO PAULO,JARDIM ARICANDUVA
4533,0,"2024-04-25","2024-04-25","2025-02-28",10000000,Não,,Sem Segmento,MG,Sudeste,BONFIM,""
4534,0,"2024-04-25","2024-04-25","2024-09-30",5000000.0,Não,,Descontaminação e outros serviços de gestão de resíduos,PR,Sul,PINHAIS,EMILIANO PERNETA
4535,0,"2024-04-24","2025-07-23","2025-12-31",11063000,Não,,"Atividades de intermediação e agenciamento de serviços e negócios em geral, exceto imobiliários",SP,Sudeste,SANTANA DE PARNAIBA,ALPHAVILLE
4536,0,"2024-04-25","2024-04-25","2025-12-31",5000000.0,Não,,Obras de terraplenagem,MG,Sudeste,JUIZ DE FORA,BARAO DO RETIRO
4537,0,"2024-04-25","2024-04-25","2024-09-30",10000000,Não,,Comércio atacadista de cereais e leguminosas beneficiados,GO,Centro Oeste,JATAI,CENTRO
4538,0,"2024-04-26","2024-04-26","2026-01-31",10000000,Não,,Comércio varejista de materiais de construção em geral,RJ,Sudeste,RIO DE JANEIRO,PILARES
4539,0,"2024-04-26","2024-04-26","2024-09-30",5000000.0,Não,,Serviços de engenharia,PE,Nordeste,CUSTODIA,CENTRO
4540,0,"2024-04-26","2024-04-26","2026-01-31",10000000,Não,,Preparação de documentos e serviços especializados de apoio administrativo não especificados anteriormente,SP,Sudeste,CAMPINAS,TAQUARAL
4541,937,"2023-08-25","2024-09-12","2025-02-28",10000000,Não,,"Comércio atacadista de produtos siderúrgicos e metalúrgicos, exceto para construção",SP,Sudeste,LEME,JARDIM TRAVAGIN
4542,937,"2024-04-12","2024-09-12","2025-02-28",10000000,Não,,"Comércio atacadista de produtos siderúrgicos e metalúrgicos, exceto para construção",SC,Sul,SAO FRANCISCO DO SUL,ACARAI
4543,400,"2022-05-16","2025-10-21","2026-02-28",3000000.0,Não,,"Comércio atacadista de mercadorias em geral, com predominância de produtos alimentícios",PR,Sul,CASCAVEL,Centro
4544,0,"2024-04-15","2024-07-24","2024-10-31",5000000.0,Não,,Produção de tubos de aço com costura,SP,Sudeste,COTIA,RIO COTIA
4545,0,"2024-04-29","2024-04-29","2030-05-31",0.0,Não,,Condomínios prediais,DF,Centro Oeste,BRASILIA,TAGUATINGA NORTE (TAGUATINGA)
4546,0,"2024-02-20","2024-09-02","2025-01-31",3000000.0,Não,,"Comércio atacadista de mercadorias em geral, com predominância de insumos agropecuários",RS,Sul,NOVA CANDELARIA,INTERIOR
4547,1042,"2024-03-25","2025-10-15","2025-11-30",10000000,Não,,Transporte rodoviário de produtos perigosos,BA,Nordeste,CAMACARI,POLO INDUSTRIAL DE CAMACARI
4548,0,"2024-04-29","2024-04-29","2025-03-31",5000000.0,Não,,Comércio varejista especializado de equipamentos de telefonia e comunicação,DF,Centro Oeste,BRASILIA,TAGUATINGA NORTE (TAGUATINGA)
4549,0,"2024-05-02","2024-05-02","2024-06-30",50000000,Não,,"Fundos de investimento, exceto previdenciários e imobiliários",SP,Sudeste,SÃO PAULO,Itaim Bibi
4550,0,"2024-05-02","2024-05-02","2026-01-31",10000000,Não,,Serviços de engenharia,SP,Sudeste,SANTOS,VILA MATHIAS
4551,0,"2024-05-02","2024-05-02","2025-12-31",5000000.0,Não,,Comércio varejista de materiais de construção em geral,RJ,Sudeste,TRES RIOS,CENTRO
4552,0,"2024-05-02","2024-05-02","1900-01-01",0.0,Não,,Fabricação de móveis com predominância de metal,PE,Nordeste,RECIFE,BOA VISTA
4553,0,"2022-04-05","2025-10-28","2026-03-31",14600000,Não,,Comércio atacadista especializado em outros produtos alimentícios não especificados anteriormente,SC,Sul,ITAJAI,SAO JOAO
4554,0,"2024-05-06","2024-05-06","2026-03-31",10000000,Não,,Outras obras de engenharia civil não especificadas anteriormente,RJ,Sudeste,TRES RIOS,CENTRO
4555,0,"2023-10-06","2024-09-20","2025-02-28",5000000.0,Sim,"2024-05-07","Fabricação de adubos e fertilizantes, exceto organo-minerais",MG,Sudeste,UBERLÂNDIA,Minas Gerais
4556,0,"2024-05-06","2024-05-06","2026-01-31",30000000,Não,,Comércio atacadista de cereais e leguminosas beneficiados,TO,Norte,ALVORADA,CENTRO
4557,0,"2024-05-07","2024-05-07","2024-10-31",5000000.0,Não,,Instalação de máquinas e equipamentos industriais,SP,Sudeste,CAIEIRAS,LARANJEIRAS
4558,0,"2024-05-07","2024-05-07","2025-11-30",5000000.0,Não,,Outras obras de engenharia civil não especificadas anteriormente,SP,Sudeste,INDAIATUBA,COMERCIAL VITORIA MARTINI
4559,0,"2024-05-08","2024-05-08","2024-10-31",15000000,Não,,Comércio atacadista de matérias-primas agrícolas com atividade de fracionamento e acondicionamento associada,TO,Norte,ITAPIRATINS,CENTRO
4560,0,"2023-10-03","2024-09-30","2025-01-31",6000000.0,Não,,Comércio atacadista de animais vivos,SC,Sul,GUARACIABA,INTERIOR
4561,1181,"2024-04-18","2025-11-04","2026-01-31",48000000,Não,,Incorporação de empreendimentos imobiliários,SP,Sudeste,SAO PAULO,CERQUEIRA CESAR
4562,0,"2024-03-05","2024-05-20","2024-10-31",10000000,Não,,"Fabricação de adubos e fertilizantes, exceto organo-minerais",SP,Sudeste,JARDINÓPOLIS,AREA INDUSTRIAL
4563,0,"2024-05-14","2024-05-14","1900-01-01",0.0,Não,,"Comércio varejista de cal, areia, pedra britada, tijolos e telhas",GO,Centro Oeste,ANAPOLIS,PARQUE BRASILIA 2Âª ETAPA
4564,0,"2024-05-15","2024-05-15","2026-01-31",10000000,Não,,Construção de edifícios,SP,Sudeste,INDAIATUBA,VILA ALMEIDA
4565,0,"2023-03-09","2024-05-15","2024-07-31",15000000,Não,,Sem Segmento,SP,Sudeste,SÃO PAULO,Bela Vista
4566,0,"2024-05-15","2024-05-15","2025-11-30",5000000.0,Não,,Treinamento em desenvolvimento profissional e gerencial,SP,Sudeste,SAO PAULO,VILA MARIANA
4567,0,"2024-05-15","2024-05-15","2026-01-31",10000000,Não,,Outras obras de acabamento da construção,SP,Sudeste,SAO PAULO,PARQUE SAO JOSE
4568,0,"2024-05-15","2024-05-15","2025-11-30",10000000,Não,,Serviços de pintura de edifícios em geral,SP,Sudeste,RIO CLARO,PARQUE MAE PRETA
4569,0,"2024-05-16","2024-05-16","2026-02-28",10000000,Não,,Operador de transporte multimodal - OTM,SP,Sudeste,SANTOS,CENTRO
4570,0,"2024-05-17","2024-05-17","2026-01-31",10000000,Não,,"Aluguel de máquinas e equipamentos para construção sem operador, exceto andaimes",SP,Sudeste,INDAIATUBA,CENTRO
4571,0,"2024-05-17","2024-05-17","2025-03-31",5000000.0,Não,,"Transporte rodoviário de carga, exceto produtos perigosos e mudanças, intermunicipal, interestadual e internacional",RS,Sul,SANTA ROSA,GLORIA
4572,0,"2024-05-20","2024-05-20","2026-01-31",30000000,Não,,Comércio atacadista de cereais e leguminosas beneficiados,MA,Nordeste,BALSAS,CATUMBI
4573,0,"2024-05-20","2024-05-20","2026-01-31",10000000,Não,,Serviços de engenharia,SP,Sudeste,SAO PAULO,VILA JAGUARA
4574,0,"2024-05-20","2024-05-20","2025-08-31",10000000,Não,,Sem Segmento,MT,Centro Oeste,PRIMAVERA DO LESTE,VL GOULART
4575,0,"2024-05-20","2024-05-20","2025-04-30",5000000.0,Não,,Sem Segmento,MT,Centro Oeste,NORTELÂNDIA,ZONA RURAL
4576,0,"2023-08-18","2024-05-20","2024-10-31",12000000,Não,,Construção de rodovias e ferrovias,SP,Sudeste,SÃO CARLOS,Centro
4577,0,"2024-02-23","2025-07-18","2025-11-30",20000000,Sim,"2024-05-07",Fabricação de açúcar em bruto,SP,Sudeste,COSMOPOLIS,ZONA RURAL
4578,892,"2024-04-25","2025-10-24","2025-12-31",710000000,Não,,Serviços de engenharia,SP,Sudeste,RIO CLARO,JARDIM EUROPA
4579,0,"2024-05-21","2024-05-21","2025-12-31",10000000,Não,,"SERVICOS DE USINAGENS, TORNEARIA E SOLDA",MG,Sudeste,MONTES CLAROS,EDGAR PEREIRA
4580,0,"2024-05-21","2024-05-21","2026-02-28",10000000,Não,,Serviços de engenharia,GO,Centro Oeste,FORMOSA,Jardim Triângulo
4581,0,"2024-05-21","2024-05-21","1900-01-01",0.0,Não,,"Fabricação de máquinas e aparelhos de refrigeração e ventilação para uso industrial e comercial, peças e acessórios",RS,Sul,PORTO ALEGRE,Jardim São Pedro
4582,0,"2024-05-21","2024-05-21","2025-06-30",30000000,Não,,Manutenção e reparação de equipamentos e produtos não especificados anteriormente,SP,Sudeste,TREMEMBE,CENTRO
4583,0,"2024-05-21","2024-05-21","2026-01-31",5000000.0,Não,,Montagem de estruturas metálicas,SP,Sudeste,JACAREI,JARDIM MARIA AMELIA
4584,0,"2024-05-22","2024-05-22","1900-01-01",0.0,Não,,Sem Segmento,"","","",""
4585,0,"2024-05-22","2024-05-22","2025-12-31",10000000,Não,,Sem Segmento,MG,Sudeste,BELO VALE,ZONA RURAL
4586,0,"2024-05-22","2024-05-22","2025-11-30",10000000,Não,,Serviços de pintura de edifícios em geral,SP,Sudeste,ARARAS,PARQUE DAS ARVORES
4587,0,"2024-05-24","2024-05-24","2026-01-31",10000000,Não,,Sem Segmento,MT,Centro Oeste,DIAMANTINO,JD TANGARA 1
4588,0,"2024-05-24","2024-05-24","2026-01-31",10000000,Não,,Serviços de engenharia,SP,Sudeste,SAO PAULO,SANTANA
4589,0,"2024-05-24","2024-05-24","2026-01-31",10000000,Não,,Serviços de engenharia,SP,Sudeste,SAO PAULO,VILA PREL
4590,0,"2023-08-21","2024-05-27","2024-09-30",10000000,Não,,Fabricação de açúcar em bruto,SP,Sudeste,AVANHANDAVA,FAZ.MOVA RECREIO
4591,0,"2023-08-30","2024-05-27","2024-08-31",5000000.0,Não,,Criação de camarões em água salgada e salobra,CE,Nordeste,ARACATI,SEDE ZONA RURAL
4592,0,"2024-05-27","2024-05-27","2026-01-31",5000000.0,Não,,Aluguel de máquinas e equipamentos agrícolas sem operador,GO,Centro Oeste,GOIANESIA,SAO CRISTOVAO
4593,0,"2024-04-24","2024-05-28","2024-10-31",1500000.0,Não,,Reforma de pneumáticos usados,RO,Norte,JI-PARANA,DISTRITO INDUSTRIAL
4594,982,"2024-05-07","2025-10-31","2026-02-28",4727000.0,Não,,"Transporte rodoviário de carga, exceto produtos perigosos e mudanças, intermunicipal, interestadual e internacional",SC,Sul,ITAJAI,CANHANDUBA
4595,0,"2024-05-10","2025-03-05","2025-07-31",5000000.0,Não,,Comércio atacadista de cereais e leguminosas beneficiados,MG,Sudeste,UBERLANDIA,FUNDINHO
4596,0,"2024-05-28","2024-05-28","2026-02-28",30000000,Não,,Comércio atacadista de cereais e leguminosas beneficiados,TO,Norte,PRESIDENTE KENNEDY,ENTRONCAMENTO
4597,400,"2022-05-16","2025-10-21","2026-02-28",3000000.0,Não,,"Comércio atacadista de mercadorias em geral, com predominância de produtos alimentícios",PR,Sul,CASCAVEL,Centro
4598,0,"2024-04-24","2025-08-29","2026-01-31",17000000,Não,,Sem Segmento,AL,Nordeste,SAO LUIS DO QUI,ZONA RURAL
4599,0,"2024-05-29","2024-05-29","2025-04-30",5000000.0,Não,,Aluguel de máquinas e equipamentos agrícolas sem operador,MG,Sudeste,RIO PARANAIBA,SAO CRISTOVAO
4600,0,"2024-05-31","2024-05-31","2025-09-30",5000000.0,Não,,"Transporte rodoviário de carga, exceto produtos perigosos e mudanças, intermunicipal, interestadual e internacional",RS,Sul,SANTA CRUZ DO SUL,GOIAS
4601,0,"2024-06-03","2024-06-03","2025-09-30",5000000.0,Não,,Construção de edifícios,PR,Sul,CAMPO LARGO,Centro
4602,0,"2024-04-11","2025-10-06","2026-01-31",13000000,Não,,Geração de energia elétrica,SP,Sudeste,IBIRAREMA,ZONA RURAL
4603,0,"2022-08-10","2024-06-03","2024-09-30",2500000.0,Não,,Fabricação de biscoitos e bolachas,PA,Norte,CASTANHAL,Saudade I
4604,0,"2024-06-03","2024-06-03","1900-01-01",0.0,Não,,Sem Segmento,SP,Sudeste,SAO JOSE DO RIO,Distrito Industrial
4605,0,"2024-06-04","2024-06-04","2026-04-30",30000000,Não,,"Fabricação de óleos vegetais refinados, exceto óleo de milho",PA,Norte,ACARÁ,ZONA RURAL
4606,140,"2023-12-04","2024-08-07","2024-11-30",138600000,Não,,Fabricação de outras peças e acessórios para veículos automotores não especificadas anteriormente,SP,Sudeste,SAO PAULO,VILA MARIANA
4607,0,"2024-06-05","2024-06-05","2026-02-28",10000000,Não,,Comércio varejista de produtos saneantes domissanitários,DF,Centro Oeste,BRASILIA,ASA SUL
4608,892,"2024-04-18","2025-10-24","2025-12-31",710000000,Não,,Incorporação de empreendimentos imobiliários,SP,Sudeste,RIO CLARO,JARDIM EUROPA
4609,892,"2024-04-18","2025-10-24","2025-12-31",710000000,Não,,Incorporação de empreendimentos imobiliários,SP,Sudeste,RIO CLARO,Centro
4610,892,"2024-04-18","2025-10-24","2025-12-31",710000000,Não,,Incorporação de empreendimentos imobiliários,SP,Sudeste,RIO CLARO,JARDIM EUROPA
4611,892,"2024-04-18","2025-10-24","2025-12-31",710000000,Não,,Incorporação de empreendimentos imobiliários,SP,Sudeste,RIO CLARO,Centro
4612,892,"2024-05-15","2025-10-24","2025-12-31",710000000,Não,,Incorporação de empreendimentos imobiliários,SP,Sudeste,RIO CLARO,Centro
4613,944,"2024-05-31","2024-12-09","2025-12-31",30000000,Não,,Comércio atacadista de cereais e leguminosas beneficiados,GO,Centro Oeste,ITUMBIARA,SETOR OESTE
4614,0,"2024-06-10","2024-06-10","2026-01-31",10000000,Não,,Sem Segmento,RS,Sul,SAO LUIZ GONZAGA,CENTRO
4615,0,"2024-06-10","2024-06-10","2025-05-31",5000000.0,Não,,Sem Segmento,RS,Sul,CHIAPETTA,Centro
4616,0,"2024-06-10","2024-06-10","2025-05-31",5000000.0,Não,,Sem Segmento,RS,Sul,SANTO AUGUSTO,GETULIO VARGAS
4617,0,"2024-06-10","2024-06-10","2026-02-28",10000000,Não,,Hotéis,PR,Sul,ARAUCARIA,ESTACAO
4618,801,"2024-06-06","2024-09-11","2024-11-30",19300000,Não,,"Fabricação de óleos vegetais em bruto, exceto óleo de milho",BA,Nordeste,FEIRA DE SANTANA,Limoeiro
4619,943,"2022-11-23","2024-07-23","2024-12-31",8000000.0,Não,,Atividades de pós-colheita,MT,Centro Oeste,PEDRA PRETA,ZONA RURAL
4620,0,"2024-06-11","2024-06-11","2026-02-28",10000000,Não,,"Transporte rodoviário de carga, exceto produtos perigosos e mudanças, municipal",SP,Sudeste,PAULINIA,VISTA ALEGRE
4621,0,"2024-06-11","2024-06-11","2025-11-30",10000000,Não,,Outras obras de acabamento da construção,SP,Sudeste,CAMPINAS,CIDADE SATELITE IRIS
4622,0,"2024-06-11","2024-06-11","2025-11-30",5000000.0,Não,,"Fabricação de máquinas e equipamentos para saneamento básico e ambiental, peças e acessórios",SP,Sudeste,PIRACICABA,DOIS CORREGOS
4623,0,"2024-06-12","2024-06-12","2025-05-31",5000000.0,Não,,Sem Segmento,RS,Sul,SAO LUIZ GONZAGA,CENTRO
4624,0,"2024-06-12","2024-06-12","2025-11-30",5000000.0,Não,,Sem Segmento,RS,Sul,IJUI,CENTRO
4625,0,"2024-06-12","2024-06-12","2025-05-31",5000000.0,Não,,Sem Segmento,RS,Sul,SANTO AUGUSTO,GETULIO VARGAS
4626,0,"2024-06-14","2024-06-14","1900-01-01",0.0,Não,,Limpeza em prédios e em domicílios,MG,Sudeste,MONTES CLAROS,VARGEM GRANDE II
4627,0,"2024-06-14","2024-06-14","2026-02-28",10000000,Não,,Obras de terraplenagem,AM,Norte,MANAUS,TARUMA
4628,0,"2024-06-14","2024-06-14","2026-02-28",10000000,Não,,Comércio varejista de materiais de construção em geral,SP,Sudeste,VALINHOS,ORTIZES
4629,0,"2024-06-17","2024-06-17","2026-02-28",10000000,Não,,"Aluguel de máquinas e equipamentos para construção sem operador, exceto andaimes",SP,Sudeste,ARARAS,CENTRO
4630,0,"2024-06-17","2024-06-17","2026-02-28",10000000,Não,,Comércio varejista de materiais de construção em geral,SP,Sudeste,PAULINIA,VILA JOSE PAULINO NOGUEIRA
4631,0,"2024-06-17","2024-06-17","1900-01-01",0.0,Não,,Comércio atacadista de ferragens e ferramentas,SP,Sudeste,PORTO FELIZ,JARDIM BELA VISTA
4632,0,"2024-06-03","2024-08-06","2024-10-31",11300000,Não,,Comércio atacadista de medicamentos e drogas de uso humano,SC,Sul,JOINVILLE,SANTO ANTONIO
4633,0,"2024-06-18","2024-06-18","2026-02-28",5000000.0,Não,,Instalação de máquinas e equipamentos industriais,SP,Sudeste,SERTAOZINHO,JARDIM BELO HORIZONTE DO TAMBURY
4634,0,"2024-06-18","2024-06-18","2025-12-31",10000000,Não,,Comércio varejista de madeira e artefatos,SP,Sudeste,MONTE MOR,ATERRADO
4635,0,"2024-06-18","2024-06-18","2025-06-30",5000000.0,Não,,Comércio varejista de outros produtos não especificados anteriormente,SP,Sudeste,SERTÃOZINHO,Jardim São José
4636,0,"2024-06-18","2024-06-18","2026-04-30",30000000,Não,,Fabricação de alimentos para animais,TO,Norte,FORMOSO DO ARAGUAIA,SETOR SAO JOSE I
4637,0,"2024-06-19","2024-06-19","2025-09-30",5000000.0,Não,,"Comércio varejista de cal, areia, pedra britada, tijolos e telhas",DF,Centro Oeste,BRASILIA,BRASILIA
4638,0,"2024-06-19","2024-06-19","2025-05-31",10000000,Não,,Sem Segmento,MG,Sudeste,BELO VLE,ZONA RURAL
4639,0,"2024-06-19","2024-06-19","2025-05-31",10000000,Não,,Sem Segmento,MG,Sudeste,PIRACEMA,AREA RURAL
4640,0,"2024-06-19","2024-06-19","2025-09-30",5000000.0,Não,,Perfurações e sondagens,PR,Sul,ITAPERUCU,JARDIM FABIANA
4641,0,"2024-06-20","2024-06-20","1900-01-01",0.0,Não,,Sem Segmento,MG,Sudeste,IBERTIOGA,B SANTANA
4642,0,"2024-06-21","2024-06-21","2026-03-31",5000000.0,Não,,Fabricação de produtos de limpeza e polimento,RN,Nordeste,PARELHAS,CENTRO
4643,0,"2024-06-21","2025-03-27","2025-06-30",3000000.0,Não,,"Fabricação de máquinas-ferramenta, peças e acessórios",SP,Sudeste,SÃO PAULO,Vila Morumbi
4644,0,"2024-06-21","2024-06-21","2025-11-30",10000000,Não,,Fabricação de outros artigos de carpintaria para construção,SP,Sudeste,LIMEIRA,DISTRITO INDUSTRIAL PREFEITO SEBASTIAO FUMAGALLI
4645,0,"2024-06-21","2024-06-21","2026-02-28",10000000,Não,,Comércio varejista de móveis,PR,Sul,CURITIBA,CIDADE INDUSTRIAL
4646,0,"2024-06-17","2024-06-24","2024-09-30",100000.0,Não,,Serviços advocatícios,SP,Sudeste,ASSIS,JARDIM PAULISTA
4647,0,"2024-06-24","2024-06-24","2025-11-30",10000000,Não,,Obras de alvenaria,SP,Sudeste,AMERICANA,PARQUE SAO JERONIMO
4648,0,"2024-06-24","2024-06-24","2025-11-30",10000000,Não,,Construção de edifícios,SP,Sudeste,SAO PAULO,ITAIM PAULISTA
4649,0,"2024-06-24","2024-06-24","2025-11-30",10000000,Não,,Construção de edifícios,SP,Sudeste,SAO PAULO,JARDIM PEROLA II
4650,0,"2024-06-25","2024-06-25","1900-01-01",0.0,Não,,Sem Segmento,MG,Sudeste,ANTONIO CARLOS,ZONA RURAL
4651,140,"2024-06-19","2024-12-23","2025-04-30",138600000,Não,,Consultoria em tecnologia da informação,SP,Sudeste,SAO PAULO,VILA MARIANA
4652,0,"2024-06-26","2024-06-26","2026-03-31",10000000,Não,,Comércio varejista especializado de equipamentos e suprimentos de informática,SP,Sudeste,SAO PAULO,BELENZINHO
4653,0,"2024-06-26","2024-06-26","2025-05-31",10000000,Não,,Sem Segmento,MG,Sudeste,PIRACEMA,CENTRO
4657,0,"2024-06-24","2024-06-28","2024-11-30",15500000,Não,,Securitização de créditos,SP,Sudeste,SAO PAULO,VILA OLIMPIA
4658,0,"2024-06-26","2024-06-28","2024-11-30",1000000.0,Não,,Preparação de documentos e serviços especializados de apoio administrativo não especificados anteriormente,SP,Sudeste,SAO PAULO,VILA UBERABINHA
4659,0,"2024-06-26","2024-12-27","2025-01-31",100000.0,Não,,Preparação de documentos e serviços especializados de apoio administrativo não especificados anteriormente,SP,Sudeste,SAO PAULO,PARAISO
4660,0,"2024-06-26","2024-08-07","2024-10-31",1000000.0,Não,,Preparação de documentos e serviços especializados de apoio administrativo não especificados anteriormente,SP,Sudeste,SAO PAULO,PARAISO
4663,926,"2024-02-07","2025-05-06","2025-07-31",11000000,Não,,Fabricação de colchões,GO,Centro Oeste,APARECIDA DE GOIANIA,PARQUE INDUSTRIAL APARECIDA VICE-PRESIDENTE JOSE D
4664,0,"2024-04-18","2024-06-28","2024-10-31",1000000.0,Não,,"Confecção de peças do vestuário, exceto roupas íntimas e as confeccionadas sob medida",SC,Sul,GUARAMIRIM,IMIGRANTES
4665,0,"2024-04-19","2024-06-28","2024-10-31",2500000.0,Não,,Fabricação de outros produtos têxteis não especificados anteriormente,SP,Sudeste,CAFELANDIA,CENTRO
4666,0,"2022-03-16","2025-09-29","2025-12-31",1150000.0,Sim,"2024-07-04",Tecelagem de fios de algodão,SE,Nordeste,NEÓPOLIS,PASSAGEM
4667,0,"2022-06-02","2024-06-28","2024-11-30",18000000,Não,,Abate de aves,PR,Sul,JAGUAPITA,SEDE
4668,0,"2024-06-28","2024-06-28","1900-01-01",0.0,Não,,Aplicação de revestimentos e de resinas em interiores e exteriores,MG,Sudeste,BELO HORIZONTE,ITAPOA
4669,0,"2024-07-01","2024-07-01","2026-02-28",10000000,Não,,"Transporte rodoviário de carga, exceto produtos perigosos e mudanças, intermunicipal, interestadual e internacional",SP,Sudeste,SAO PAULO,MIRANDOPOLIS
4670,0,"2024-07-01","2024-07-01","2026-02-28",10000000,Não,,Serviços de operação e fornecimento de equipamentos para transporte e elevação de cargas e pessoas para uso em obras,SP,Sudeste,SAO PAULO,MIRANDOPOLIS
4671,0,"2024-07-01","2024-07-01","2026-02-28",10000000,Não,,"Transporte rodoviário de carga, exceto produtos perigosos e mudanças, intermunicipal, interestadual e internacional",SP,Sudeste,SAO PAULO,MIRANDOPOLIS
4672,0,"2024-07-01","2024-07-01","2025-12-31",100000000,Não,,Serviços combinados de escritório e apoio administrativo,SP,Sudeste,RIO CLARO,VILA OPERARIA
4673,0,"2024-07-01","2024-07-01","2025-12-31",10000000,Não,,Construção de edifícios,SP,Sudeste,SAO PAULO,CHACARA SANTA MARIA
4674,0,"2022-10-06","2024-07-01","2024-09-30",2000000.0,Não,,Comércio atacadista de cereais e leguminosas beneficiados,GO,Centro Oeste,JATAÍ,Jardim Floresta
4675,0,"2024-07-01","2024-07-01","2026-04-30",30000000,Não,,Comércio atacadista de matérias-primas agrícolas não especificadas anteriormente,RS,Sul,TRES PASSOS,PINDORAMA
4676,0,"2024-07-01","2024-07-01","2026-04-30",30000000,Não,,Fabricação de alimentos para animais,TO,Norte,CARIRI DO TOCANTINS,ZONA EXTENCAO URBANA
4677,0,"2024-07-01","2024-07-01","2026-04-30",30000000,Não,,Comércio atacadista de cereais e leguminosas beneficiados,SC,Sul,FLORIANOPOLIS,ITACORUBI
4678,0,"2024-07-02","2024-07-02","2025-08-31",5000000.0,Não,,Comércio varejista de material elétrico,SP,Sudeste,TAIUVA,CENTRO
4679,0,"2024-07-03","2024-07-03","2025-11-30",10000000,Não,,Obras de fundações,SP,Sudeste,CAMPINAS,PARQUE MARIA HELENA
4680,0,"2024-07-03","2024-07-03","2026-01-31",10000000,Não,,Serviços de engenharia,SP,Sudeste,CAMPINAS,JARDIM EULINA
4681,0,"2024-07-03","2024-07-03","2025-11-30",10000000,Não,,Construção de edifícios,SP,Sudeste,ITAQUAQUECETUBA,RESIDENCIAL PAMELA
4682,0,"2024-07-04","2024-07-04","2025-06-30",10000000,Não,,"Transporte rodoviário de carga, exceto produtos perigosos e mudanças, intermunicipal, interestadual e internacional",MG,Sudeste,CAMPO BELO,VILA SAO JORGE
4683,0,"2024-07-04","2024-07-04","2025-06-30",10000000,Não,,"Transporte rodoviário de carga, exceto produtos perigosos e mudanças, intermunicipal, interestadual e internacional",MG,Sudeste,CONTAGEM,INDUSTRIAL
4684,0,"2024-07-08","2024-07-08","2025-05-31",5000000.0,Não,,Sem Segmento,GO,Centro Oeste,CRISTALINA,ST CENTRAL
4685,0,"2024-07-08","2024-07-08","2025-12-31",10000000,Não,,Sem Segmento,MG,Sudeste,SERRA DO SALITRE,POPULARES
4686,0,"2022-05-05","2025-05-19","2025-09-30",2500000.0,Sim,"2024-07-09",Serviços combinados de escritório e apoio administrativo,MG,Sudeste,EXTREMA,DOS PESSEGUEIROS
4687,0,"2024-04-05","2024-11-11","2025-03-31",15640000,Não,,Comércio atacadista de soja,MT,Centro Oeste,CLAUDIA,ZONA RURAL
4688,0,"2023-01-06","2024-12-03","2025-03-31",2000000.0,Sim,"2024-06-11",Fabricação de móveis com predominância de madeira,SC,Sul,SÃO BENTO DO SUL,Oxford
4689,0,"2024-07-08","2024-07-08","2025-05-31",5000000.0,Não,,Sem Segmento,PR,Sul,ASSAI,Centro
4690,946,"2024-06-27","2025-03-14","2025-06-30",510000.0,Não,,Holdings de instituições não-financeiras,DF,Centro Oeste,BRASILIA,ASA SUL
4691,946,"2024-06-27","2025-03-14","2025-06-30",510000.0,Não,,Fabricação de estruturas metálicas,DF,Centro Oeste,BRASILIA,ASA NORTE
4692,946,"2024-06-27","2025-03-14","2025-06-30",510000.0,Não,,Serviços de engenharia,DF,Centro Oeste,BRASILIA,ZONA INDUSTRIAL
4693,0,"2024-06-27","2024-07-08","2024-11-30",5000000.0,Não,,Fabricação de adubos e fertilizantes organo-minerais,PR,Sul,APUCARANA,Área Rural de Apucarana
4694,0,"2024-06-27","2024-07-08","2024-11-30",5000000.0,Não,,Sem Segmento,SP,Sudeste,PALMITAL,Centro
4695,0,"2024-06-26","2024-12-03","2025-03-31",2750000.0,Sim,"2024-07-24",Fabricação de pós alimentícios,SP,Sudeste,PEDREIRA,SANTA TEREZA
4696,0,"2024-07-02","2025-05-02","2025-07-31",273000.0,Não,,"Comércio atacadista de produtos alimentícios em geral, com atividade de fracionamento e acondicionamento associada",SC,Sul,ITAJAI,ITAIPAVA
4697,0,"2024-07-08","2024-07-08","1900-01-01",0.0,Não,,Comércio atacadista de roupas e acessórios para uso profissional e de segurança do trabalho,SP,Sudeste,GUARULHOS,CIDADE INDUSTRIAL SATELITE DE SAO PAULO
4698,949,"2024-07-04","2025-10-15","2026-01-31",10600000,Não,,"Transporte rodoviário de carga, exceto produtos perigosos e mudanças, intermunicipal, interestadual e internacional",SP,Sudeste,SANTOS,Centro
4699,0,"2024-07-09","2024-07-09","2025-12-31",10000000,Não,,Sem Segmento,MG,Sudeste,SABARA,ITACOLOMI
4700,0,"2024-07-09","2024-07-09","1900-01-01",0.0,Não,,Sem Segmento,MG,Sudeste,BONFIM DA FEIRA,CENTRO
4701,0,"2024-07-09","2024-07-09","1900-01-01",0.0,Não,,Sem Segmento,"","","",""
4702,0,"2024-07-10","2024-07-10","2030-07-11",0.0,Não,,"Locação de outros meios de transporte não especificados anteriormente, sem condutor",DF,Centro Oeste,BRASILIA,ZONA INDUSTRIAL (GUARA)
4703,0,"2024-07-10","2024-07-10","2026-03-31",5000000.0,Não,,Montagem de estruturas metálicas,TO,Norte,PORTO NACIONAL,VILA LUZIMANGUES
4704,0,"2024-07-11","2024-07-11","2025-06-30",10000000,Não,,"Transporte rodoviário de carga, exceto produtos perigosos e mudanças, intermunicipal, interestadual e internacional",MG,Sudeste,BONFIM,CENTRO
4705,0,"2024-07-11","2024-07-11","2026-03-31",10000000,Não,,"Serviços de cartografia, topografia e geodésia",DF,Centro Oeste,BRASILIA,REGIAO DOS LAGOS (SOBRADINHO)
4706,0,"2024-07-11","2024-07-11","2025-06-30",30000000,Não,,Comércio atacadista de soja,SC,Sul,CHAPECO,CENTRO
4707,0,"2024-07-12","2024-07-12","2025-12-31",5000000.0,Não,,"Comércio atacadista de produtos siderúrgicos e metalúrgicos, exceto para construção",SP,Sudeste,SAO PAULO,JARDIM JAPAO
4708,0,"2024-07-15","2024-07-15","1900-01-01",0.0,Não,,Comércio atacadista de outras máquinas e equipamentos não especificados anteriormente; partes e peças,DF,Centro Oeste,BRASILIA,ZONA INDUSTRIAL (GUARA)
4709,0,"2024-07-15","2024-07-15","2025-11-30",5000000.0,Não,,Obras de fundações,SP,Sudeste,POA,VILA JULIA
4710,991,"2024-01-23","2025-04-28","2025-06-30",3000000.0,Não,,"Fabricação de tintas, vernizes, esmaltes e lacas",MT,Centro Oeste,CUIABA,DISTRITO INDUSTRIAL
4711,991,"2024-01-23","2025-04-28","2025-06-30",3000000.0,Não,,Sem Segmento,GO,Centro Oeste,APARECIDA DE GOIÂNIA,Pólo Empresarial Goiás
4712,942,"2024-05-09","2024-07-15","2024-10-31",2000000.0,Não,,Limpeza em prédios e em domicílios,SP,Sudeste,SÃO PAULO,Cidade Monções
4713,942,"2024-05-09","2024-07-15","2024-10-31",2000000.0,Não,,"Serviços combinados para apoio a edifícios, exceto condomínios prediais",SP,Sudeste,JUNDIAÍ,Chácara Urbana
4714,796,"2022-12-02","2024-11-18","2025-02-28",4000000.0,Não,,Comércio varejista de tecidos,SC,Sul,BRUSQUE,Jardim Maluche
4715,0,"2024-06-10","2025-06-02","2025-09-30",3000000.0,Não,,Comércio atacadista de soja,MT,Centro Oeste,SINOP,SETOR INDUSTRIAL NORTE
4716,0,"2024-07-15","2024-07-15","2026-03-31",10000000,Não,,Construção de obras-de-arte especiais,SP,Sudeste,SAO PAULO,VILA GUARANI (Z SUL)
4717,0,"2024-07-15","2024-07-15","2025-11-30",5000000.0,Não,,Coleta de resíduos não-perigosos,DF,Centro Oeste,BRASILIA,CEILANDIA SUL (CEILANDIA)
4718,0,"2024-07-16","2024-07-16","2025-12-31",10000000,Não,,Obras de acabamento em gesso e estuque,SP,Sudeste,RIO CLARO,JARDIM CHERVESON
4719,0,"2024-07-16","2024-07-16","1900-01-01",0.0,Não,,Sem Segmento,MG,Sudeste,PERDOES,COHAB II
4720,0,"2024-07-16","2024-07-16","2026-03-31",10000000,Não,,"Transporte rodoviário de carga, exceto produtos perigosos e mudanças, intermunicipal, interestadual e internacional",MG,Sudeste,SAO JOAQUIM DE BICAS,TEREZA CRISTINA
4721,0,"2024-07-16","2024-07-16","1900-01-01",0.0,Não,,"Transporte rodoviário de carga, exceto produtos perigosos e mudanças, intermunicipal, interestadual e internacional",MG,Sudeste,BONFIM,BONFIM
4722,0,"2024-03-19","2024-07-16","2024-08-31",2000000.0,Não,,Construção de edifícios,MT,Centro Oeste,CUIABÁ,Centro Sul
4723,0,"2024-06-28","2024-07-17","2024-11-30",8000000.0,Não,,"Fundos de investimento, exceto previdenciários e imobiliários",SP,Sudeste,SAO PAULO,JARDIM PAULISTANO
4724,0,"2024-07-17","2024-07-17","1900-01-01",0.0,Não,,"Aluguel de máquinas e equipamentos para construção sem operador, exceto andaimes",DF,Centro Oeste,BRASILIA,LAGO SUL
4725,0,"2024-07-17","2024-07-17","2025-05-31",5000000.0,Não,,Sem Segmento,RS,Sul,CAPAO DA CANOA,CENTRO
4726,0,"2024-07-17","2024-07-17","2025-10-31",10000000,Não,,Sem Segmento,RS,Sul,TUPANCIRETA,CENTRO
4727,0,"2024-07-17","2024-07-17","2026-03-31",10000000,Não,,Sem Segmento,GO,Centro Oeste,ORIZONA,ST CENTRAL
4728,0,"2024-07-17","2024-07-17","2024-12-31",5000000.0,Não,,Sem Segmento,MG,Sudeste,"",ZONA RURAL
4729,0,"2024-07-17","2024-07-17","2024-12-31",5000000.0,Não,,Sem Segmento,MG,Sudeste,"",ZONA RURAL
4730,0,"2024-07-17","2024-07-17","2026-03-31",10000000,Não,,Sem Segmento,DF,Centro Oeste,BRASILIA,ST DE HABITACOES INDIVIDUAIS SUL
4731,0,"2024-07-17","2024-07-17","2024-12-31",5000000.0,Não,,Sem Segmento,MG,Sudeste,SANTA JULIANA,CENTRO
4732,0,"2024-07-17","2024-07-17","2024-12-31",5000000.0,Não,,Sem Segmento,MG,Sudeste,"",zona rural
4733,0,"2024-07-17","2024-07-17","2026-04-30",10000000,Não,,Sem Segmento,MG,Sudeste,UBERLÂNDIA,Saraiva
4734,0,"2024-07-17","2024-07-17","2024-12-31",5000000.0,Não,,Sem Segmento,MG,Sudeste,COROMANDEL,CENTRO
4735,0,"2024-07-17","2024-07-17","2024-12-31",5000000.0,Não,,Sem Segmento,GO,Centro Oeste,CRISTALINA,CENTRO N
4736,0,"2024-07-17","2024-07-17","2026-02-28",10000000,Não,,Sem Segmento,MG,Sudeste,PATROCÍNIO,ZONA RURAL
4737,0,"2024-07-17","2024-07-17","2024-12-31",5000000.0,Não,,Sem Segmento,MG,Sudeste,PERDIZES,FAZENDA
4738,0,"2024-07-17","2024-07-17","2025-12-31",10000000,Não,,Sem Segmento,RS,Sul,"",SANTA BARBARA DO SUL
4739,0,"2024-07-17","2024-07-17","2026-02-28",10000000,Não,,Sem Segmento,GO,Centro Oeste,MORRINHOS,""
4740,0,"2024-07-17","2024-07-17","2024-12-31",5000000.0,Não,,Sem Segmento,RS,Sul,TUPANCIRETA,CENTRO
4741,0,"2024-07-17","2024-07-17","2024-12-31",5000000.0,Não,,Sem Segmento,DF,Centro Oeste,BRASILIA,ST DE HABITACOES INDIVIDUAIS SUL
4742,0,"2024-07-18","2024-07-18","1900-01-01",0.0,Não,,"Transporte rodoviário de carga, exceto produtos perigosos e mudanças, intermunicipal, interestadual e internacional",DF,Centro Oeste,BRASILIA,SAMAMBAIA
4743,0,"2024-07-18","2024-07-18","2025-12-31",30000000,Não,,"Atividades de intermediação e agenciamento de serviços e negócios em geral, exceto imobiliários",BA,Nordeste,LUIS EDUARDO MAGALHAES,ZONA RURAL
4744,0,"2024-07-18","2024-07-18","1900-01-01",0.0,Não,,Comércio atacadista de soja,MA,Nordeste,BALSAS,CENTRO
4745,0,"2024-07-18","2024-07-18","1900-01-01",0.0,Não,,Comércio atacadista de cereais e leguminosas beneficiados,MG,Sudeste,UBERLANDIA,BRASIL
4746,0,"2024-07-18","2024-07-18","1900-01-01",0.0,Não,,"Comércio atacadista de cereais e leguminosas beneficiados, farinhas, amidos e féculas, com atividade de fracionamento e acondicionamento associada",GO,Centro Oeste,APARECIDA DE GOIANIA,JARDIM MONT SERRAT
4747,0,"2024-07-18","2024-07-18","2025-11-30",10000000,Não,,"Obras de urbanização - ruas, praças e calçadas",SP,Sudeste,LIMEIRA,CONJUNTO HABITACIONAL TANCREDO NEVES
4748,0,"2024-07-19","2024-07-19","2025-12-31",10000000,Não,,Serviços de operação e fornecimento de equipamentos para transporte e elevação de cargas e pessoas para uso em obras,SP,Sudeste,JAU,VILA NOVA JAU
4749,0,"2024-07-19","2024-07-19","2026-03-31",10000000,Não,,Obras de fundações,GO,Centro Oeste,GOIANIA,SETOR LESTE VILA NOVA
4750,0,"2024-07-19","2024-07-19","2024-12-31",5000000.0,Não,,Sem Segmento,GO,Centro Oeste,FORMOSA,ST SUL
4751,0,"2024-07-19","2024-07-19","2024-12-31",5000000.0,Não,,Sem Segmento,MT,Centro Oeste,NOVO SÃO JOAQUIM,CENTRO
4752,0,"2024-07-19","2024-07-19","2024-12-31",5000000.0,Não,,Sem Segmento,DF,Centro Oeste,BRASILIA,ST SUDOESTE
4753,0,"2024-07-19","2024-07-19","2025-12-31",10000000,Não,,Sem Segmento,MG,Sudeste,GUARDA-MOR,ZONA RURAL
4754,0,"2024-07-19","2024-07-19","2024-12-31",5000000.0,Não,,Sem Segmento,GO,Centro Oeste,SAO JOAO D ALIANCA,ZONA RURAL
4755,0,"2024-07-19","2024-07-19","2025-05-31",5000000.0,Não,,Sem Segmento,GO,Centro Oeste,FORMOSA,FORMOSINHA
4756,0,"2024-07-19","2024-07-19","2024-12-31",5000000.0,Não,,Sem Segmento,MG,Sudeste,PARACATU,CENTRO
4757,0,"2024-07-19","2024-07-19","2024-12-31",5000000.0,Não,,"Serviço de preparação de terreno, cultivo e colheita",MT,Centro Oeste,PRIMAVERA DO LESTE,CIDADE PRIMAVERA DO LESTE IV
4758,0,"2024-07-19","2024-07-19","2026-01-31",10000000,Não,,Serviços de engenharia,SP,Sudeste,CAMPINAS,LOTEAMENTO PARQUE DAS HORTENCIAS SOUSAS
4759,962,"2023-12-15","2025-02-11","2025-04-30",6400000.0,Não,,"Comércio atacadista de máquinas, aparelhos e equipamentos para uso agropecuário; partes e peças",MT,Centro Oeste,PRIMAVERA DO LESTE,CIDADE PRIMAVERA IV
4760,0,"2024-07-23","2024-07-23","2024-12-31",5000000.0,Não,,Comércio varejista de materiais de construção em geral,SP,Sudeste,SAO PAULO,JARDIM AVELINO
4761,0,"2024-07-23","2024-07-23","1900-01-01",0.0,Não,,Comércio atacadista de outras máquinas e equipamentos não especificados anteriormente; partes e peças,RJ,Sudeste,RIO DE JANEIRO,PAVUNA
4762,0,"2024-07-23","2024-07-23","1900-01-01",0.0,Não,,Holdings de instituições não-financeiras,RJ,Sudeste,RIO DE JANEIRO,PENHA CIRCULAR
4763,0,"2024-07-23","2024-07-23","2024-12-31",35000000,Não,,"Transporte rodoviário de carga, exceto produtos perigosos e mudanças, intermunicipal, interestadual e internacional",MG,Sudeste,PERDOES,COHAB II
4764,0,"2024-07-23","2024-07-23","2024-12-31",5000000.0,Não,,Comércio atacadista de roupas e acessórios para uso profissional e de segurança do trabalho,SP,Sudeste,GUARULHOS,CIDADE INDUSTRIAL SATELITE DE SAO PAULO
4765,0,"2024-07-24","2024-07-24","2026-03-31",10000000,Não,,"Transporte rodoviário de carga, exceto produtos perigosos e mudanças, intermunicipal, interestadual e internacional",SP,Sudeste,MAUA,CENTRO
4766,0,"2024-07-24","2024-07-24","2025-06-30",30000000,Não,,Comércio atacadista de óleos e gorduras,MA,Nordeste,IMPERATRIZ,Coco Grande
4767,0,"2024-07-25","2024-07-25","1900-01-01",0.0,Não,,Marketing direto,SP,Sudeste,SAO PAULO,CHACARA SANTO ANTONIO (ZONA SUL)
4768,0,"2024-07-26","2024-07-26","2025-11-30",10000000,Não,,Construção de edifícios,SP,Sudeste,SAO PAULO,JARDIM ICARAI
4769,0,"2024-07-26","2024-07-26","2025-11-30",10000000,Não,,Comércio varejista de outros produtos não especificados anteriormente,SP,Sudeste,BRAGANCA PAULISTA,JARDIM EUROPA
4770,0,"2024-07-26","2024-07-26","2025-11-30",10000000,Não,,Obras de alvenaria,SP,Sudeste,LIMEIRA,JARDIM SANTA LUIZA
4771,0,"2024-07-26","2024-07-26","2025-12-31",10000000,Não,,Instalação e manutenção elétrica,SP,Sudeste,RIO CLARO,VILA SAIBREIRO
4772,0,"2024-07-26","2024-07-26","2025-11-30",10000000,Não,,Comércio varejista de plantas e flores naturais,SP,Sudeste,RIO CLARO,KM 76 900 METROS
4773,0,"2024-07-26","2024-07-26","2025-11-30",10000000,Não,,Comércio varejista de plantas e flores naturais,SP,Sudeste,RIO CLARO,PARQUE UNIVERSITARIO
4774,0,"2024-07-26","2024-07-26","2025-11-30",10000000,Não,,Fabricação de esquadrias de metal,SP,Sudeste,SANTA BARBARA D'OESTE,DISTRITO INDUSTRIAL I
4775,0,"2024-07-05","2024-07-29","2024-11-30",3000000.0,Não,,Fabricação de artefatos de material plástico para outros usos não especificados anteriormente,RS,Sul,SANTA CRUZ DO SUL,DISTRITO INDUSTRIAL
4776,959,"2024-06-20","2025-09-29","2026-01-31",10000000,Não,,Comércio atacadista de medicamentos e drogas de uso humano,SP,Sudeste,SANTOS,Vila Belmiro
4777,0,"2024-07-16","2025-10-28","2026-02-28",19000000,Não,"2025-10-02","Atividades de intermediação e agenciamento de serviços e negócios em geral, exceto imobiliários",RJ,Sudeste,RIO DE JANEIRO,BARRA DA TIJUCA
4778,0,"2024-07-23","2024-07-29","2024-10-31",1000000.0,Não,,Holdings de instituições não-financeiras,SP,Sudeste,SÃO PAULO,Cambuci
4779,0,"2024-07-30","2024-07-30","2026-03-31",10000000,Não,,Comércio varejista especializado de equipamentos e suprimentos de informática,DF,Centro Oeste,BRASILIA,SAA
4780,0,"2024-07-26","2024-07-30","2024-12-31",110000.0,Não,,Sem Segmento,SP,Sudeste,SÃO PAULO,Várzea da Barra Funda
4781,0,"2024-07-30","2024-07-30","2024-12-31",5000000.0,Não,,Sem Segmento,SP,Sudeste,PARANAPANEMA,HOLAMBRA II
4782,0,"2024-07-30","2024-07-30","2026-01-31",30000000,Não,,Comércio atacadista de cereais e leguminosas beneficiados,TO,Norte,TAGUATINGA,INDUSTRIAL
4783,0,"2024-07-31","2024-07-31","2025-06-30",5000000.0,Não,,Sem Segmento,SP,Sudeste,TAQUARITUBA,CENTRO
4784,0,"2024-07-31","2024-07-31","2025-11-30",10000000,Não,,Instalação e manutenção elétrica,SP,Sudeste,CAMPINAS,CENTRO
4785,0,"2024-07-31","2024-07-31","2025-05-31",5000000.0,Não,,Sem Segmento,MG,Sudeste,PERDIZES,ZONA RURAL
4786,0,"2024-07-31","2024-07-31","2025-05-31",5000000.0,Não,,Sem Segmento,MG,Sudeste,NOVA PONTE,RODOVIA MG 190
4787,0,"2024-07-31","2024-07-31","2025-08-31",15000000,Não,,Sem Segmento,GO,Centro Oeste,"",ZONA RURAL
4788,0,"2024-07-31","2024-07-31","2025-05-31",5000000.0,Não,,Sem Segmento,MG,Sudeste,GUARDA-MOR,ZONA RURAL
4789,0,"2024-07-31","2024-07-31","2025-05-31",5000000.0,Não,,Sem Segmento,GO,Centro Oeste,PIRACANJUBA,ZONA RURAL
4790,0,"2024-07-31","2024-07-31","2025-06-30",5000000.0,Não,,Sem Segmento,SP,Sudeste,SAO PAULO,VL SUZANA
4791,0,"2024-07-31","2024-07-31","2025-01-31",5000000.0,Não,,Cultivo de milho,SP,Sudeste,ITAI,BELA VISTA
4792,0,"2024-07-29","2025-06-02","2025-08-31",5500000.0,Não,,Comércio atacadista de matérias-primas agrícolas não especificadas anteriormente,PR,Sul,CURITIBA,ALTO DA RUA XV
4793,0,"2024-07-31","2024-07-31","2025-11-30",5000000.0,Não,,Fabricação de outros produtos de metal não especificados anteriormente,GO,Centro Oeste,NOVO GAMA,RESIDENCIAL GREENVILLE I
4794,956,"2024-07-26","2025-06-16","2026-01-31",21000000,Não,,Comércio atacadista especializado em outros produtos alimentícios não especificados anteriormente,PI,Nordeste,OEIRAS,ROSARIO
4795,956,"2024-07-26","2025-06-16","2026-01-31",21000000,Sim,"2025-06-10",Alimentar,SP,Sudeste,RIO CLARO,JARDIM ANHANGUERA
4796,956,"2024-07-26","2025-06-16","2026-01-31",21000000,Sim,"2025-06-10",Comércio atacadista especializado em outros produtos alimentícios não especificados anteriormente,PI,Nordeste,OEIRAS,SOL NASCENTE
4797,0,"2024-08-01","2024-08-01","2025-06-30",5000000.0,Não,,Sem Segmento,MT,Centro Oeste,"",ZONA RURAL
4798,0,"2024-08-01","2024-08-01","2025-11-30",10000000,Sim,"2025-01-08",Comércio varejista de material elétrico,SP,Sudeste,GUARULHOS,VILA SAO RAFAEL
4799,0,"2023-11-08","2025-08-08","2026-01-31",30000000,Não,,Comércio atacadista de cereais e leguminosas beneficiados,BA,Nordeste,BARREIRAS,AREA RURAL DE BARREIRAS
4800,0,"2024-08-02","2024-08-02","1900-01-01",0.0,Não,,Comércio varejista de materiais de construção em geral,SP,Sudeste,ATIBAIA,PORTAO
4801,0,"2024-08-05","2024-08-05","1900-01-01",0.0,Não,,Instalação e manutenção elétrica,SP,Sudeste,SAO PAULO,JARDIM VILA FORMOSA
4802,0,"2024-06-20","2025-10-06","2026-01-31",2500000.0,Não,,Fabricação de outros produtos de metal não especificados anteriormente,PR,Sul,SAO JOSE DOS PINHAIS,COLONIA MURICI
4803,0,"2024-06-27","2024-12-19","2025-03-31",1000000.0,Não,,"Fabricação de fios, cabos e condutores elétricos isolados",MG,Sudeste,POÇOS DE CALDAS,Distrito Industrial
4804,0,"2024-06-10","2025-05-26","2025-09-30",2000000.0,Não,,"Fabricação de cosméticos, produtos de perfumaria e de higiene pessoal",SP,Sudeste,CABREÚVA,PEDREGULHO
4805,947,"2024-06-21","2024-08-05","2024-09-30",1000000.0,Não,,"Comércio atacadista de produtos da extração mineral, exceto combustíveis",MG,Sudeste,PARACATU,AREA RURAL DE PARACATU
4806,947,"2024-07-02","2024-08-05","2024-09-30",1000000.0,Não,,Extração e britamento de pedras e outros materiais para construção e beneficiamento associado,MG,Sudeste,ITAUNA,CENTRO
4807,947,"2024-07-02","2024-08-05","2024-09-30",1000000.0,Não,,"Atividades de consultoria em gestão empresarial, exceto consultoria técnica específica",MG,Sudeste,BOM DESPACHO,ENGENHO DO RIBEIRO
4808,950,"2022-06-24","2024-10-18","2025-02-28",3375000.0,Não,,Fabricação de laminados planos e tubulares de material plástico,SP,Sudeste,EMBU DAS ARTES,Quinhaú
4809,950,"2024-07-05","2024-10-18","2025-02-28",3375000.0,Não,,Fabricação de laminados planos e tubulares de material plástico,CE,Nordeste,MARACANAU,DISTRITO INDUSTRIAL I
4810,950,"2024-03-15","2024-10-18","2025-02-28",3375000.0,Não,,Fabricação de laminados planos e tubulares de material plástico,SP,Sudeste,EMBU DAS ARTES,QUINHAU
4811,0,"2024-08-05","2024-08-05","2025-12-31",5000000.0,Não,,Construção de estações e redes de distribuição de energia elétrica,TO,Norte,PALMAS,PLANO DIRETOR NORTE
4812,959,"2024-07-31","2025-09-29","2026-01-31",10000000,Não,,Comércio atacadista de medicamentos e drogas de uso humano,DF,Centro Oeste,BRASILIA,PONTE ALTA NORTE (GAMA)
4813,0,"2024-06-03","2024-08-06","2024-10-31",11300000,Não,,Comércio atacadista de medicamentos e drogas de uso humano,SP,Sudeste,JUNDIAÍ,Distrito Industrial
4814,0,"2024-08-06","2024-08-06","2025-12-31",5000000.0,Não,,Serviços de engenharia,RJ,Sudeste,RIO DE JANEIRO,BONSUCESSO
4815,0,"2024-08-07","2024-08-07","2025-01-31",5000000.0,Não,,"Transporte rodoviário de carga, exceto produtos perigosos e mudanças, intermunicipal, interestadual e internacional",MG,Sudeste,SAO GONCALO DO PARA,POVOADO CAMPO ALEGRE
4816,0,"2024-08-07","2024-08-07","2025-01-31",20000000,Não,,"Comércio atacadista de máquinas, aparelhos e equipamentos para uso agropecuário; partes e peças",SP,Sudeste,BEBEDOURO,RESIDENCIAL ANTONIA SANTAELLA
4817,0,"2024-08-08","2024-08-08","2025-08-31",10000000,Não,,Sem Segmento,MG,Sudeste,N PT,CENTRO
4818,0,"2024-08-08","2024-08-08","2025-08-31",10000000,Não,,Sem Segmento,MG,Sudeste,PERDIZES,ZONA RURAL
4819,0,"2024-08-08","2024-08-08","2025-08-31",10000000,Não,,Sem Segmento,MG,Sudeste,NOVA PONTE,ZONA RURAL
4820,0,"2024-08-08","2024-08-08","2025-12-31",10000000,Não,,Sem Segmento,GO,Centro Oeste,VIANÓPOLIS,ZONA RURAL
4821,0,"2024-08-08","2024-08-08","2025-08-31",10000000,Não,,Sem Segmento,GO,Centro Oeste,"",ZONA RURAL
4822,0,"2024-08-08","2024-08-08","2025-01-31",5000000.0,Não,,Sem Segmento,GO,Centro Oeste,GOIANIA,ST OESTE
4823,0,"2024-08-08","2024-08-08","2025-08-31",10000000,Não,,Sem Segmento,RS,Sul,SAO LUIZ GONZAGA,CENTRO
4824,0,"2024-08-08","2024-08-08","2025-08-31",10000000,Não,,Sem Segmento,SP,Sudeste,HOLAMBRA II,CPO DE HOLAMBRA
4825,0,"2024-08-08","2024-08-08","2025-12-31",10000000,Não,,"Serviços de organização de feiras, congressos, exposições e festas",SP,Sudeste,RIO CLARO,VILA SAO JOSE
4826,0,"2024-08-08","2024-08-08","2025-08-31",10000000,Não,,Sem Segmento,SP,Sudeste,SAO PAULO,BUTANTA
4827,0,"2024-08-08","2024-08-08","2025-08-31",10000000,Não,,Sem Segmento,SP,Sudeste,SAO PAULO,CITY AMERICA
4828,0,"2024-08-08","2024-08-08","2025-12-31",30000000,Não,,"Comércio atacadista de cereais e leguminosas beneficiados, farinhas, amidos e féculas, com atividade de fracionamento e acondicionamento associada",BA,Nordeste,BARREIRAS,AREA RURAL DE BARREIRAS
4829,0,"2024-08-09","2024-08-09","2025-08-31",10000000,Não,,Sem Segmento,GO,Centro Oeste,RIO VERDE,Setor Central
4830,0,"2024-08-09","2024-08-09","2025-08-31",10000000,Não,,Sem Segmento,GO,Centro Oeste,RIO VERDE,ST INDUSTRIAL
4831,0,"2024-08-12","2024-08-12","2025-08-31",10000000,Não,,Sem Segmento,MG,Sudeste,PARACATU,""
4832,0,"2024-08-12","2024-08-12","2025-08-31",10000000,Não,,Sem Segmento,SP,Sudeste,SAO PAULO,VL RE
4833,0,"2024-08-12","2024-08-12","2025-08-31",10000000,Não,,Sem Segmento,MG,Sudeste,PARACATU,CENTRO
4834,890,"2023-09-15","2025-10-31","2026-01-31",20000000,Não,,Comércio atacadista de medicamentos e drogas de uso humano,GO,Centro Oeste,APARECIDA DE GOIANIA,SETOR ARAGUAIA
4835,0,"2024-08-13","2024-08-13","2025-11-30",5000000.0,Não,,Sem Segmento,SP,Sudeste,LIMEIRA,VILA FASCINA
4836,0,"2024-08-13","2024-08-13","2025-08-31",10000000,Não,,Sem Segmento,MG,Sudeste,UNAÍ,Área Rural de Unaí
4837,0,"2024-08-13","2024-08-13","2026-02-28",10000000,Não,,Sem Segmento,GO,Centro Oeste,CRISTALINA,ZONA RURAL
4838,0,"2024-08-13","2024-08-13","2025-11-30",5000000.0,Não,,Comércio varejista de madeira e artefatos,SP,Sudeste,TABOAO DA SERRA,JARDIM SALETE
4839,0,"2024-08-13","2024-08-13","2026-03-31",10000000,Não,,Sem Segmento,SP,Sudeste,MOCOCA,JD MRO AZUL
4840,0,"2024-08-13","2024-08-13","2025-08-31",10000000,Não,,Sem Segmento,GO,Centro Oeste,"",ZONA RURAL
4841,0,"2024-08-01","2024-08-14","2024-12-31",5000000.0,Não,,Armazéns gerais - emissão de warrant,RJ,Sudeste,RESENDE,POLO INDUSTRIAL I
4843,348,"2024-08-01","2025-10-29","2026-02-28",11000000,Não,,"Comércio atacadista de defensivos agrícolas, adubos, fertilizantes e corretivos do solo",PR,Sul,FAXINAL,JD LOS ANGELES
4844,0,"2024-08-15","2024-08-15","2025-11-30",5000000.0,Não,,Construção de edifícios,SP,Sudeste,SAO PAULO,CHACARA DA ENSEADA
4845,0,"2024-08-15","2024-08-15","2026-01-31",5000000.0,Não,,Sem Segmento,SP,Sudeste,BIRIGÜI,Chácara de Recreio Terence
4847,0,"2024-08-05","2024-08-15","2025-01-31",1000000.0,Sim,"2024-08-13","Fabricação de outros produtos derivados do petróleo, exceto produtos do refino",SP,Sudeste,MAUA,JARDIM SONIA MARIA
4848,0,"2024-08-15","2024-08-15","2025-11-30",5000000.0,Não,,Serviços de engenharia,SP,Sudeste,SAO PAULO,AGUA BRANCA
4849,0,"2024-08-15","2024-08-15","2026-02-28",10000000,Não,,Comércio varejista de materiais de construção não especificados anteriormente,SP,Sudeste,SÃO PAULO,Jardim São Roberto
4850,0,"2024-08-16","2024-08-16","2025-12-31",30000000,Não,,"Transporte rodoviário de carga, exceto produtos perigosos e mudanças, intermunicipal, interestadual e internacional",GO,Centro Oeste,GOIATUBA,SETOR IMPERIAL
4851,0,"2024-08-16","2024-08-16","2025-12-31",10000000,Não,,Outras obras de instalações em construções não especificadas anteriormente,SP,Sudeste,SAO PAULO,PARQUE CÍSPER
4852,0,"2024-08-16","2024-08-16","2025-12-31",10000000,Não,,Preparação de canteiro e limpeza de terreno,SP,Sudeste,ITAPECERICA DA SERRA,DA LAGOA
4853,0,"2024-08-16","2024-08-16","2025-12-31",10000000,Não,,Serviços especializados para construção não especificados anteriormente,SP,Sudeste,SAO PAULO,VILA CORDEIRO
4854,0,"2024-08-16","2024-08-16","2025-12-31",10000000,Não,,Serviços de engenharia,SP,Sudeste,AMERICANA,INDUSTRIAL JD WERNER PLAAS
4855,0,"2024-08-19","2024-08-19","2025-08-31",10000000,Não,,Sem Segmento,GO,Centro Oeste,"",ZONA RURAL
4856,0,"2024-08-19","2024-08-19","2026-03-31",10000000,Não,,Sem Segmento,GO,Centro Oeste,"",ZONA RURAL
4857,0,"2024-08-19","2024-08-19","2025-08-31",10000000,Não,,Sem Segmento,MG,Sudeste,ARAGUARI,FATIMA
4858,0,"2024-08-19","2024-08-19","2025-12-31",10000000,Não,,Construção de edifícios,SP,Sudeste,SUMARE,PARQUE DA AMIZADE (NOVA VENEZA)
4859,0,"2024-08-19","2024-08-19","2026-02-28",10000000,Não,,Sem Segmento,GO,Centro Oeste,"",ZONA RURAL
4860,0,"2024-08-19","2024-08-19","2025-11-30",20000000,Não,,"Comércio atacadista de defensivos agrícolas, adubos, fertilizantes e corretivos do solo",SP,Sudeste,CAMPINAS,PARQUE SANTA BARBARA
4861,240,"2024-08-14","2025-10-21","2026-02-28",43000000,Não,,Comércio atacadista de produtos alimentícios em geral,SP,Sudeste,CUBATÃO,Jardim das Indústrias
4862,0,"2024-08-20","2024-08-20","2025-12-31",10000000,Não,,"Aluguel de máquinas e equipamentos para construção sem operador, exceto andaimes",PR,Sul,MARINGA,JARDIM NOVO ALVORADA
4863,0,"2024-08-22","2024-08-22","1900-01-01",0.0,Não,,"Aluguel de máquinas e equipamentos para construção sem operador, exceto andaimes",SP,Sudeste,SAO PAULO,JARDIM PAULISTANO
4864,0,"2024-08-19","2024-08-23","2024-11-30",1000000.0,Não,,Comércio atacadista de medicamentos e drogas de uso humano,SP,Sudeste,SAO JOSE DO RIO PRETO,DISTRITO INDUSTRIAL
4865,0,"2024-08-26","2024-08-26","2025-08-31",10000000,Não,,Sem Segmento,MG,Sudeste,UNAI,JARDIM
4866,0,"2024-07-10","2024-08-26","2025-01-31",1000000.0,Não,,Comércio atacadista de calçados,SP,Sudeste,SAO PAULO,VILA MARIANA
4867,0,"2024-08-02","2024-09-17","2025-01-31",2010000.0,Não,,Serviços de engenharia,SP,Sudeste,RIBEIRAO PRETO,JARDIM CALIFORNIA
4868,993,"2024-01-15","2024-08-26","2025-01-31",5000000.0,Não,,Sem Segmento,SP,Sudeste,SALTO,SALTO DE SAO JOSE
4869,962,"2024-05-08","2025-02-11","2025-04-30",6400000.0,Não,,"Comércio atacadista de máquinas, aparelhos e equipamentos para uso agropecuário; partes e peças",SP,Sudeste,RIBEIRAO PRETO,NOVA RIBEIRANIA
4870,137,"2022-02-21","2025-10-31","2025-11-30",5000000.0,Não,,Fabricação de produtos de carne,MT,Centro Oeste,VARZEA GRANDE,GLORIA
4871,0,"2024-08-27","2024-08-27","2025-11-30",5000000.0,Não,,Coleta de resíduos não-perigosos,RJ,Sudeste,TRES RIOS,CENTRO
4872,960,"2024-07-31","2024-08-27","2025-01-31",10000000,Não,,Holdings de instituições não-financeiras,SP,Sudeste,SAO PAULO,PINHEIROS
4873,0,"2024-08-26","2024-08-28","2024-12-31",5000000.0,Não,,Comércio por atacado de pneumáticos e câmaras-de-ar,SP,Sudeste,SAO PAULO,VILA GERTRUDES
4874,971,"2022-10-06","2024-12-17","2025-02-28",10200000,Sim,"2024-08-28",Comércio a varejo de pneumáticos e câmaras-de-ar,GO,Centro Oeste,GOIANIA,SETOR MARISTA
4875,971,"2024-08-21","2024-12-17","2025-02-28",10200000,Não,,Comércio a varejo de pneumáticos e câmaras-de-ar,GO,Centro Oeste,GOIANIA,ZONA INDUSTRIAL PEDRO ABRAO
4876,0,"2024-08-28","2024-08-28","2025-12-31",10000000,Não,,Construção de edifícios,SP,Sudeste,SOROCABA,VILA TRUJILLO
4877,0,"2024-08-29","2024-08-29","2025-01-31",10000000,Não,,Sem Segmento,TO,Norte,SANTA FE DO ARAGUAIA,ZONA RURAL
4878,0,"2024-08-29","2024-08-29","2021-12-31",0.0,Não,,Sem Segmento,SP,Sudeste,SÃO PAULO,Paraíso
4879,0,"2024-08-30","2024-08-30","2025-12-31",5000000.0,Não,,Comércio atacadista de máquinas e equipamentos para uso comercial; partes e peças,SP,Sudeste,SANTO ANDRE,PARQUE ERASMO ASSUNCAO
4880,0,"2024-08-30","2024-08-30","2025-01-31",10000000,Não,,Sem Segmento,PA,Norte,SAO GERALDO DO ARAGUAIA,S GERALDO DO ARAGU
4881,0,"2024-08-30","2024-08-30","2026-01-31",10000000,Não,,Sem Segmento,MG,Sudeste,PARACATU,ZONA RURAL
4882,0,"2024-08-30","2024-08-30","2025-08-31",10000000,Não,,Sem Segmento,DF,Centro Oeste,BRASILIA,ASA NORTE
4883,0,"2024-08-30","2024-08-30","2025-08-31",10000000,Não,,Sem Segmento,DF,Centro Oeste,BRASILIA,ST DE HABITACOES INDIVIDUAIS SUL
4884,0,"2024-08-30","2024-08-30","2025-08-31",10000000,Não,,Sem Segmento,GO,Centro Oeste,CRISTALINA,ZONA RURAL
4885,0,"2024-08-05","2024-09-02","2025-01-31",1500000.0,Não,,"Comércio atacadista de defensivos agrícolas, adubos, fertilizantes e corretivos do solo",GO,Centro Oeste,LUZIANIA,PARQUE ESTRELA DALVA I
4886,860,"2023-04-27","2025-10-28","2026-02-28",5345000.0,Não,,Comércio atacadista de cereais e leguminosas beneficiados,GO,Centro Oeste,INHUMAS,Área Rural de Inhumas
4887,860,"2023-04-27","2025-10-28","2026-02-28",5345000.0,Não,,Armazéns gerais - emissão de warrant,GO,Centro Oeste,INHUMAS,ZONA RURAL
4888,860,"2023-04-27","2025-10-28","2026-02-28",5345000.0,Não,,"Comércio atacadista de sementes, flores, plantas e gramas",GO,Centro Oeste,SILVÂNIA,SETOR CENTRAL
4889,969,"2024-08-19","2025-09-18","2026-01-31",311000.0,Não,,"Fabricação de produtos de papel, cartolina, papel-cartão e papelão ondulado para uso comercial e de escritório",PR,Sul,TELÊMACO BORBA,Centro
4890,992,"2024-07-10","2025-08-21","2026-01-31",25000000,Não,,Armazéns gerais - emissão de warrant,MT,Centro Oeste,SORRISO,Industrial - 1ª Etapa
4891,0,"2024-08-09","2024-09-02","2024-12-31",1400000.0,Não,,Comércio atacadista de energia elétrica,GO,Centro Oeste,GOIANIA,JD GOIAS
4892,958,"2023-02-13","2025-07-30","2025-11-30",35000000,Não,,Sem Segmento,SP,Sudeste,SÃO PAULO,Vila Olímpia
4893,958,"2024-06-28","2024-09-02","2024-12-31",35000000,Não,,Comércio atacadista de cosméticos e produtos de perfumaria,SP,Sudeste,SAO PAULO,VILA OLIMPIA
4894,958,"2023-02-13","2025-07-30","2025-11-30",35000000,Não,,Comércio varejista de produtos alimentícios em geral ou especializado em produtos alimentícios não especificados anteriormente,SP,Sudeste,SÃO PAULO,Vila Olímpia
4895,0,"2024-09-02","2024-09-02","2025-02-28",10000000,Não,,Sem Segmento,TO,Norte,ARAGUAINA,JD MANSOES PALMEIRAS
4896,0,"2024-09-02","2024-09-02","2025-12-31",5000000.0,Não,,Montagem de estruturas metálicas,GO,Centro Oeste,GOIANESIA,RESIDENCIAL LAURENTINO MARTINS
4897,0,"2024-09-02","2024-09-02","1900-01-01",0.0,Não,,Fabricação de outros produtos de metal não especificados anteriormente,SP,Sudeste,SAO PAULO,VILA LEOPOLDINA
4898,0,"2024-09-02","2024-09-02","1900-01-01",0.0,Não,,Criação de bovinos para corte,TO,Norte,ANANAS,ZONA RUAL
4899,0,"2024-09-02","2024-09-02","2025-02-28",10000000,Não,,Sem Segmento,TO,Norte,AUGUSTINOPOLIS,CENTRO
4900,0,"2024-09-02","2024-09-02","2025-02-28",10000000,Não,,Sem Segmento,PA,Norte,PICARRA,ZONA RURAL
4901,0,"2024-09-03","2024-09-03","2025-02-28",10000000,Não,,Sem Segmento,TO,Norte,CARRASCO BONITO,CENTRO
4902,0,"2024-09-03","2024-09-03","1900-01-01",0.0,Não,,Outras atividades de serviços prestados principalmente às empresas não especificadas anteriormente,GO,Centro Oeste,GOIANIA,SET SUL
4903,0,"2024-09-04","2024-09-04","2025-02-28",5000000.0,Não,,Cultivo de soja,SP,Sudeste,RIBEIRAO PRETO,JARDIM CALIFORNIA
4904,0,"2024-09-04","2024-09-04","1900-01-01",0.0,Não,,Fabricação de outros produtos de metal não especificados anteriormente,SP,Sudeste,RIBEIRAO PIRES,REPRESA
4905,0,"2024-09-04","2024-09-04","2026-01-31",10000000,Não,,Construção de edifícios,PE,Nordeste,CUSTODIA,VARZEA
4906,0,"2024-09-05","2024-09-05","1900-01-01",0.0,Não,,"Agenciamento de cargas, exceto para o transporte marítimo",TO,Norte,COLINAS DO TOCANTINS,SETOR CAMPINAS
4907,0,"2024-09-05","2024-09-05","2025-02-28",10000000,Não,,Sem Segmento,TO,Norte,BANDEIRANTES DO TOCANTINS,ZONA RURAL
4908,0,"2024-09-05","2024-09-05","2026-01-31",30000000,Não,,Cultivo de milho,TO,Norte,COLINAS DO TOCANTINS,SANTO ANTONIO
4909,0,"2024-09-05","2024-09-05","2025-02-28",10000000,Não,,Sem Segmento,PA,Norte,PALESTINA DO PARA,ZONA RURAL
4910,0,"2024-09-05","2024-09-05","2025-02-28",10000000,Não,,Sem Segmento,TO,Norte,ARAGUAINA,ST CENTRAL
4911,0,"2024-09-05","2024-09-05","2025-02-28",10000000,Não,,Sem Segmento,SP,Sudeste,SAO PAULO,VL CLEMENTINO
4912,0,"2024-09-05","2024-09-05","2025-02-28",10000000,Não,,Sem Segmento,TO,Norte,FILADELFIA,ZONA RURAL
4913,0,"2024-09-05","2024-09-05","2025-02-28",10000000,Não,,Sem Segmento,TO,Norte,FILADELFIA,ZONA RURAL
4914,0,"2024-09-05","2024-09-05","2025-02-28",10000000,Não,,Sem Segmento,PA,Norte,SAO FELIX DO XINGU,ZONA RURAL
4915,993,"2024-01-15","2024-10-04","2025-01-31",5000000.0,Não,,Fabricação de papel,SP,Sudeste,SALTO,SALTO DE SAO JOSE
4916,0,"2024-09-06","2024-09-06","2026-01-31",10000000,Não,,Obras de alvenaria,SP,Sudeste,LEME,JARDIM SAO RAFAEL
4917,0,"2024-08-06","2025-09-18","2025-12-31",476000.0,Não,,"Fabricação de conservas de legumes e outros vegetais, exceto palmito",GO,Centro Oeste,MORRINHOS,ZONA RURAL
4918,965,"2022-09-05","2025-05-15","2025-08-31",2350000.0,Sim,"2024-09-10",Fabricação de papel,SP,Sudeste,LUIS ANTONIO,DISTRITO INDUSTRIAL
4919,965,"2024-08-02","2025-05-15","2025-08-31",2350000.0,Sim,"2024-09-11",Fabricação de papel,SP,Sudeste,RIBEIRAO PRETO,JARDIM PROFESSOR ANTONIO PALOCCI
4920,0,"2024-08-06","2025-02-07","2025-02-28",4000000.0,Não,,"Produção de sementes certificadas, exceto de forrageiras para pasto",GO,Centro Oeste,MONTIVIDIU,ZONA RURAL
4921,0,"2024-09-10","2024-09-10","2025-12-31",5000000.0,Não,,Comércio varejista de outros produtos não especificados anteriormente,MG,Sudeste,BELO HORIZONTE,FLORAMAR
4922,0,"2024-09-10","2024-09-10","2025-12-31",5000000.0,Não,,"Transporte rodoviário de carga, exceto produtos perigosos e mudanças, intermunicipal, interestadual e internacional",RJ,Sudeste,TRES RIOS,PONTO AZUL
4923,976,"2024-06-05","2024-09-11","2024-11-30",15000000,Sim,"2024-06-04",Sem Segmento,MG,Sudeste,PIRAPORA,Distrito Industrial
4924,0,"2024-09-11","2024-09-11","2026-01-31",10000000,Não,,"Aluguel de máquinas e equipamentos para construção sem operador, exceto andaimes",SP,Sudeste,GUARULHOS,PQ SAO GERALDO
4925,1005,"2023-04-04","2025-10-28","2026-02-28",2442000.0,Não,,Treinamento em desenvolvimento profissional e gerencial,SP,Sudeste,SAO PAULO,JARDIM PAULISTANO
4926,0,"2024-09-12","2024-09-12","2025-12-31",5000000.0,Não,,"Comércio atacadista de máquinas, equipamentos para terraplenagem, mineração e construção; partes e peças",ES,Sudeste,SERRA,CIVIT II
4927,0,"2024-09-12","2024-09-12","2025-02-28",5000000.0,Não,,Serviços de agronomia e de consultoria às atividades agrícolas e pecuárias,RS,Sul,PALMEIRA DAS MISSOES,DISTRITO INDUSTRIAL
4928,0,"2024-09-12","2024-09-12","2025-12-31",5000000.0,Não,,Comércio varejista de tintas e materiais para pintura,SP,Sudeste,COTIA,JARDIM GUERREIRO
4929,0,"2024-09-12","2024-09-12","2025-02-28",10000000,Não,,Sem Segmento,TO,Norte,COLINAS DO TOCANTINS,""
4930,0,"2024-09-12","2024-09-12","2025-12-31",5000000.0,Não,,"Transporte rodoviário de carga, exceto produtos perigosos e mudanças, municipal",MG,Sudeste,MONTES CLAROS,ALCIDES RABELO
4931,0,"2024-09-12","2024-09-12","2030-09-13",0.0,Não,,"Fabricação de outras máquinas e equipamentos de uso geral não especificados anteriormente, peças e acessórios",RJ,Sudeste,RIO DE JANEIRO,PENHA
4932,0,"2024-09-12","2024-09-12","2025-02-28",10000000,Não,,Sem Segmento,TO,Norte,CAJAMAR,ST CENTRAL
4933,0,"2024-09-12","2024-09-12","2026-01-31",10000000,Não,,Preparação de documentos e serviços especializados de apoio administrativo não especificados anteriormente,SP,Sudeste,RIO CLARO,JARDIM OPERARIA
4934,0,"2024-09-12","2024-09-12","2026-01-31",10000000,Não,,Preparação de documentos e serviços especializados de apoio administrativo não especificados anteriormente,SP,Sudeste,PIRACICABA,LOTEAMENTO SAO FRANCISCO
4935,0,"2024-09-12","2024-09-12","2026-01-31",10000000,Não,,Serviços de engenharia,SP,Sudeste,CORDEIROPOLIS,CONJUNTO HABITACIONAL SANTA LUZIA
4936,0,"2024-09-12","2024-09-12","2026-01-31",10000000,Não,,Serviços de arquitetura,SP,Sudeste,AREALVA,CENTRO
4937,0,"2024-09-12","2024-09-12","2026-01-31",10000000,Não,,Serviços combinados de escritório e apoio administrativo,SP,Sudeste,SAO PAULO,VILA JAGUARA
4938,0,"2024-09-12","2024-09-12","1900-01-01",0.0,Não,,Produção de artefatos estampados de metal,SP,Sudeste,CAMPINAS,VILA AEROPORTO
4939,937,"2024-09-11","2024-09-12","2025-02-28",10000000,Não,,Sem Segmento,SC,Sul,SÃO FRANCISCO DO SUL,Iperoba
4940,235,"2024-09-10","2025-10-30","2026-02-28",8177000.0,Não,,Sem Segmento,RJ,Sudeste,DUQUE DE CAXIAS,Xerém
4941,0,"2024-09-12","2024-09-12","2026-01-31",10000000,Não,,Serviços de engenharia,SP,Sudeste,CAMPINAS,SWIFT
4942,1137,"2024-09-06","2025-11-04","2026-01-31",190000000,Não,,Preparação do leite,MG,Sudeste,ITAPECERICA,LAMOUNIER
4943,0,"2024-08-28","2024-09-17","2025-01-31",3900000.0,Não,,Comércio atacadista de lubrificantes,SP,Sudeste,PIRACICABA,UNILESTE
4944,0,"2022-08-25","2024-12-23","2025-01-31",2000000.0,Não,,"Fabricação de frutas cristalizadas, balas e semelhantes",SP,Sudeste,MARILIA,DISTRITO INDUSTRIAL
4945,853,"2023-04-17","2024-11-19","2025-02-28",34000000,Não,,Sem Segmento,TO,Norte,CAMPOS LINDOS,ZONA RURAL
4946,0,"2024-09-17","2024-09-17","2030-09-17",0.0,Não,,Comércio varejista de materiais de construção em geral,DF,Centro Oeste,BRASILIA,SETOR INDUSTRIAL (TAGUATINGA)
4947,0,"2024-08-06","2024-09-17","2024-12-31",100000.0,Não,,Sem Segmento,GO,Centro Oeste,MINEIROS,Mineirinho
4948,0,"2024-09-17","2024-09-17","2025-02-28",10000000,Não,,Sem Segmento,TO,Norte,BURITI DO TOCANTINS,ZONA RURAL
4949,0,"2024-09-17","2024-09-17","2025-02-28",10000000,Não,,Sem Segmento,TO,Norte,ARAGUAINA,LOT MANOEL GOMES DA CUNHA
4950,0,"2024-09-17","2024-09-17","2025-02-28",10000000,Não,,Sem Segmento,RJ,Sudeste,DUQUE DE CAXIAS,VL IDEAL
4951,0,"2024-09-17","2024-09-17","2026-01-31",10000000,Não,,Serviços de engenharia,SP,Sudeste,LIMEIRA,VILA SANTA LINA
4952,0,"2024-09-17","2024-09-17","2026-01-31",10000000,Não,,Serviços de engenharia,SP,Sudeste,PIRACICABA,SAO DIMAS
4953,0,"2024-09-17","2024-09-17","2026-01-31",10000000,Não,,Serviços de engenharia,SP,Sudeste,RIO CLARO,CENTRO
4954,0,"2024-09-17","2024-09-17","2026-01-31",10000000,Não,,Serviços de engenharia,SP,Sudeste,SANTA BARBARA D'OESTE,VILA BRASIL
4955,0,"2024-09-17","2024-09-17","2026-01-31",10000000,Não,,Construção de edifícios,SP,Sudeste,FRANCISCO MORATO,JARDIM GENNARI
4956,0,"2024-09-17","2024-09-17","2026-01-31",10000000,Não,,Serviços de engenharia,SP,Sudeste,SANTA BARBARA D'OESTE,JARDIM DAS LARANJEIRAS
4957,0,"2024-09-18","2024-09-18","2025-03-31",5000000.0,Não,,Comércio varejista de madeira e artefatos,DF,Centro Oeste,BRASILIA,SETOR INDUSTRIAL (TAGUATINGA)
4958,0,"2024-09-18","2024-09-18","1900-01-01",0.0,Não,,Atividades de vigilância e segurança privada,RJ,Sudeste,BARRA MANSA,JARDIM BOA VISTA
4959,981,"2024-09-16","2024-09-18","2024-11-30",21000000,Não,,Armazéns gerais - emissão de warrant,GO,Centro Oeste,FORMOSA,VILLAGE
4960,981,"2022-11-21","2024-09-18","2024-11-30",21000000,Não,,Armazéns gerais - emissão de warrant,GO,Centro Oeste,FORMOSA,VILLAGE
4961,0,"2024-09-18","2024-09-18","2025-12-31",5000000.0,Não,,"Manutenção e reparação de geradores, transformadores e motores elétricos",SP,Sudeste,CAIEIRAS,LARANJEIRAS
4962,0,"2024-08-28","2024-10-17","2025-02-28",2700000.0,Não,,Fabricação de peças e acessórios para o sistema de freios de veículos automotores,PR,Sul,CURITIBA,CIC
4963,0,"2022-02-21","2024-09-19","2025-01-31",2000000.0,Não,,"Comércio atacadista de defensivos agrícolas, adubos, fertilizantes e corretivos do solo",SP,Sudeste,AMERICANA,JARDIM SANTANA II
4964,0,"2024-09-19","2024-09-19","1900-01-01",0.0,Não,,Comércio varejista de equipamentos para escritório,RJ,Sudeste,RESENDE,COMERCIAL
4965,0,"2024-09-19","2024-09-19","2025-03-31",30000000,Não,,Sem Segmento,RJ,Sudeste,RIO DE JANEIRO,Santa Cruz
4966,0,"2024-09-19","2024-09-19","1900-01-01",0.0,Não,,Fabricação de artefatos de tanoaria e de embalagens de madeira,SP,Sudeste,TREMEMBE,DO BERIZAL
4967,0,"2024-09-19","2024-09-19","1900-01-01",0.0,Não,,Comércio varejista de ferragens e ferramentas,RJ,Sudeste,BARRA MANSA,SAO LUIS
4968,0,"2024-09-19","2024-09-19","1900-01-01",0.0,Não,,"SERVICOS DE USINAGENS, TORNEARIA E SOLDA",RJ,Sudeste,BARRA MANSA,VILA NOVA
4969,0,"2024-09-19","2024-09-19","2025-04-30",5000000.0,Não,,"Fabricação de equipamentos para irrigação agrícola, peças e acessórios",SP,Sudeste,HOLAMBRA,ZONA RURAL
4970,0,"2024-09-20","2024-09-20","2025-12-31",5000000.0,Não,,Comércio varejista de materiais de construção em geral,RJ,Sudeste,COMENDADOR LEVY GASPARIAN,CENTRO
4971,0,"2024-08-31","2025-08-18","2025-11-30",11385000,Não,,Transporte rodoviário de produtos perigosos,TO,Norte,FATIMA,ZONA URBANA
4972,0,"2023-08-25","2025-02-25","2025-07-31",3000000.0,Não,,"Transporte rodoviário de carga, exceto produtos perigosos e mudanças, intermunicipal, interestadual e internacional",BA,Nordeste,LUIS EDUARDO MAGALHAES,BOA VISTA
4973,0,"2024-09-23","2024-09-23","2026-01-31",5000000.0,Não,,Instalações de sistema de prevenção contra incêndio,SP,Sudeste,VINHEDO,NOVA VINHEDO
4974,0,"2024-09-23","2024-09-23","2025-12-31",5000000.0,Não,,Manutenção e reparação de outras máquinas e equipamentos para usos industriais não especificados anteriormente,GO,Centro Oeste,GOIANIA,LOT CELINA PARK
4975,0,"2024-09-23","2024-09-23","2025-02-28",5000000.0,Não,,"Atividades de consultoria em gestão empresarial, exceto consultoria técnica específica",SP,Sudeste,CONCHAL,TUJUGUABA
4976,0,"2024-09-23","2024-09-23","2025-07-31",5000000.0,Não,,Serviço de pulverização e controle de pragas agrícolas,PR,Sul,GUARAPUAVA,CENTRO
4977,0,"2024-09-23","2024-09-23","2025-12-31",5000000.0,Não,,Obras de terraplenagem,RJ,Sudeste,RIO DE JANEIRO,TAQUARA
4978,0,"2024-09-24","2024-09-24","2026-01-31",30000000,Não,,Comércio atacadista de cereais e leguminosas beneficiados,TO,Norte,COLINAS DO TOCANTINS,CENTRO
4979,0,"2024-09-24","2024-09-24","2030-09-26",0.0,Não,,Distribuição de água por caminhões,SP,Sudeste,PAULINIA,BETEL
4980,0,"2024-09-13","2025-04-03","2025-08-31",100000000,Não,,"Outras sociedades de participação, exceto holdings",SP,Sudeste,ITUPEVA,LOTEAMENTO DA PRATA
4981,0,"2024-09-26","2024-09-26","1900-01-01",0.0,Não,,Obras de fundações,SP,Sudeste,SAO PAULO,VILA MONTE ALEGRE
4982,0,"2024-09-26","2024-09-26","1900-01-01",0.0,Não,,Obras de fundações,SP,Sudeste,SAO PAULO,VILA MONTE ALEGRE
4983,0,"2024-09-10","2024-09-30","2025-02-28",10000.0,Não,,Preparação de documentos e serviços especializados de apoio administrativo não especificados anteriormente,SP,Sudeste,SÃO PAULO,Aclimação
4984,339,"2024-09-17","2025-06-11","2025-11-30",19000000,Não,,Torrefação e moagem de café,SP,Sudeste,CAMPINAS,CHACARAS CAMPOS DOS AMARAIS
4985,0,"2023-08-23","2025-02-11","2025-05-31",10000000,Não,,Fabricação de papel,SC,Sul,CACADOR,BOM SUCESSO
4986,0,"2024-09-20","2025-09-29","2026-01-31",4150000.0,Não,,"Confecção de peças do vestuário, exceto roupas íntimas e as confeccionadas sob medida",SP,Sudeste,SAO PAULO,BRAS
4987,0,"2024-09-30","2024-09-30","1900-01-01",0.0,Não,,Sem Segmento,SP,Sudeste,SAO PAULO,Cerqueira César
4988,0,"2024-10-01","2024-10-01","2026-01-31",10000000,Não,,Construção de edifícios,SP,Sudeste,SAO JOSE DO RIO PRETO,JARDIM JANDIRA
4989,0,"2024-10-01","2024-10-01","1900-01-01",0.0,Não,,Manutenção e reparação de máquinas e equipamentos para agricultura e pecuária,MG,Sudeste,ARAXA,SERRA MORENA
4990,910,"2024-10-01","2025-09-29","2025-12-31",2500000.0,Não,,Aluguel de imóveis próprios,PR,Sul,APUCARANA,JARDIM ESPANHA
4991,0,"2024-10-02","2024-10-02","1900-01-01",0.0,Não,,Comércio atacadista de algodão,MT,Centro Oeste,CUIABA,JARDIM PETROPOLIS
4992,0,"2024-10-02","2024-10-02","2026-02-28",30000000,Não,,Comércio atacadista de matérias-primas agrícolas não especificadas anteriormente,BA,Nordeste,GUANAMBI,CENTRO
4993,0,"2024-10-02","2025-09-19","2026-02-28",30000000,Não,,Sem Segmento,PI,Nordeste,CORRENTE,CENTRO
4994,0,"2024-09-05","2024-10-03","2025-01-31",500000.0,Não,,Sem Segmento,PR,Sul,MARINGA,GLEBA RIBEIRAO PAICANDU
4995,0,"2024-08-28","2024-10-21","2025-02-28",2200000.0,Não,,Sem Segmento,SP,Sudeste,JUNDIAÍ,Distrito Industrial
4996,0,"2024-10-03","2024-10-03","1900-01-01",0.0,Não,,Sem Segmento,MG,Sudeste,ALEM PARAIBA,CENTRO
4997,0,"2024-10-03","2024-10-03","2025-03-31",10000000,Não,,Comércio atacadista de leite e laticínios,MG,Sudeste,AGUANIL,ZONA RURAL
4998,0,"2024-10-03","2024-10-03","2026-02-28",20000000,Não,,Comércio atacadista de leite e laticínios,MG,Sudeste,POMPEU,PARAISO
4999,0,"2024-10-03","2024-10-03","2026-02-28",10000000,Não,,Comércio atacadista de leite e laticínios,MG,Sudeste,ONCA DE PITANGUI,JAGUARA
5000,0,"2024-10-03","2024-10-03","2016-01-01",0.0,Não,,Sem Segmento,Pr,Sul,"19023-200",""
5001,0,"2024-08-26","2024-11-08","2025-03-31",10000000,Não,,"Comércio atacadista de máquinas, aparelhos e equipamentos para uso agropecuário; partes e peças",GO,Centro Oeste,GOIANIA,SETOR RODOVIARIO
5002,0,"2024-10-04","2024-10-04","2026-01-31",10000000,Não,,"Atividades de intermediação e agenciamento de serviços e negócios em geral, exceto imobiliários",SP,Sudeste,SAO PAULO,VILA OLIMPIA
5003,0,"2024-10-04","2024-10-04","2025-03-31",10000000,Não,,Sem Segmento,TO,Norte,ARAGUAINA,JD GOIAS
5004,969,"2024-08-19","2025-09-18","2026-01-31",311000.0,Não,,Fabricação de celulose e outras pastas para a fabricação de papel,PR,Sul,TELÊMACO BORBA,Centro
5005,969,"2024-08-19","2024-10-04","2025-01-31",311000.0,Não,,"Fabricação de produtos de papel, cartolina, papel-cartão e papelão ondulado para uso comercial e de escritório",SP,Sudeste,MAIRIPORA,TERRA PRETA (TERRA PRETA)
5006,969,"2024-08-19","2025-09-18","2026-01-31",311000.0,Não,,Comércio atacadista de papel e papelão em bruto,ES,Sudeste,SERRA,Civit II
5007,969,"2024-08-02","2024-10-04","2025-01-31",311000.0,Não,,"Fabricação de produtos de pastas celulósicas, papel, cartolina, papel-cartão e papelão ondulado não especificados anteriormente",SC,Sul,LAGES,BATES
5008,969,"2024-08-19","2024-10-04","2025-01-31",311000.0,Não,,"Fabricação de produtos de papel, cartolina, papel-cartão e papelão ondulado para uso comercial e de escritório",PR,Sul,GUARAPUAVA,CIDADE DOS LAGOS
5009,0,"2024-10-07","2024-10-07","1900-01-01",0.0,Não,,Serviços de engenharia,SP,Sudeste,PINDAMONHANGABA,VILA ARIENE
5010,992,"2024-07-10","2025-08-21","2026-01-31",25000000,Não,,Comércio atacadista de soja,MT,Centro Oeste,SORRISO,INDUSTRIAL - 1A ETAPA
5011,0,"2024-09-24","2024-10-08","2025-03-31",5000000.0,Não,,"Bancos múltiplos, sem carteira comercial",SP,Sudeste,SAO PAULO,VILA NOVA CONCEICAO
5012,0,"2024-10-08","2024-10-08","2026-01-31",5000000.0,Não,,"Instalação e manutenção de sistemas centrais de ar condicionado, de ventilação e refrigeração",RS,Sul,SANTA ROSA,SAO FRANCISCO
5013,0,"2024-10-09","2024-10-09","2026-02-28",10000000,Não,,Construção de rodovias e ferrovias,SP,Sudeste,SAO PAULO,BELENZINHO
5014,0,"2024-10-09","2024-10-09","2025-08-31",10000000,Não,,Sem Segmento,GO,Centro Oeste,"",ZONA RURAL
5015,0,"2024-10-09","2024-10-09","2025-08-31",10000000,Não,,Sem Segmento,GO,Centro Oeste,RIO VERDE,ZONA RURAL
5016,0,"2024-09-20","2025-11-06","2026-02-28",1500000.0,Não,,"Comércio atacadista de vidros, espelhos e vitrais",GO,Centro Oeste,RIO VERDE,CIDADE EMPRESARIAL NOVA ALIANCA 2
5017,0,"2023-03-24","2024-11-25","2025-02-28",1000000.0,Não,,Fabricação de peças e acessórios para o sistema de direção e suspensão de veículos automotores,SP,Sudeste,SAO PAULO,JARDIM STA EMILIA
5018,1002,"2024-09-27","2025-10-28","2026-01-31",2500000.0,Não,,Comércio atacadista de medicamentos e drogas de uso humano,SP,Sudeste,JUNDIAI,JARDIM ANA MARIA
5019,0,"2024-10-10","2024-10-10","1900-01-01",0.0,Não,,Serviços de engenharia,SP,Sudeste,AMERICANA,JARDIM BOER I
5020,976,"2024-10-04","2024-10-10","2024-11-30",15000000,Não,,Serviços combinados de escritório e apoio administrativo,MG,Sudeste,BELO HORIZONTE,FUNCIONARIOS
5021,0,"2024-10-10","2024-10-10","2026-03-31",10000000,Não,,Sem Segmento,SP,Sudeste,PAULÍNIA,Vila José Paulino Nogueira
5022,0,"2024-10-11","2024-10-11","2025-03-31",5000000.0,Não,,Comércio varejista de outros produtos não especificados anteriormente,SP,Sudeste,CABREUVA,BANANAL
5023,0,"2024-10-15","2024-10-15","2026-01-31",10000000,Não,,Serviços de engenharia,SP,Sudeste,ENGENHEIRO COELHO,AREA RURAL DE ENGENHEIRO COELHO
5024,0,"2024-10-15","2024-10-15","1900-01-01",0.0,Não,,Obras de fundações,SP,Sudeste,IBATE,CENTRO
5025,0,"2024-08-27","2024-10-15","2025-01-31",5000000.0,Não,,Torrefação e moagem de café,BA,Nordeste,SANTANA,ZONA RURAL
5026,0,"2024-09-23","2024-10-15","2025-03-31",3000000.0,Não,,"Comércio atacadista de produtos de higiene, limpeza e conservação domiciliar",SC,Sul,BIGUAÇU,Beira Rio
5027,995,"2024-09-20","2025-07-28","2025-12-31",74000000,Não,,"Fabricação de produtos de papel, cartolina, papel-cartão e papelão ondulado para uso comercial e de escritório",SP,Sudeste,SÃO PAULO,Vila Nova Conceição
5028,995,"2024-10-09","2025-07-28","2025-12-31",74000000,Não,,"Edição integrada à impressão de cadastros, listas e outros produtos gráficos",SP,Sudeste,SÃO PAULO,Colônia (Zona Leste)
5029,995,"2024-10-09","2025-10-03","2026-02-28",74000000,Não,,"Fabricação de tecidos especiais, inclusive artefatos",PR,Sul,CAMPO MOURÃO,Jardim Lar Paraná
5030,995,"2024-10-09","2025-10-03","2026-02-28",74000000,Não,,"Fabricação de produtos de papel, cartolina, papel-cartão e papelão ondulado para uso comercial e de escritório",PR,Sul,CAMPO MOURÃO,Jardim Lar Paraná
5031,995,"2024-10-09","2025-07-28","2025-12-31",74000000,Não,,Comércio varejista especializado de equipamentos e suprimentos de informática,SP,Sudeste,SÃO CAETANO DO SUL,Cerâmica
5032,0,"2024-09-30","2025-05-26","2025-08-31",384000.0,Não,,Beneficiamento de arroz,TO,Norte,GURUPI,SETOR PAULO DE TARSO
5033,0,"2024-10-15","2024-10-15","2026-01-31",30000000,Não,,Comércio atacadista de cereais e leguminosas beneficiados,TO,Norte,ARAGUACU,SETOR CENTRAL
5034,0,"2024-10-15","2024-10-15","2026-01-31",10000000,Não,,"Fabricação de estruturas pré-moldadas de concreto armado, em série e sob encomenda",SP,Sudeste,CAMPINAS,JARDIM IRMAOS SIGRIST
5035,0,"2024-10-16","2024-10-16","2026-02-28",30000000,Não,,Fabricação de alimentos para animais,TO,Norte,FORMOSO DO ARAGUAIA,SETOR SAO JOSE - I
5036,0,"2024-10-16","2024-10-16","2026-01-31",10000000,Não,,"Transporte rodoviário de carga, exceto produtos perigosos e mudanças, intermunicipal, interestadual e internacional",SP,Sudeste,CAJAMAR,PORTAIS (POLVILHO)
5037,1002,"2024-09-27","2025-10-28","2026-01-31",2500000.0,Não,,Sem Segmento,GO,Centro Oeste,APARECIDA DE GOIÂNIA,Jardim Bela Vista
5038,1002,"2024-09-27","2025-10-28","2026-01-31",2500000.0,Não,,Sem Segmento,SP,Sudeste,ARARAQUARA,"3° Distrito Industrial (Virgílio Ometto Pavan)"
5039,0,"2024-10-16","2024-10-16","2026-02-28",30000000,Não,,Comércio atacadista de cereais e leguminosas beneficiados,MA,Nordeste,SAO LUIS,COHAMA
5040,0,"2024-10-16","2024-10-16","1900-01-01",0.0,Não,,Sem Segmento,SP,Sudeste,SALTO,Chácara Halter
5041,0,"2024-10-17","2024-10-17","2026-01-31",10000000,Não,,Comércio varejista de tintas e materiais para pintura,RJ,Sudeste,TRES RIOS,PATIO DA ESTACAO
5042,0,"2024-10-17","2024-10-17","2026-01-31",10000000,Não,,Comércio varejista de tintas e materiais para pintura,RJ,Sudeste,TRES RIOS,PATIO DA ESTACAO
5043,0,"2024-09-27","2025-07-15","2025-07-31",2000000.0,Não,,Fabricação de artigos de metal para uso doméstico e pessoal,SP,Sudeste,ARARAQUARA,JARDIM PRIMAVERA
5044,0,"2023-08-18","2024-10-17","2025-02-28",1000000.0,Não,,Fabricação de alimentos para animais,PR,Sul,MARINGA,PARQUE INDUSTRIAL
5045,0,"2024-10-04","2025-04-23","2025-07-31",1000000.0,Não,,Confecção de roupas íntimas,SP,Sudeste,SAO PAULO,PARI
5046,0,"2024-10-17","2024-10-17","2025-09-30",10000000,Não,,Obras de fundações,SP,Sudeste,SAO PAULO,PARQUE IMPERIAL
5047,0,"2024-10-17","2024-10-17","2026-03-31",10000000,Não,,"Instalação de portas, janelas, tetos, divisórias e armários embutidos de qualquer material",SP,Sudeste,PIRACICABA,TAQUARAL
5048,0,"2024-10-17","2024-10-17","2025-09-30",10000000,Não,,Comércio atacadista de cimento,SP,Sudeste,PIRACICABA,AGUA SECA / TUPI
5049,0,"2024-10-17","2024-10-17","2025-09-30",10000000,Não,,Obras de terraplenagem,SP,Sudeste,RIO CLARO,Jardim Donângela
5050,0,"2024-10-17","2024-10-17","2025-09-30",10000000,Não,,Serviços especializados para construção não especificados anteriormente,SP,Sudeste,SALTO,Chácara Halter
5051,0,"2024-10-17","2024-10-17","2025-09-30",10000000,Não,,Comércio varejista de móveis,SP,Sudeste,SUMARE,JARDIM SAO CARLOS
5052,0,"2024-10-17","2024-10-17","2025-03-31",10000000,Não,,Sem Segmento,TO,Norte,ARAGUAINA,ST CENTRAL
5053,0,"2024-10-17","2024-10-17","2026-01-31",10000000,Não,,Fabricação de artefatos de fibrocimento para uso na construção,SP,Sudeste,SAO PAULO,VILA CARMOSINA
5054,892,"2024-09-23","2025-10-24","2025-12-31",710000000,Não,,Sem Segmento,SP,Sudeste,RIO CLARO,Centro
5055,0,"2024-10-18","2024-10-18","2024-12-31",1700000.0,Não,,Comércio atacadista de energia elétrica,SP,Sudeste,SAO PAULO,CERQUEIRA CESAR
5056,0,"2024-10-18","2024-10-18","2026-01-31",10000000,Não,,Comércio varejista especializado de equipamentos e suprimentos de informática,SP,Sudeste,CAMPINAS,JARDIM NOSSA SENHORA AUXILIADORA
5057,0,"2024-10-18","2024-10-18","2026-03-31",10000000,Não,,Outras obras de acabamento da construção,SP,Sudeste,SAO PAULO,JARDIM SANTA EDWIGES (CAPELA DO SOCORRO)
5058,0,"2024-10-21","2024-10-21","2025-08-31",10000000,Não,,Sem Segmento,MT,Centro Oeste,CAMPO NOVO DO PARECIS,CENTRO
5059,0,"2024-10-21","2024-10-21","2025-08-31",10000000,Não,,Sem Segmento,MG,Sudeste,PERDIZES,AREA RURAL
5060,972,"2024-08-07","2025-10-10","2026-02-28",5000000.0,Não,,Comércio varejista de combustíveis para veículos automotores,TO,Norte,NOVA OLINDA,ZONA RURAL
5061,972,"2024-08-23","2025-10-10","2026-02-28",5000000.0,Não,,Comércio varejista de combustíveis para veículos automotores,PA,Norte,BENEVIDES,AREA RURAL
5062,972,"2024-08-23","2025-10-10","2026-02-28",5000000.0,Não,,Comércio varejista de combustíveis para veículos automotores,GO,Centro Oeste,APARECIDA DE GOIANIA,ROSA DOS VENTOS
5063,972,"2024-08-23","2025-10-10","2026-02-28",5000000.0,Não,,Comércio varejista de combustíveis para veículos automotores,MG,Sudeste,FRUTAL,ZONA RURAL
5064,972,"2024-08-23","2025-10-10","2026-02-28",5000000.0,Não,,Comércio varejista de combustíveis para veículos automotores,MG,Sudeste,CENTRALINA,ZONA RURAL
5065,972,"2024-08-23","2025-10-10","2026-02-28",5000000.0,Não,,Comércio varejista de combustíveis para veículos automotores,TO,Norte,PARAISO DO TOCANTINS,VILA CHAPADAO
5066,972,"2024-08-23","2025-10-10","2026-02-28",5000000.0,Não,,Comércio varejista de combustíveis para veículos automotores,MT,Centro Oeste,VARZEA GRANDE,JARDIM ELDORADO
5067,972,"2024-08-23","2025-10-10","2026-02-28",5000000.0,Não,,Comércio varejista de combustíveis para veículos automotores,GO,Centro Oeste,HIDROLANDIA,ZONA RURAL
5068,972,"2024-08-23","2025-10-10","2026-02-28",5000000.0,Não,,Comércio varejista de combustíveis para veículos automotores,TO,Norte,CARIRI DO TOCANTINS,CENTRO
5069,972,"2024-08-23","2025-10-10","2026-02-28",5000000.0,Não,,Comércio varejista de combustíveis para veículos automotores,PA,Norte,SANTANA DO ARAGUAIA,SETOR AGRO INDUSTRIAL
5070,972,"2024-08-23","2025-10-10","2026-02-28",5000000.0,Não,,Comércio varejista de combustíveis para veículos automotores,MT,Centro Oeste,CUIABA,DISTRITO INDUSTRIAL
5071,972,"2024-08-23","2025-10-10","2026-02-28",5000000.0,Não,,Comércio varejista de combustíveis para veículos automotores,TO,Norte,COUTO DE MAGALHAES,ZONA RURAL
5072,972,"2024-08-23","2025-10-10","2026-02-28",5000000.0,Não,,Comércio varejista de combustíveis para veículos automotores,TO,Norte,PARAISO DO TOCANTINS,ZONA RURAL
5073,972,"2024-08-23","2025-10-10","2026-02-28",5000000.0,Não,,Comércio varejista de combustíveis para veículos automotores,MT,Centro Oeste,VARZEA GRANDE,NOVO MUNDO
5074,972,"2024-08-23","2025-10-10","2026-02-28",5000000.0,Não,,Comércio varejista de combustíveis para veículos automotores,GO,Centro Oeste,HIDROLANDIA,SITIOS RECREIO SAVANAH
5075,972,"2024-08-23","2025-10-10","2026-02-28",5000000.0,Não,,Comércio varejista de combustíveis para veículos automotores,PA,Norte,TAILANDIA,INDUSTRIAL
5076,972,"2024-08-23","2025-10-10","2026-02-28",5000000.0,Não,,Comércio varejista de combustíveis para veículos automotores,TO,Norte,WANDERLANDIA,ZONA RURAL
5077,972,"2024-08-23","2025-10-10","2026-02-28",5000000.0,Não,,Comércio varejista de combustíveis para veículos automotores,PA,Norte,ELDORADO DOS CARAJAS,ZONA URBANA
5078,972,"2024-08-23","2025-10-10","2026-02-28",5000000.0,Não,,Comércio varejista de combustíveis para veículos automotores,GO,Centro Oeste,RIO VERDE,ZONA RURAL
5079,972,"2024-08-23","2025-10-10","2026-02-28",5000000.0,Não,,Comércio varejista de combustíveis para veículos automotores,MG,Sudeste,ARAPORA,ZONA RURAL
5080,972,"2024-08-23","2025-10-10","2026-02-28",5000000.0,Não,,Comércio varejista de combustíveis para veículos automotores,MT,Centro Oeste,CONFRESA,ZONA RURAL
5081,972,"2024-08-23","2025-10-10","2026-02-28",5000000.0,Não,,Transporte rodoviário de produtos perigosos,TO,Norte,NOVA OLINDA,ZONA RURAL
5082,972,"2024-08-23","2025-10-10","2026-02-28",5000000.0,Não,,Transporte rodoviário de produtos perigosos,GO,Centro Oeste,APARECIDA DE GOIANIA,ROSA DOS VENTOS
5083,972,"2024-08-23","2025-10-10","2026-02-28",5000000.0,Não,,Transporte rodoviário de produtos perigosos,MT,Centro Oeste,VARZEA GRANDE,NOVO MUNDO
5084,972,"2024-08-25","2025-10-10","2026-02-28",5000000.0,Não,,Holdings de instituições não-financeiras,GO,Centro Oeste,GOIANIA,ALTO DA GLORIA
5085,0,"2024-09-18","2025-09-29","2026-01-31",5000000.0,Não,,"Atividades de intermediação e agenciamento de serviços e negócios em geral, exceto imobiliários",SP,Sudeste,SAO JOSE DO RIO PRETO,VILA SAO JOSE
5086,0,"2024-09-17","2025-09-19","2026-01-31",1422000.0,Não,,Fabricação de produtos de carne,SP,Sudeste,LOUVEIRA,JARDIM VERA CRUZ
5087,0,"2024-09-20","2025-06-02","2025-10-31",3000000.0,Não,,"Transporte rodoviário de carga, exceto produtos perigosos e mudanças, intermunicipal, interestadual e internacional",SP,Sudeste,SÃO JOSÉ DOS CAMPOS,Chácaras Reunidas
5088,0,"2024-10-07","2025-11-10","2026-03-31",6000000.0,Não,,"Comércio varejista de mercadorias em geral, com predominância de produtos alimentícios - supermercados",SP,Sudeste,GUARULHOS,Jardim Kawamoto
5089,0,"2024-09-25","2024-10-22","2025-01-31",1000000.0,Não,,"Comércio a varejo de automóveis, camionetas e utilitários novos",SP,Sudeste,SAO PAULO,VILA LEOPOLDINA
5090,0,"2024-10-18","2024-10-22","2025-01-31",15000000,Não,,Comércio varejista de outros produtos não especificados anteriormente,MG,Sudeste,NOVA PONTE,INDUSTRIAL
5091,0,"2024-10-22","2024-10-22","2025-08-31",10000000,Não,,Sem Segmento,MG,Sudeste,"",CENTRO
5092,0,"2024-10-22","2024-10-22","2025-08-31",10000000,Não,,Sem Segmento,GO,Centro Oeste,"",ZONA RURAL
5093,0,"2024-10-22","2024-10-22","2025-09-30",10000000,Não,,Sem Segmento,MT,Centro Oeste,"",ZONA RURAL
5094,0,"2024-10-22","2024-10-22","2025-08-31",10000000,Não,,Sem Segmento,GO,Centro Oeste,IPAMERI,ZONA RURAL
5095,0,"2024-10-07","2024-12-27","2025-03-31",2600000.0,Não,,"Comércio varejista de mercadorias em geral, com predominância de produtos alimentícios - supermercados",SP,Sudeste,SAO PAULO,VILA MARIANA
5097,0,"2024-10-17","2025-09-17","2026-01-31",12100000,Não,,"Fundos de investimento, exceto previdenciários e imobiliários",SP,Sudeste,SAO PAULO,BELA VISTA
5098,0,"2024-09-30","2024-10-24","2025-02-28",1000000.0,Não,,Comércio atacadista de tecidos,PR,Sul,APUCARANA,JARDIM APUCARANA
5099,0,"2024-10-09","2024-10-24","2025-02-28",1000000.0,Não,,"Impressão de livros, revistas e outras publicações periódicas",SP,Sudeste,RIBEIRAO PRETO,JARDIM ZINATO
5100,0,"2024-10-24","2024-10-24","2026-03-31",10000000,Não,,Facção de roupas profissionais,SP,Sudeste,PAULINIA,PARQUE BOM RETIRO
5101,0,"2024-10-25","2024-10-25","1900-01-01",0.0,Não,,Comércio varejista de materiais de construção em geral,SP,Sudeste,SAO BERNARDO DO CAMPO,RUDGE RAMOS
5102,0,"2022-06-05","2024-10-25","2025-03-31",30000000,Não,,"Fabricação de adubos e fertilizantes, exceto organo-minerais",PR,Sul,MARINGÁ,Parque Industrial
5103,0,"2022-09-27","2024-10-25","2025-03-31",5000000.0,Não,,Comércio varejista de artigos do vestuário e acessórios,SP,Sudeste,SAO PAULO,VILA LEOPOLDINA
5104,0,"2024-10-07","2024-10-25","2025-03-31",5500000.0,Não,,Produção de ferro-gusa,MA,Nordeste,ACAILANDIA,PIQUIA
5105,984,"2024-09-19","2025-10-03","2026-01-31",2000000.0,Não,,Sem Segmento,GO,Centro Oeste,ITUMBIARA,Jardim América
5106,0,"2024-10-28","2024-10-28","2025-09-30",5000000.0,Não,,"Fabricação de outros artefatos e produtos de concreto, cimento, fibrocimento, gesso e materiais semelhantes",SP,Sudeste,SAO PAULO,STO AMARO
5107,0,"2024-05-15","2025-08-06","2025-10-31",3716000.0,Não,,Comércio atacadista de carnes bovinas e suínas e derivados,SP,Sudeste,LENÇÓIS PAULISTA,Centro
5117,0,"2024-10-29","2024-10-29","2025-03-31",10000000,Não,,Fabricação de laticínios,MG,Sudeste,SERITINGA,ZONA RURAL
5160,977,"2024-09-06","2025-06-23","2025-08-31",150000000,Não,,Sem Segmento,MG,Sudeste,ENTRE RIOS DE MINAS,MATA BOIS
5161,977,"2024-09-06","2025-06-23","2025-08-31",150000000,Não,,Sem Segmento,MG,Sudeste,BONFIM,SENHOR DO BONFIM
5162,0,"2024-10-31","2024-10-31","2026-02-28",30000000,Não,,Comércio atacadista de cereais e leguminosas beneficiados,TO,Norte,COLINAS DO TOCANTINS,CENTRO
5163,0,"2024-10-31","2024-10-31","2025-09-30",10000000,Não,,Obras de alvenaria,SP,Sudeste,RIO CLARO,VILA ELIZABETH (BNH)
5164,0,"2024-10-31","2024-10-31","2026-03-31",10000000,Não,,"Representantes comerciais e agentes do comércio de madeira, material de construção e ferragens",SP,Sudeste,SOROCABA,VILA LOUZADA
5165,0,"2024-10-31","2024-10-31","2025-09-30",10000000,Não,,Construção de edifícios,SP,Sudeste,SAO MIGUEL ARCANJO,RESIDENCIAL NOHAMA
5166,0,"2024-10-31","2024-10-31","2025-09-30",10000000,Não,,Construção de edifícios,SP,Sudeste,JAGUARIUNA,JARDIM MAUA II
5167,0,"2024-11-01","2024-11-01","2026-02-28",10000000,Não,,Testes e análises técnicas,RJ,Sudeste,DUQUE DE CAXIAS,JARDIM 25 DE AGOSTO
5168,986,"2024-09-24","2024-11-04","2025-01-31",1000000.0,Não,,Holdings de instituições não-financeiras,SP,Sudeste,SAO PAULO,PERDIZES
5169,0,"2024-10-01","2024-11-22","2025-04-30",2000000.0,Não,,"Comércio atacadista de máquinas, equipamentos para terraplenagem, mineração e construção; partes e peças",MG,Sudeste,BELO HORIZONTE,ESTORIL
5170,0,"2024-10-01","2025-01-14","2025-04-30",1500000.0,Não,,Construção de edifícios,SP,Sudeste,BARUERI,ALPHAVILLE CENTRO INDUSTRIAL E EMPRESARIAL/ALPHAV
5171,997,"2022-06-23","2025-05-12","2025-09-30",5000000.0,Não,,Fundição de metais não-ferrosos e suas ligas,SP,Sudeste,ITAQUAQUECETUBA,CORREDOR
5172,997,"2024-10-11","2025-01-31","2025-04-30",5000000.0,Não,,Fundição de metais não-ferrosos e suas ligas,MG,Sudeste,CAMANDUCAIA,CUBATAO
5173,997,"2024-10-11","2025-05-12","2025-09-30",5000000.0,Não,,Fundição de metais não-ferrosos e suas ligas,SC,Sul,GARUVA,TRES BARRAS
5174,996,"2024-10-10","2024-11-04","2024-12-31",100000.0,Não,,Comércio varejista de artigos de viagem,SP,Sudeste,SÃO PAULO,Barra Funda
5175,0,"2024-10-29","2024-11-04","2025-01-31",500000.0,Não,,"Comércio atacadista de álcool carburante, biodiesel, gasolina e demais derivados de petróleo, exceto lubrificantes, não realizado por transportador retalhista (TRR)",PR,Sul,MARINGA,PARQUE INDUSTRIAL
5176,0,"2024-11-06","2024-11-06","2026-03-31",10000000,Não,,Construção de edifícios,SP,Sudeste,SUMARE,JARDIM MARIA LUIZA
5177,0,"2024-11-06","2024-11-06","2025-04-30",30000000,Não,,Serviços combinados de escritório e apoio administrativo,TO,Norte,FORMOSO DO ARAGUAIA,ZONA RURAL
5178,0,"2024-11-06","2024-11-06","2026-02-28",10000000,Não,,Comércio atacadista de materiais de construção em geral,SP,Sudeste,AMERICANA,VILA JONES
5179,0,"2024-11-06","2024-11-06","2026-02-28",30000000,Não,,"Comércio atacadista de resíduos e sucatas não-metálicos, exceto de papel e papelão",SP,Sudeste,BARUERI,ALPHAVILLE CENTRO INDUSTRIAL E EMPRESARIAL/ALPHAV
5180,0,"2024-11-06","2024-11-06","2026-02-28",10000000,Não,,"Comércio atacadista de cereais e leguminosas beneficiados, farinhas, amidos e féculas, com atividade de fracionamento e acondicionamento associada",SP,Sudeste,BARRINHA,ZONA RURAL
5181,0,"2024-11-06","2024-11-06","2025-04-30",30000000,Não,,Comércio varejista de produtos alimentícios em geral ou especializado em produtos alimentícios não especificados anteriormente,DF,Centro Oeste,BRASILIA,AREAL (AGUAS CLARAS)
5182,0,"2024-11-07","2024-11-07","2026-02-28",10000000,Não,,Obras de terraplenagem,SP,Sudeste,VOTORANTIM,PARQUE JATAI II
5183,0,"2024-11-07","2024-11-07","2025-06-30",5000000.0,Não,,Sem Segmento,MG,Sudeste,PARACATU,AT DO CORREGO
5184,0,"2024-11-07","2024-11-07","2025-04-30",5000000.0,Não,,Sem Segmento,MG,Sudeste,ARINOS,ZONA RURAL
5185,0,"2024-11-07","2024-11-07","2026-03-31",10000000,Não,,Obras de alvenaria,SP,Sudeste,AMERICANA,JARDIM DA PAZ
5186,0,"2024-11-08","2024-11-08","2026-02-28",10000000,Não,,Serviços especializados para construção não especificados anteriormente,MG,Sudeste,CONTAGEM,CHACARAS REUNIDAS SANTA TEREZINHA
5187,0,"2022-06-03","2025-09-12","2025-11-30",11000000,Não,,Sem Segmento,SP,Sudeste,GUARULHOS,Macedo
5189,0,"2024-10-23","2025-04-04","2025-08-31",2000000.0,Não,,Comércio atacadista de produtos alimentícios em geral,SP,Sudeste,RIBEIRAO PRETO,PARQUE INDUSTRIAL LAGOINHA
5190,0,"2024-11-11","2024-11-11","2026-03-31",10000000,Não,,Obras de terraplenagem,SP,Sudeste,LIMEIRA,JARDIM SANTA CECILIA
5191,0,"2024-11-11","2024-11-11","2026-02-28",10000000,Não,,"Aluguel de outras máquinas e equipamentos comerciais e industriais não especificados anteriormente, sem operador",SP,Sudeste,HORTOLANDIA,JARDIM DO BOSQUE
5192,0,"2024-11-12","2024-11-12","2025-04-30",5000000.0,Não,,Sem Segmento,MG,Sudeste,NOVA PONTE,ZONA RURAL
5193,0,"2024-11-12","2024-11-12","1900-01-01",0.0,Não,,Cultivo de soja,GO,Centro Oeste,VICENTINOPOLIS,ZONA RURAL
5194,0,"2024-11-12","2024-11-12","2025-09-30",5000000.0,Não,,Construção de edifícios,SP,Sudeste,CAPAO BONITO,CENTRO
5195,0,"2024-11-12","2024-11-12","2025-09-30",10000000,Não,,Serviços especializados para construção não especificados anteriormente,SP,Sudeste,RIO CLARO,JARDIM CHERVESON
5196,0,"2024-10-21","2024-11-18","2025-01-31",100000.0,Não,,Comércio varejista especializado de equipamentos de telefonia e comunicação,SP,Sudeste,SÃO PAULO,Pinheiros
5197,0,"2024-11-12","2024-11-18","2025-04-30",1650000.0,Não,,Sem Segmento,SP,Sudeste,SAO PAULO,STA CECILIA
5198,470,"2024-10-24","2025-10-31","2026-03-31",236000000,Não,,"Comércio atacadista de instrumentos e materiais para uso médico, cirúrgico, hospitalar e de laboratórios",RJ,Sudeste,RIO DE JANEIRO,CORDOVIL
5199,0,"2024-11-19","2024-11-19","2025-04-30",10000000,Não,,"Transporte rodoviário de carga, exceto produtos perigosos e mudanças, intermunicipal, interestadual e internacional",PA,Norte,CANAA DOS CARAJAS,CENTRO
5200,0,"2024-11-19","2024-11-19","2025-11-30",5000000.0,Não,,"Transporte rodoviário de carga, exceto produtos perigosos e mudanças, intermunicipal, interestadual e internacional",RJ,Sudeste,TRES RIOS,BEMPOSTA
5201,0,"2024-11-19","2024-11-19","2026-02-28",10000000,Não,,Comércio atacadista de leite e laticínios,MG,Sudeste,VERISSIMO,CENTRO
5202,0,"2024-11-19","2024-11-19","2026-02-28",30000000,Não,,Comércio atacadista de cereais e leguminosas beneficiados,GO,Centro Oeste,JATAI,CENTRO
5203,0,"2024-11-19","2024-11-19","2026-03-31",10000000,Não,,Limpeza em prédios e em domicílios,SP,Sudeste,HORTOLANDIA,JARDIM TERRAS DE SANTO ANTONIO
5204,0,"2024-11-19","2024-11-19","2026-03-31",10000000,Não,,Preparação de massa de concreto e argamassa para construção,PR,Sul,CURITIBA,CIDADE INDUSTRIAL
5205,0,"2024-10-21","2024-11-25","2025-04-30",3000000.0,Não,,"Comércio atacadista de artigos do vestuário e acessórios, exceto profissionais e de segurança",SP,Sudeste,SANTANA DE PARNAIBA,ALPHAVILLE
5206,0,"2022-06-24","2024-11-22","2025-03-31",1000000.0,Não,,Atividades do Operador Portuário,SP,Sudeste,SANTOS,MACUCO
5207,0,"2024-10-23","2024-11-25","2025-04-30",15000000,Não,,Cultivo de melão,CE,Nordeste,FORTALEZA,FATIMA
5208,0,"2024-10-24","2025-03-13","2025-06-30",1500000.0,Não,,Fabricação de artefatos para pesca e esporte,PR,Sul,LONDRINA,CONJUNTO HABITACIONAL JAMILE DEQUECH
5209,0,"2024-11-25","2024-11-25","2026-02-28",30000000,Não,,Comércio atacadista de cereais e leguminosas beneficiados,TO,Norte,PALMAS,PLANO DIRETOR SUL
5210,0,"2024-11-26","2024-11-26","2026-03-31",10000000,Não,,"Fabricação de equipamentos para irrigação agrícola, peças e acessórios",SP,Sudeste,OSASCO,PRESIDENTE ALTINO
5211,0,"2024-11-26","2024-11-26","2025-11-30",5000000.0,Não,,Construção de edifícios,SC,Sul,ITAPEMA,MEIA PRAIA
5212,0,"2024-11-26","2024-11-26","2025-11-30",5000000.0,Não,,Manutenção e reparação de máquinas e equipamentos para uso geral não especificados anteriormente,SP,Sudeste,CHARQUEADA,JARDIM PANORAMA
5213,0,"2024-06-03","2024-11-26","2025-03-31",500000.0,Não,,Sem Segmento,SP,Sudeste,SOROCABA,Éden
5214,0,"2024-11-27","2024-11-27","2026-03-31",10000000,Não,,Aplicação de revestimentos e de resinas em interiores e exteriores,MG,Sudeste,VESPASIANO,NAZIA I
5215,0,"2024-11-27","2024-11-27","2026-03-31",10000000,Não,,Serviços de engenharia,SP,Sudeste,SAO PAULO,ALTO DA MOOCA
5216,0,"2024-11-27","2024-11-27","2025-04-30",5000000.0,Não,,Sem Segmento,MG,Sudeste,"",AREA RURAL DE UBERABA
5217,0,"2024-11-27","2024-11-27","2026-03-31",10000000,Não,,Obras de fundações,MG,Sudeste,UBERABA,DISTRITO INDUSTRIAL I
5218,0,"2024-02-23","2024-11-28","2025-04-30",2500000.0,Não,,Fabricação de equipamentos e acessórios para segurança pessoal e profissional,SP,Sudeste,LIMEIRA,JD. SENADOR VERGUEIRO
5219,0,"2024-11-27","2024-11-28","2025-04-30",2000000.0,Não,,"Fundos de investimento, exceto previdenciários e imobiliários",SP,Sudeste,SAO PAULO,PINHEIROS
5220,0,"2024-11-28","2024-11-28","2026-02-28",45000000,Não,,Comércio atacadista de cereais e leguminosas beneficiados,TO,Norte,PRESIDENTE KENNEDY,ENTRONCAMENTO
5221,0,"2024-10-21","2024-12-03","2025-04-30",3000000.0,Não,,Incorporação de empreendimentos imobiliários,SP,Sudeste,INDAIATUBA,JARDIM POMPEIA
5222,0,"2022-07-14","2024-12-03","2025-02-28",2000000.0,Não,,"Clubes sociais, esportivos e similares",RJ,Sudeste,RIO DE JANEIRO,LARANJEIRAS
5223,0,"2024-12-04","2024-12-04","2026-04-30",10000000,Não,,Serviços especializados para construção não especificados anteriormente,SP,Sudeste,RIO CLARO,ALTO DO SANTANA
5224,967,"2024-08-16","2024-12-04","2025-01-31",2000000.0,Não,,Sem Segmento,SP,Sudeste,BAURU,Vila Cardia
5225,0,"2024-12-04","2024-12-04","2026-03-31",10000000,Não,,Sem Segmento,SP,Sudeste,BARUERI,CENTRO
5226,0,"2024-12-04","2024-12-04","2025-06-04",3000000.0,Não,,Sem Segmento,MG,Sudeste,FRUTAL,ZONA RURAL
5227,0,"2024-12-05","2024-12-05","1900-01-01",0.0,Não,,Comércio varejista de tintas e materiais para pintura,PE,Nordeste,RECIFE,JIQUIA
5228,1011,"2022-07-28","2025-06-05","2025-09-30",2500000.0,Sim,"2025-04-10",Tecelagem de fios de algodão,CE,Nordeste,HORIZONTE,CATOLE
5229,1011,"2024-11-12","2025-06-05","2025-09-30",2500000.0,Não,,Tecelagem de fios de algodão,PE,Nordeste,BEZERROS,DISTRITO INDUSTRIAL
5230,1006,"2024-08-12","2024-12-06","2025-03-31",2500000.0,Não,,Fabricação de cal e gesso,MG,Sudeste,SAO JOSE DA LAPA,ZONA RURAL
5231,0,"2024-12-06","2024-12-06","1900-01-01",100000.0,Não,,"Comércio varejista de mercadorias em geral, com predominância de produtos alimentícios - minimercados, mercearias e armazéns",RS,Sul,ARVOREZINHA,NOSSA SENHORA DAS GRACAS
5232,0,"2024-08-29","2025-10-10","2026-01-31",10000000,Não,,Comércio atacadista de soja,GO,Centro Oeste,FORMOSA,"3º Setor Industrial"
5233,0,"2024-12-06","2024-12-06","2026-03-31",10000000,Não,,Serviços de pintura de edifícios em geral,SP,Sudeste,SÃO BERNARDO DO CAMPO,Planalto
5234,1016,"2024-04-26","2024-12-09","2025-03-31",100000.0,Não,,"Fabricação de tintas, vernizes, esmaltes e lacas",SP,Sudeste,SALTO,DISTRITO INDUSTRIAL
5235,1016,"2024-12-02","2024-12-09","2025-03-31",100000.0,Não,,Gestão de ativos intangíveis não-financeiros,SP,Sudeste,SAO PAULO,JARDIM SAO LUIS
5236,1016,"2024-04-26","2024-12-09","2025-03-31",100000.0,Não,,Comércio varejista de tintas e materiais para pintura,SP,Sudeste,JUNDIAI,DISTRITO INDUSTRIAL
5237,1016,"2024-04-26","2024-12-09","2025-03-31",100000.0,Não,,"Comércio atacadista de tintas, vernizes e similares",SC,Sul,ITAJAI,ESPINHEIROS
5238,0,"2024-12-09","2024-12-09","2025-05-31",5000000.0,Não,,Sem Segmento,GO,Centro Oeste,SILVANIA,ZONA RURAL
5239,0,"2024-12-09","2024-12-09","2025-05-31",5000000.0,Não,,Sem Segmento,GO,Centro Oeste,"",ZONA RURAL
5240,0,"2024-12-09","2024-12-09","2025-05-31",5000000.0,Não,,Sem Segmento,GO,Centro Oeste,"",ZONA RURAL
5241,0,"2024-12-09","2024-12-09","2026-04-30",10000000,Não,,Limpeza em prédios e em domicílios,MG,Sudeste,POUSO ALEGRE,SAO JOAO
5242,0,"2024-12-09","2024-12-09","2026-04-30",10000000,Não,,Sem Segmento,MG,Sudeste,BOM DESPACHO,CENTRO O MACI
5243,0,"2024-12-09","2024-12-09","2026-04-30",30000000,Não,,Serviços combinados de escritório e apoio administrativo,MA,Nordeste,ESTREITO,CENTRO
5244,0,"2024-12-09","2024-12-09","2026-04-30",10000000,Não,,Promoção de vendas,SP,Sudeste,RIO CLARO,ESTADIO
5245,0,"2024-12-09","2024-12-09","2026-04-30",10000000,Não,,Aplicação de revestimentos e de resinas em interiores e exteriores,SP,Sudeste,GUARULHOS,JARDIM ANA MARIA
5246,0,"2024-12-10","2024-12-10","2025-11-30",5000000.0,Não,,Preparação de documentos e serviços especializados de apoio administrativo não especificados anteriormente,SP,Sudeste,SAO PAULO,JAGUARE
5247,0,"2024-12-10","2024-12-10","2026-03-31",10000000,Não,,Serviços de engenharia,SP,Sudeste,SAO PAULO,VILA LAGEADO
5248,0,"2024-12-03","2024-12-11","2025-03-31",100000.0,Não,,"Comércio a varejo de automóveis, camionetas e utilitários novos",RN,Nordeste,NATAL,CAPIM MACIO
5249,0,"2023-03-09","2024-12-13","2025-05-31",2500000.0,Não,,"Comércio atacadista de defensivos agrícolas, adubos, fertilizantes e corretivos do solo",GO,Centro Oeste,GOIATUBA,JARDIM SANTA PAULA
5250,0,"2024-12-16","2024-12-16","2026-04-30",10000000,Não,,Sem Segmento,MG,Sudeste,PASSA TEMPO,CENTRO
5251,0,"2024-12-16","2024-12-16","2026-04-30",10000000,Não,,Sem Segmento,MG,Sudeste,BELO HORIZONTE,GUTIERREZ
5252,0,"2024-12-16","2024-12-16","2026-04-30",30000000,Não,,Comércio atacadista de cereais e leguminosas beneficiados,BA,Nordeste,LUIS EDUARDO MAGALHAES,ZONA RURAL
5253,0,"2024-12-16","2024-12-16","2026-04-30",10000000,Não,,Serviços de pintura de edifícios em geral,SP,Sudeste,PIRACICABA,VILA SONIA
5254,1017,"2024-08-31","2025-07-28","2025-11-30",15000000,Não,,"Comércio atacadista de defensivos agrícolas, adubos, fertilizantes e corretivos do solo",GO,Centro Oeste,FORMOSA,Centro
5255,1017,"2024-12-02","2025-07-28","2025-11-30",15000000,Não,,Serviços de agronomia e de consultoria às atividades agrícolas e pecuárias,GO,Centro Oeste,FORMOSA,Formosinha
5256,1017,"2024-12-02","2025-07-28","2025-11-30",15000000,Não,,"Comércio atacadista de sementes, flores, plantas e gramas",GO,Centro Oeste,PLANALTINA,Setor Leste
5257,988,"2022-10-06","2025-09-30","2026-01-31",22500000,Não,,"Produção de sementes certificadas, exceto de forrageiras para pasto",GO,Centro Oeste,RIO VERDE,Setor Central
5258,988,"2024-09-27","2025-09-30","2026-01-31",22500000,Não,,Armazéns gerais - emissão de warrant,GO,Centro Oeste,RIO VERDE,Setor Central
5259,988,"2024-09-27","2025-09-30","2026-01-31",22500000,Não,,"Transporte rodoviário de carga, exceto produtos perigosos e mudanças, intermunicipal, interestadual e internacional",GO,Centro Oeste,RIO VERDE,Setor Industrial
5260,988,"2024-09-27","2025-09-30","2026-01-31",22500000,Não,,Cultivo de soja,GO,Centro Oeste,RIO VERDE,Setor Industrial
5261,988,"2024-09-27","2025-09-30","2026-01-31",22500000,Não,,Holdings de instituições não-financeiras,GO,Centro Oeste,RIO VERDE,SETOR INDUSTRIAL
5262,0,"2024-12-17","2024-12-17","2025-05-31",5000000.0,Não,,Sem Segmento,GO,Centro Oeste,"",ZONA RURAL
5263,0,"2024-12-17","2024-12-17","2025-10-31",10000000,Não,,Sem Segmento,GO,Centro Oeste,CRISTALINA,ZONA RURAL
5264,0,"2024-12-17","2024-12-17","2025-05-31",5000000.0,Não,,Sem Segmento,GO,Centro Oeste,"",ZONA RURAL
5265,0,"2024-12-17","2024-12-17","2025-05-31",5000000.0,Não,,Sem Segmento,GO,Centro Oeste,CRISTALINA,ST AEROPORTO
5266,0,"2024-12-11","2024-12-18","2026-02-28",15000000,Não,,Comércio atacadista de matérias-primas agrícolas não especificadas anteriormente,SP,Sudeste,COTIA,MOINHO VELHO
5267,0,"2024-12-18","2024-12-18","2026-04-30",10000000,Não,,Serviços de engenharia,SP,Sudeste,SOROCABA,PARQUE CAMPOLIM
5268,0,"2024-11-11","2025-10-10","2026-01-31",5000000.0,Não,,Comércio atacadista de outros produtos químicos e petroquímicos não especificados anteriormente,SP,Sudeste,GUARULHOS,Jd.Santo Afonso
5269,998,"2024-10-16","2024-12-19","2025-06-30",10000000,Não,,"Atividades de intermediação e agenciamento de serviços e negócios em geral, exceto imobiliários",SP,Sudeste,BARUERI,ALPHAVILLE CENTRO INDUSTRIAL E EMPRESARIAL/ALPHAV
5270,998,"2024-10-16","2024-12-19","2025-06-30",10000000,Não,,"Aluguel de outras máquinas e equipamentos comerciais e industriais não especificados anteriormente, sem operador",SP,Sudeste,BARUERI,ALPHAVILLE CENTRO INDUSTRIAL E EMPRESARIAL/ALPHAV
5271,544,"2024-12-05","2024-12-19","2025-03-31",1500000.0,Não,,Sem Segmento,SP,Sudeste,RIBEIRÃO PRETO,Jardim Zara
5272,544,"2024-12-05","2024-12-19","2025-03-31",1500000.0,Não,,Fabricação de alimentos e pratos prontos,SP,Sudeste,RIBEIRAO PRETO,PARQUE INDUSTRIAL LAGOINHA
5273,989,"2024-08-07","2024-12-20","2025-05-31",100000.0,Não,,Comércio atacadista de combustíveis realizado por transportador retalhista (TRR),GO,Centro Oeste,SENADOR CANEDO,RESIDENCIAL JARDIM CANEDO II
5274,989,"2024-08-07","2024-12-20","2025-05-31",100000.0,Não,,Sem Segmento,GO,Centro Oeste,ANÁPOLIS,Setor Industrial Aeroporto
5275,989,"2024-10-15","2024-12-20","2025-05-31",100000.0,Não,,"Comércio atacadista de álcool carburante, biodiesel, gasolina e demais derivados de petróleo, exceto lubrificantes, não realizado por transportador retalhista (TRR)",MG,Sudeste,UBERLANDIA,INDUSTRIAL
5276,989,"2024-10-15","2024-12-20","2025-05-31",100000.0,Não,,Holdings de instituições não-financeiras,GO,Centro Oeste,ANAPOLIS,PARQUE CALIXTOPOLIS
5277,1065,"2024-11-13","2025-03-28","2025-07-31",2000000.0,Não,,"Transporte rodoviário de carga, exceto produtos perigosos e mudanças, intermunicipal, interestadual e internacional",SP,Sudeste,CUBATAO,PARQUE SAO LUIS
5278,0,"2024-10-23","2025-10-07","2026-03-31",41000000,Não,,Construção de edifícios,AL,Nordeste,MACEIÓ,Pajuçara
5279,0,"2024-12-20","2024-12-23","2025-12-31",10000000,Não,,Fabricação de embalagens de material plástico,SP,Sudeste,MORUNGABA,SAO BENEDITO
5280,0,"2024-12-20","2024-12-23","2025-12-31",10000000,Não,,Comércio atacadista de óleos e gorduras,SP,Sudeste,CRUZALIA,FAZENDA ANHUMAS
5281,0,"2022-10-07","2024-12-23","2025-12-31",10000000,Não,,Fabricação de celulose e outras pastas para a fabricação de papel,SP,Sudeste,SAO PAULO,ITAIM BIBI
5282,1048,"2024-12-23","2025-09-15","2026-02-28",10000000,Não,,Sem Segmento,SP,Sudeste,JAGUARIÚNA,Santa Úrsula
5283,0,"2024-12-23","2024-12-23","2025-09-30",10000000,Não,,"Transporte rodoviário de carga, exceto produtos perigosos e mudanças, intermunicipal, interestadual e internacional",RJ,Sudeste,RESENDE,COMERCIAL NOVA RESENDE
5284,0,"2024-12-23","2024-12-23","2025-09-30",10000000,Não,,"Transporte rodoviário de carga, exceto produtos perigosos e mudanças, municipal",RJ,Sudeste,RIO DE JANEIRO,IPANEMA
5285,0,"2024-12-23","2024-12-26","2025-09-30",10000000,Não,,"Transporte rodoviário de carga, exceto produtos perigosos e mudanças, intermunicipal, interestadual e internacional",MG,Sudeste,LAVRAS,ARTUR BERNARDES
5286,0,"2024-12-23","2024-12-23","2026-02-28",10000000,Não,,Montagem de estruturas metálicas,SP,Sudeste,BARUERI,GREEN VALLEY ALPHAVILLE
5287,0,"2024-12-23","2024-12-23","2025-05-31",5000000.0,Não,,Fabricação de conservas de frutas,PB,Nordeste,SOUSA,AREA RURAL DE SOUSA
5288,0,"2024-12-23","2024-12-26","2025-09-30",10000000,Não,,Refino e outros tratamentos do sal,SC,Sul,IMBITUBA,SAMBAQUI
5289,0,"2022-10-07","2024-12-26","2025-05-31",5000000.0,Não,,Fabricação de chapas e de embalagens de papelão ondulado,SP,Sudeste,CAMPINAS,JARDIM CONCEICAO
5290,0,"2024-12-23","2024-12-26","2026-02-28",10000000,Não,,Sem Segmento,SP,Sudeste,GUARULHOS,Cidade Industrial Satélite de São Paulo
5291,0,"2022-08-23","2024-12-26","2026-02-28",10000000,Não,,Sem Segmento,SP,Sudeste,GUARULHOS,Cidade Industrial Satélite de São Paulo
5292,0,"2024-12-23","2024-12-26","2025-07-31",5000000.0,Não,,Sem Segmento,SP,Sudeste,OSASCO,Industrial Anhangüera
5293,0,"2024-12-23","2024-12-26","2026-02-28",10000000,Não,,Fabricação de produtos químicos orgânicos não especificados anteriormente,SP,Sudeste,ITUPEVA,MONTE SERRAT
5294,0,"2024-12-23","2024-12-26","2025-12-31",20000000,Não,,Fabricação de embalagens de material plástico,MG,Sudeste,EXTREMA,DOS TENENTES
5295,0,"2024-12-23","2024-12-26","2025-08-31",10000000,Não,,"Comércio atacadista de mercadorias em geral, sem predominância de alimentos ou de insumos agropecuários",RJ,Sudeste,RIO DE JANEIRO,BOTAFOGO
5296,0,"2024-12-26","2024-12-26","1900-01-01",0.0,Não,,Sem Segmento,SC,Sul,SCHROEDER,CENTRO
5297,0,"2025-01-02","2025-01-02","2025-11-30",10000000,Não,,Sem Segmento,MG,Sudeste,ARAUJOS,CENTRO
5298,0,"2025-01-02","2025-01-02","2025-06-30",10000000,Não,,Sem Segmento,MG,Sudeste,SANTA JULIANA,CENTRO
5299,0,"2025-01-02","2025-01-02","2025-06-30",10000000,Não,,Sem Segmento,GO,Centro Oeste,CRISTALINA,ZONA RURAL
5300,0,"2025-01-02","2025-01-02","2025-12-31",10000000,Não,,Sem Segmento,MG,Sudeste,SACRAMENTO,BELA VISTA
5301,0,"2025-01-02","2025-01-02","2025-06-30",10000000,Não,,Sem Segmento,MT,Centro Oeste,PRIMAVERA DO LESTE,ZONA RURAL
5302,0,"2025-01-03","2025-01-03","2026-01-31",10000000,Não,,"Tratamento de dados, provedores de serviços de aplicação e serviços de hospedagem na internet",SC,Sul,TIMBO,FRITZ LORENZ
5303,0,"2025-01-06","2025-01-06","2025-12-31",5000000.0,Não,,Montagem de estruturas metálicas,TO,Norte,PALMAS,PLANO DIRETOR NORTE
5304,0,"2025-01-06","2025-01-06","1900-01-01",0.0,Não,,Atividades de vigilância e segurança privada,SP,Sudeste,SAO PAULO,SANTO AMARO
5305,0,"2025-01-06","2025-01-06","1900-01-01",1.0,Não,,Serviços combinados de escritório e apoio administrativo,SP,Sudeste,SAO PAULO,VILA CARMOSINA
5306,0,"2025-01-06","2025-01-06","1900-01-01",1.0,Não,,Serviços advocatícios,SP,Sudeste,SAO PAULO,JARDIM PAULISTA
5307,0,"2025-01-06","2025-01-06","2026-04-30",10000000,Não,,Fabricação de material elétrico para instalações em circuito de consumo,SP,Sudeste,GUARULHOS,JARDIM SANTA FRANCISCA
5308,0,"2025-01-06","2025-01-06","2025-11-30",10000000,Não,,Administração de obras,SP,Sudeste,RIO CLARO,CIDADE JARDIM
5309,0,"2025-01-06","2025-01-06","2026-04-30",10000000,Não,,Fabricação de equipamentos e acessórios para segurança pessoal e profissional,SP,Sudeste,SAO PAULO,JARDIM CARAVELAS
5310,0,"2025-01-06","2025-01-06","2025-11-30",10000000,Não,,Sem Segmento,MG,Sudeste,BOM DESPACHO,CENTRO N
5311,0,"2025-01-06","2025-01-06","2025-11-30",10000000,Não,,Sem Segmento,MG,Sudeste,BOM DESPACHO,JARAGUA
5312,0,"2025-01-07","2025-01-07","2025-11-30",5000000.0,Não,,"Serviços combinados para apoio a edifícios, exceto condomínios prediais",SP,Sudeste,SAO PAULO,PARQUE MANDAQUI
5313,0,"2025-01-08","2025-01-08","2026-04-30",30000000,Não,,Cultivo de soja,MT,"",ÁGUA BOA,""
5314,0,"2025-01-08","2025-01-08","2025-06-30",10000000,Não,,Sem Segmento,GO,Centro Oeste,SILVANIA,CENTRO
5315,0,"2025-01-08","2025-01-08","2025-12-31",10000000,Não,,Sem Segmento,SP,Sudeste,HOLAMBRA II,CENTRO
5316,0,"2025-01-08","2025-01-08","2025-06-30",10000000,Não,,Sem Segmento,MT,Centro Oeste,SANTO ANTONIO DO LESTE,ZONA RURAL
5317,0,"2025-01-08","2025-01-08","2025-11-30",10000000,Não,,Construção de edifícios,SP,Sudeste,PINDAMONHANGABA,CURUCA
5318,0,"2025-01-08","2025-01-08","2025-11-30",10000000,Não,,Construção de instalações esportivas e recreativas,SP,Sudeste,MONTE MOR,PARQUE RESIDENCIAL TERRAS DE YUCATAN
5319,0,"2025-01-08","2025-01-08","2025-11-30",10000000,Não,,Serviços de engenharia,SP,Sudeste,LIMEIRA,PARQUE RESIDENCIAL ABILIO PEDRO
5320,0,"2025-01-09","2025-01-09","2025-06-30",10000000,Não,,Sem Segmento,GO,Centro Oeste,MORRINHOS,centro
5321,0,"2025-01-09","2025-01-09","2025-11-30",10000000,Não,,Sem Segmento,SP,Sudeste,ITAPEVA,Centro
5322,0,"2025-01-10","2025-01-10","2025-12-31",10000000,Não,,Sem Segmento,SP,Sudeste,PARANAPANEMA,CPO DE HOLAMBRA
5323,0,"2024-11-05","2025-09-23","2026-01-31",2000000.0,Não,,Comércio atacadista de outros produtos químicos e petroquímicos não especificados anteriormente,SP,Sudeste,SAO PAULO,VILA REGENTE FEIJO
5324,0,"2024-11-25","2025-06-02","2025-09-30",2500000.0,Não,,Fabricação de tecidos de malha,SP,Sudeste,SÃO PAULO,Parque Novo Mundo
5325,0,"2022-08-25","2025-01-13","2025-05-31",2000000.0,Não,,Abate de aves,SC,Sul,INDAIAL,ENCANO DO NORTE
5326,0,"2025-01-13","2025-01-13","1900-01-01",0.0,Não,,Sem Segmento,SP,Sudeste,SAO PAULO,INDIANOPOLIS
5327,0,"2025-01-13","2025-01-13","1900-01-01",0.0,Não,,Comércio atacadista de materiais de construção em geral,MG,Sudeste,ARCOS,RESIDENCIAL MARCIA FARIA
5328,0,"2025-01-13","2025-01-13","2025-11-30",5000000.0,Não,,Fabricação de artefatos de cordoaria,SC,Sul,ITAJAI,ITAIPAVA
5329,0,"2025-01-13","2025-01-13","2026-03-31",10000000,Não,,Comércio por atacado de peças e acessórios para motocicletas e motonetas,SC,Sul,ARAQUARI,ITINGA
5330,0,"2025-01-14","2025-01-14","2025-06-30",10000000,Não,,Sem Segmento,GO,Centro Oeste,MORRINHOS, Centro
5331,0,"2025-01-14","2025-01-14","2025-06-30",10000000,Não,,Sem Segmento,GO,Centro Oeste,MONTIVIDIU,ZONA RURAL
5332,0,"2025-01-14","2025-01-14","2025-06-30",10000000,Não,,Sem Segmento,SP,Sudeste,BARUERI,Tamboré
5333,0,"2025-01-14","2025-01-14","2025-11-30",10000000,Não,,Sem Segmento,GO,Centro Oeste,GOIÂNIA,Jardim América
5334,0,"2025-01-14","2025-01-14","2025-11-30",10000000,Não,,Comércio varejista de materiais de construção não especificados anteriormente,SP,Sudeste,AMERICANA,LOTEAMENTO INDUSTRIAL NOSSA SENHORA DE FATIMA
5335,0,"2025-01-15","2025-01-15","2025-12-31",5000000.0,Não,,Fabricação de aparelhos e equipamentos para distribuição e controle de energia elétrica,SP,Sudeste,RIBEIRAO PRETO,PARQUE INDUSTRIAL LAGOINHA
5336,0,"2025-01-15","2025-01-15","2025-11-30",10000000,Não,,"Transporte rodoviário de carga, exceto produtos perigosos e mudanças, intermunicipal, interestadual e internacional",MG,Sudeste,PASSOS,BELO HORIZONTE
5337,0,"2025-01-15","2025-01-15","2025-11-30",10000000,Não,,Comércio varejista de materiais de construção não especificados anteriormente,SP,Sudeste,AMERICANA,VILA RIO BRANCO
5338,0,"2025-01-17","2025-01-17","2025-11-30",10000000,Não,,Fabricação de esquadrias de madeira e de peças de madeira para instalações industriais e comerciais,SP,Sudeste,BANANAL,RURAL RIALTO
5339,0,"2025-01-17","2025-01-17","2026-04-30",30000000,Não,,Comércio varejista de produtos alimentícios em geral ou especializado em produtos alimentícios não especificados anteriormente,BA,Nordeste,LUIS EDUARDO MAGALHAES,CENTRO
5340,0,"2025-01-17","2025-01-17","2026-04-30",30000000,Sim,"2025-06-06",Comércio atacadista de combustíveis realizado por transportador retalhista (TRR),MG,Sudeste,CONCEICAO DAS ALAGOAS,ZONA RURAL
5341,0,"2024-11-06","2025-08-29","2026-01-31",4500000.0,Não,,Fabricação de artefatos de material plástico para outros usos não especificados anteriormente,SP,Sudeste,SAO PAULO,VILA HAMBURGUESA
5342,1195,"2022-10-14","2025-09-15","2026-01-31",2520000.0,Não,,Fabricação de outros produtos têxteis não especificados anteriormente,SP,Sudeste,NOVA ODESSA,ZONA DE PRODUCAO INDUSTRIAL CINCO (ZPI-05)
5343,0,"2025-01-17","2025-01-17","2026-04-30",30000000,Não,,Comércio atacadista de cereais e leguminosas beneficiados,TO,Norte,TAGUATINGA,WALDEMAR CARLOS DE FRANCA
5344,0,"2025-01-17","2025-01-17","2025-11-30",10000000,Não,,Sem Segmento,MG,Sudeste,PASSA TEMPO,ZONA RURAL
5345,0,"2025-01-17","2025-01-17","1900-01-01",0.0,Não,,Construção de edifícios,SP,Sudeste,LIMEIRA,JARDIM CAIEIRA
5346,1052,"2022-12-27","2025-09-23","2026-02-28",5000000.0,Não,,"Fabricação de cosméticos, produtos de perfumaria e de higiene pessoal",RJ,Sudeste,SÃO GONÇALO,Porto da Madama
5348,509,"2022-10-17","2025-10-03","2026-01-31",1908000.0,Não,,Holdings de instituições não-financeiras,SP,Sudeste,SAO JOSE DO RIO PRETO,FAZENDA MONTE ALTO ZONA RURAL
5349,0,"2025-01-20","2025-01-20","2025-06-30",5000000.0,Não,,Sem Segmento,GO,Centro Oeste,VIANOPOLIS,ZONA RURAL
5350,0,"2025-01-20","2025-01-20","2025-06-30",5000000.0,Não,,Sem Segmento,GO,Centro Oeste,PARAÚNA,ZONA RURAL
5351,0,"2025-01-21","2025-01-21","2025-06-30",5000000.0,Não,,Sem Segmento,GO,Centro Oeste,QUIRINÓPOLIS,ZONA RURAL
5352,0,"2025-01-27","2025-01-27","2026-04-30",10000000,Não,,"Suporte técnico, manutenção e outros serviços em tecnologia da informação",SP,Sudeste,SAO PAULO,VILA CLEMENTINO
5353,0,"2025-01-27","2025-01-27","2026-02-28",10000000,Não,,Comércio atacadista de outras máquinas e equipamentos não especificados anteriormente; partes e peças,SP,Sudeste,JUNDIAI,ENGORDADOURO
5354,0,"2025-01-27","2025-01-27","2026-01-31",10000000,Não,,Comércio a varejo de peças e acessórios novos para veículos automotores,SP,Sudeste,BARUERI,SAO FERNANDO RESIDENCIA
5355,0,"2025-01-27","2025-01-27","2026-01-31",10000000,Não,,Comércio a varejo de peças e acessórios novos para veículos automotores,SP,Sudeste,SAO PAULO,JAGUARE
5356,0,"2025-01-27","2025-01-27","2025-06-30",10000000,Não,,Sem Segmento,SC,Sul,JOINVILLE,Pirabeiraba (Pirabeiraba)
5357,0,"2025-01-27","2025-01-27","2026-02-28",10000000,Não,,Comércio varejista de material elétrico,PR,Sul,QUATRO BARRAS,CENTRO
5358,0,"2025-01-27","2025-01-27","2026-02-28",10000000,Não,,Construção de edifícios,SP,Sudeste,SAO PAULO,PERUS
5359,0,"2025-01-27","2025-01-27","2026-04-30",10000000,Não,,Incorporação de empreendimentos imobiliários,SP,Sudeste,TABOAO DA SERRA,PARQUE PINHEIROS
5360,0,"2025-01-27","2025-01-27","2026-04-30",10000000,Não,,Comércio varejista de vidros,SP,Sudeste,SAO PAULO,PARQUE NOVO MUNDO
5361,0,"2025-01-27","2025-01-27","2026-02-28",10000000,Não,,Comércio varejista de materiais de construção não especificados anteriormente,SP,Sudeste,TABOAO DA SERRA,JARDIM MONTE ALEGRE
5362,0,"2025-01-27","2025-01-27","2026-01-31",10000000,Não,,Serviços combinados de escritório e apoio administrativo,RJ,Sudeste,RIO DE JANEIRO,CENTRO
5363,1028,"2024-12-18","2025-05-27","2025-08-31",800000.0,Não,,Comércio atacadista de medicamentos e drogas de uso humano,MG,Sudeste,JUIZ DE FORA,NOVA ERA
5364,1028,"2024-12-20","2025-05-27","2025-08-31",800000.0,Não,,Comércio atacadista de medicamentos e drogas de uso humano,RJ,Sudeste,NITEROI,CENTRO
5365,0,"2024-12-18","2025-06-23","2025-07-04",222000.0,Não,,Fabricação de aditivos de uso industrial,SP,Sudeste,GUARULHOS,CUMBICA
5366,0,"2024-01-29","2025-07-01","2025-11-30",10000000,Não,,Sem Segmento,GO,Centro Oeste,JOVIANIA,ZONA RURAL
5367,0,"2025-01-29","2025-01-29","2025-12-31",10000000,Não,,Sem Segmento,GO,Nordeste,SALVADOR,STA CRUZ
5370,1019,"2024-12-09","2025-01-30","2025-04-30",3250000.0,Não,,Comércio atacadista de energia elétrica,SP,Sudeste,SAO PAULO,CHACARA SANTO ANTONIO (ZONA SUL)
5379,0,"2025-01-31","2025-01-31","1900-01-01",0.0,Não,,Treinamento em informática,SP,Sudeste,SAO PAULO,HORTO FLORESTAL
5380,1020,"2024-10-18","2025-06-30","2025-10-31",1500000.0,Não,,"Fabricação de sucos de frutas, hortaliças e legumes, exceto concentrados",SP,Sudeste,ITU,São Luiz
5381,1020,"2024-12-09","2025-06-30","2025-10-31",1500000.0,Não,,"Fabricação de refrescos, xaropes e pós para refrescos, exceto refrescos de frutas",SP,Sudeste,INDAIATUBA,Américan Park Empresarial NR
5384,997,"2025-01-23","2025-05-12","2025-09-30",5000000.0,Não,,Sem Segmento,RJ,Sudeste,TRÊS RIOS,Centro
5385,0,"2025-01-31","2025-01-31","2025-12-31",10000000,Não,,Sem Segmento,MT,Centro Oeste,RONDONÓPOLIS,Parque Residencial Universitário
5386,0,"2025-01-31","2025-01-31","2025-11-30",5000000.0,Não,,Sem Segmento,GO,Centro Oeste,IPAMERI,ZONA RURAL
5387,0,"2025-01-31","2025-01-31","2099-07-22",0.0,Não,,"Fabricação de tanques, reservatórios metálicos e caldeiras para aquecimento central",SP,Sudeste,CEDRAL,DIST.IND. DR. EDGARD ARCHIMEDES BEOLCHI JUNIOR
5388,0,"2025-01-31","2025-01-31","2026-01-31",5000000.0,Não,,Montagem de estruturas metálicas,SP,Sudeste,SAO PAULO,JARDIM PLANALTO
5389,235,"2025-01-31","2025-10-30","2026-02-28",8177000.0,Não,,Sem Segmento,MA,Nordeste,SÃO JOSÉ DE RIBAMAR,ARACAGY
5390,0,"2025-01-31","2025-01-31","1900-01-01",0.0,Não,,Impermeabilização em obras de engenharia civil,SP,Sudeste,SAO PAULO,LAPA
5391,0,"2025-01-31","2025-01-31","1900-01-01",0.0,Não,,Perfurações e sondagens,SP,Sudeste,JUNDIAI,ELOY CHAVES
5392,0,"2025-01-31","2025-01-31","1900-01-01",0.0,Não,,Atividades de estudos geológicos,SP,Sudeste,FRANCA,ESPLANADA PRIMO MENEGHETI
5393,0,"2025-02-03","2025-02-03","2030-02-14",0.0,Não,,Fabricação de estruturas metálicas,SP,Sudeste,ITUPEVA,SAO ROQUE DA CHAVE
5394,0,"2024-10-21","2025-04-04","2025-08-31",20000000,Não,,Sem Segmento,SP,Sudeste,SÃO PAULO,Vila Cordeiro
5395,0,"2025-02-03","2025-02-03","2025-12-31",5000000.0,Não,,Fabricação de esquadrias de metal,SP,Sudeste,SAO PAULO,JARDIM HELENA
5396,0,"2025-02-03","2025-02-03","2025-12-31",10000000,Não,,Serviços de pintura de edifícios em geral,SP,Sudeste,RIO CLARO,JARDIM NOVO I
5397,0,"2025-02-03","2025-02-03","2025-12-31",10000000,Não,,Obras de alvenaria,SP,Sudeste,CAMPINAS,CIDADE SATELITE IRIS
5398,0,"2025-02-04","2025-02-04","1900-01-01",0.0,Não,,"Transporte rodoviário de carga, exceto produtos perigosos e mudanças, intermunicipal, interestadual e internacional",BA,Nordeste,CORRENTINA,CIDADE ROSARIO
5399,0,"2025-02-04","2025-02-04","2025-12-31",30000000,Não,,Serviços combinados de escritório e apoio administrativo,MA,Nordeste,ESTREITO,CENTRO
5400,0,"2025-02-04","2025-02-04","2025-12-31",10000000,Não,,Aluguel de equipamentos recreativos e esportivos,MG,Sudeste,UBERLANDIA,DONA ZULMIRA
5401,0,"2025-02-04","2025-02-04","2025-07-31",30000000,Não,,Comércio atacadista de cereais e leguminosas beneficiados,BA,Nordeste,LUIS EDUARDO MAGALHAES,JARDIM PARAISO
5402,0,"2025-02-05","2025-02-05","2025-12-31",5000000.0,Não,,Manutenção e reparação de válvulas industriais,GO,Centro Oeste,ITAPACI,BOA VISTA
5403,1028,"2024-12-18","2025-05-27","2025-08-31",800000.0,Não,,Comércio atacadista de medicamentos e drogas de uso humano,ES,Sudeste,VILA VELHA,Nossa Senhora da Penha
5404,348,"2025-01-22","2025-10-29","2026-02-28",11000000,Não,,"Comércio atacadista de defensivos agrícolas, adubos, fertilizantes e corretivos do solo",MS,Centro Oeste,CHAPADÃO DO SUL,CENTRO
5405,348,"2025-01-31","2025-10-29","2026-02-28",11000000,Não,,"Fabricação de adubos e fertilizantes, exceto organo-minerais",PR,Sul,LONDRINA,Cilo 3
5406,348,"2025-01-31","2025-10-29","2026-02-28",11000000,Não,,"Comércio atacadista de defensivos agrícolas, adubos, fertilizantes e corretivos do solo",PR,Sul,CAMBE,CHACARA MANELLA
5407,0,"2025-02-05","2025-02-05","2025-07-31",30000000,Não,,Moagem e fabricação de produtos de origem vegetal não especificados anteriormente,MT,Centro Oeste,RONDONOPOLIS,JARDIM DAS PAINEIRAS
5408,0,"2025-02-05","2025-02-05","2025-12-31",10000000,Não,,Sem Segmento,MG,Sudeste,CAMACHO,CENTRO
5409,0,"2025-02-05","2025-02-05","2025-12-31",10000000,Não,,Obras de alvenaria,SP,Sudeste,SAO BERNARDO DO CAMPO,MONTANHAO
5410,0,"2025-02-06","2025-02-06","2025-12-31",10000000,Não,,Fabricação de sabões e detergentes sintéticos,PR,Sul,SAO JOSE DOS PINHAIS,RIO PEQUENO
5411,1013,"2024-11-11","2025-06-23","2025-08-04",119000.0,Não,,Fabricação de móveis com predominância de metal,MS,Centro Oeste,APARECIDA DO TA,DISTRITO INDUSTRIAL II
5412,1013,"2024-11-05","2025-06-23","2025-08-04",119000.0,Não,,Fabricação de móveis com predominância de metal,PB,Nordeste,CONDE,DISTRITO INDUSTRIAL
5413,1100,"2024-12-03","2025-11-10","2026-02-28",10000000,Não,,Fabricação de outros produtos alimentícios não especificados anteriormente,SP,Sudeste,SOROCABA,EDEN
5414,0,"2025-02-06","2025-02-06","2026-01-31",10000000,Não,,Fabricação de embalagens de material plástico,SP,Sudeste,SOROCABA,JARDIM SANTA CECILIA
5415,0,"2025-02-07","2025-02-07","1900-01-01",0.0,Não,,"Suporte técnico, manutenção e outros serviços em tecnologia da informação",SP,Sudeste,SAO PAULO,CAPÃO REDONDO
5416,0,"2025-02-07","2025-02-07","1900-01-01",0.0,Não,,"Comércio varejista de mercadorias em geral, com predominância de produtos alimentícios - minimercados, mercearias e armazéns",PI,Nordeste,COLONIA DO GURGUEIA,CENTRO
5417,0,"2025-02-07","2025-02-07","1900-01-01",0.0,Não,,Sem Segmento,SP,Sudeste,SAO PAULO,FREGUESIA DO O
5418,1048,"2025-02-07","2025-02-07","2026-02-28",10000000,Não,,Fabricação de embalagens de material plástico,SP,Sudeste,JAGUARIÚNA,Centro
5419,1041,"2025-02-06","2025-09-30","2026-02-28",250000000,Não,,"Comércio atacadista de produtos de higiene, limpeza e conservação domiciliar",PR,Sul,SAO JOSE DOS PINHAIS,QUISSISSANA
5420,1041,"2025-02-06","2025-09-30","2026-02-28",250000000,Não,,Fabricação de produtos de limpeza e polimento,MG,Sudeste,RIBEIRÃO DAS NEVES,Distrito Industrial João de Almeida
5421,1041,"2025-02-06","2025-09-30","2026-02-28",250000000,Não,,"Comércio atacadista de produtos de higiene, limpeza e conservação domiciliar",RJ,Sudeste,RIO DE JANEIRO,Pavuna
5422,1041,"2025-02-06","2025-09-30","2026-02-28",250000000,Não,,"Comércio atacadista de produtos de higiene, limpeza e conservação domiciliar",MG,Sudeste,BETIM,Dom Bosco
5423,1041,"2025-02-06","2025-09-30","2026-02-28",250000000,Não,,Fabricação de produtos de limpeza e polimento,MT,Centro Oeste,CUIABA,DISTRITO INDUSTRIAL
5424,1041,"2025-02-06","2025-09-30","2026-02-28",250000000,Não,,Fabricação de sabões e detergentes sintéticos,PE,Nordeste,PAULISTA,Paratibe
5425,1041,"2025-02-06","2025-09-30","2026-02-28",250000000,Não,,Fabricação de embalagens de material plástico,RJ,Sudeste,TRES RIOS,MONTE CASTELO
5426,1041,"2025-02-06","2025-09-30","2026-02-28",250000000,Não,,"Atividades de consultoria em gestão empresarial, exceto consultoria técnica específica",SP,Sudeste,GUARULHOS,RESIDENCIAL PARQUE CUMBICA
5427,1041,"2025-02-06","2025-09-30","2026-02-28",250000000,Não,,"Comércio atacadista de produtos de higiene, limpeza e conservação domiciliar",RJ,Sudeste,RIO DE JANEIRO,PAVUNA
5428,1041,"2025-02-06","2025-09-30","2026-02-28",250000000,Não,,"Comércio atacadista de produtos de higiene, limpeza e conservação domiciliar",MA,Nordeste,SAO LUIS,TIBIRI
5429,1041,"2025-02-06","2025-09-30","2026-02-28",250000000,Não,,Fabricação de produtos de limpeza e polimento,SP,Sudeste,SUZANO,Vila Colorado
5430,0,"2025-02-07","2025-02-07","2026-02-28",10000000,Não,,Sem Segmento,SP,Sudeste,BARUERI,Alphaville Industrial
5431,0,"2025-02-10","2025-02-10","2025-12-31",5000000.0,Não,,Aluguel de máquinas e equipamentos para escritório,RN,Nordeste,BAIA FORMOSA,CENTRO
5432,0,"2025-01-16","2025-02-11","2025-05-31",2000000.0,Não,,"Bancos múltiplos, sem carteira comercial",SP,Sudeste,SAO PAULO,JABAQUARA
5433,1010,"2022-06-24","2025-07-15","2025-11-30",10000000,Não,,Sem Segmento,SP,Sudeste,FERRAZ DE VASCONCELOS,Vila Santo Antônio
5434,0,"2024-12-02","2025-02-11","2025-06-30",15000000,Não,,"Comércio atacadista de sementes, flores, plantas e gramas",GO,Centro Oeste,FORMOSA,Formosinha
5435,0,"2025-02-12","2025-02-12","2025-12-31",5000000.0,Não,,Comércio atacadista de máquinas e equipamentos para uso industrial; partes e peças,SP,Sudeste,PIRACICABA,PARQUE SAO MATHEUS
5436,0,"2025-02-12","2025-02-12","1900-01-01",0.0,Não,,Comércio atacadista de roupas e acessórios para uso profissional e de segurança do trabalho,SP,Sudeste,CAMPINAS,JARDIM SANTA GENEBRA
5437,0,"2025-02-13","2025-02-13","2025-12-31",30000000,Não,,Comércio atacadista de cereais e leguminosas beneficiados,GO,Centro Oeste,MINEIROS,SETOR MARTINS
5438,0,"2025-02-13","2025-02-13","2025-12-31",30000000,Não,,Comércio atacadista de cereais e leguminosas beneficiados,BA,Nordeste,LUIS EDUARDO MAGALHAES,CENTRO
5439,0,"2025-02-13","2025-02-13","2026-02-28",10000000,Não,,Administração de obras,PR,Sul,CURITIBA,XAXIM
5440,0,"2025-02-13","2025-02-13","2025-12-31",30000000,Não,,Comércio atacadista de cereais e leguminosas beneficiados,TO,Norte,COLINAS DO TOCANTINS,NOVO PLANALTO
5441,1039,"2025-01-30","2025-02-13","2025-05-31",100000.0,Não,,Comércio atacadista de materiais de construção em geral,PR,Sul,PINHAIS,ESTANCIA PINHAIS
5442,0,"2025-02-13","2025-02-13","2025-12-31",30000000,Não,,Comércio atacadista de matérias-primas agrícolas não especificadas anteriormente,PR,Sul,MARINGA,VILA CLEOPATRA
5443,0,"2025-02-13","2025-02-13","2025-12-31",30000000,Não,,Comércio atacadista de cereais e leguminosas beneficiados,GO,Centro Oeste,RIO VERDE,SETOR MORADA DO SOL
5444,0,"2025-02-14","2025-02-14","2025-12-31",10000000,Não,,Obras de terraplenagem,SP,Sudeste,JAGUARIUNA,CAPOTUNA
5445,0,"2025-02-14","2025-02-14","2025-07-31",30000000,Não,,"Comércio atacadista de cereais e leguminosas beneficiados, farinhas, amidos e féculas, com atividade de fracionamento e acondicionamento associada",GO,Centro Oeste,TRINDADE,SETOR JARDIM IMPERIAL
5446,0,"2022-08-04","2025-02-17","2025-06-30",1000000.0,Não,,"Fabricação de adubos e fertilizantes, exceto organo-minerais",PR,Sul,ITAPERUÇU,SANTARIA
5447,1030,"2025-01-13","2025-04-07","2025-07-31",25500000,Não,,Obras de terraplenagem,GO,Centro Oeste,GOIANIA,JARDIM GOIAS
5448,1030,"2025-01-13","2025-04-07","2025-07-31",25500000,Não,,Outras obras de engenharia civil não especificadas anteriormente,GO,Centro Oeste,GOIÂNIA,Jardim Goiás
5449,1030,"2025-01-13","2025-04-07","2025-07-31",25500000,Não,,Sem Segmento,GO,Centro Oeste,GOIÂNIA,Jardim Goiás
5450,1030,"2025-01-13","2025-04-07","2025-07-31",25500000,Não,,Construção de edifícios,GO,Centro Oeste,GOIÂNIA,Jardim Goiás
5451,1030,"2025-01-13","2025-04-07","2025-07-31",25500000,Não,,Outras obras de engenharia civil não especificadas anteriormente,GO,Centro Oeste,GOIANIA,JARDIM GOIAS
5452,1038,"2025-01-10","2025-05-07","2025-07-31",1150000.0,Não,,Fabricação de refrigerantes,SP,Sudeste,JABOTICABAL,Santa Izabel
5453,1038,"2025-01-29","2025-05-07","2025-07-31",1150000.0,Não,,"Comércio atacadista de cerveja, chope e refrigerante",SP,Sudeste,JABOTICABAL,PQ IND CARLOS TONNANI
5454,0,"2025-02-18","2025-02-18","2025-12-31",5000000.0,Não,,Fabricação de outros produtos de minerais não-metálicos não especificados anteriormente,ES,Sudeste,CACHOEIRO DE ITAPEMIRIM,MONTE BELO
5455,0,"2025-02-18","2025-02-18","1900-01-01",0.0,Não,,Recuperação de materiais não especificados anteriormente,SC,Sul,CRICIUMA,PRIMEIRA LINHA
5456,0,"2025-02-18","2025-02-18","1900-01-01",0.0,Não,,Fabricação de fibras artificiais e sintéticas,BA,Nordeste,CAMACARI,POLO PETROQUIMICO
5457,0,"2025-02-18","2025-02-18","2025-12-31",5000000.0,Não,,Comércio varejista de materiais de construção não especificados anteriormente,SP,Sudeste,ITAPEVI,CONDOMINIO NOVA SAO PAULO
5458,0,"2025-02-18","2025-02-18","1900-01-01",0.0,Não,,Comércio varejista de ferragens e ferramentas,MG,Sudeste,ARAGUARI,DISTRITO INDUSTRIAL
5459,0,"2025-02-18","2025-02-18","2025-07-31",30000000,Não,,Sem Segmento,PR,Sul,LONDRINA,Cilo 3
5460,0,"2025-02-19","2025-02-19","2025-12-31",30000000,Não,,Comércio atacadista de cereais e leguminosas beneficiados,TO,Norte,SAO SALVADOR DO TOCANTINS,RODOVIA
5461,0,"2025-02-19","2025-02-19","2025-12-31",10000000,Não,,Serviços de confecção de armações metálicas para a construção,SP,Sudeste,SAO PAULO,JARDIM HELIAN
5462,0,"2025-02-19","2025-02-19","2025-12-31",10000000,Não,,Sem Segmento,GO,Centro Oeste,BRASILIA,ZONA RURAL
5463,0,"2025-02-19","2025-02-19","1900-01-01",0.0,Não,,Comércio varejista de materiais de construção não especificados anteriormente,MG,Sudeste,UBERLANDIA,PRESIDENTE ROOSEVELT
5464,0,"2025-02-20","2025-02-20","1900-01-01",0.0,Não,,"Agenciamento de espaços para publicidade, exceto em veículos de comunicação",MG,Sudeste,UBERLANDIA,GRANADA
5465,0,"2025-02-20","2025-02-20","2025-12-31",10000000,Não,,Serviço de corte e dobra de metais,SP,Sudeste,LIMEIRA,JARDIM OURO VERDE
5466,0,"2025-02-20","2025-02-20","2025-07-31",2000000.0,Não,,"Comércio atacadista de defensivos agrícolas, adubos, fertilizantes e corretivos do solo",GO,Centro Oeste,GOIANIA,ELISIO CAMPOS
5467,0,"2025-02-21","2025-02-21","2026-02-28",10000000,Não,,Sem Segmento,MG,Sudeste,BARBACENA,NOSSA SENHORA APARECIDA
5468,0,"2025-02-21","2025-02-21","2026-02-28",10000000,Não,,Sem Segmento,MG,Sudeste,IBERTIOGA,ZONA RURAL PORTEIR
5469,0,"2024-11-07","2025-02-24","2025-07-31",4000000.0,Não,,Comércio atacadista de café em grão,SP,Sudeste,ESPIRITO SANTO DO PINHAL,CENTRO
5470,0,"2025-02-24","2025-02-24","2025-12-31",5000000.0,Não,,"Aluguel de palcos, coberturas e outras estruturas de uso temporário, exceto andaimes",PB,Nordeste,JOAO PESSOA,JAGUARIBE
5471,0,"2025-02-24","2025-02-24","1900-01-01",0.0,Não,,"Fabricação de tecidos especiais, inclusive artefatos",GO,Centro Oeste,GOIANIA,RES PETROPOLIS
5472,1036,"2025-01-21","2025-03-18","2025-06-30",100000.0,Não,,Hotéis,CE,Nordeste,JIJOCA DE JERICOACOARA,LAGOA DO PARAISO
5473,0,"2025-02-27","2025-02-27","2026-02-28",5000000.0,Não,,Manutenção e reparação de máquinas e equipamentos para uso geral não especificados anteriormente,MG,Sudeste,ITAU DE MINAS,JARDIM PINHEIROS
5474,0,"2025-02-27","2025-02-27","2025-12-31",5000000.0,Não,,Promoção de vendas,TO,Norte,PALMAS,PLANO DIRETOR SUL
5475,1052,"2022-12-27","2025-09-23","2026-02-28",5000000.0,Não,,Gestão de ativos intangíveis não-financeiros,SP,Sudeste,BARUERI,Alphaville Industrial
5476,1075,"2023-03-22","2025-09-26","2026-02-28",410000000,Não,,Gestão e administração da propriedade imobiliária,SP,Sudeste,SÃO PAULO,Bela Vista
5477,0,"2025-03-06","2025-03-06","2026-01-31",10000000,Não,,Agências de publicidade,SP,Sudeste,RIBEIRAO PRETO,JARDIM IRAJA
5478,0,"2025-03-06","2025-03-06","2026-01-31",10000000,Não,,Fabricação de produtos diversos não especificados anteriormente,PR,Sul,CAMPO LARGO,Fazendinha
5479,0,"2025-02-24","2025-03-12","2025-06-30",1000000.0,Não,,Holdings de instituições não-financeiras,SP,Sudeste,SAO PAULO,INDIANOPOLIS
5480,0,"2025-02-21","2025-06-26","2025-09-30",500000.0,Não,,Desenvolvimento de programas de computador sob encomenda,SP,Sudeste,SAO PAULO,VILA MARIANA
5481,0,"2025-02-12","2025-03-12","2025-06-30",2000000.0,Não,,Comércio atacadista de produtos alimentícios em geral,MG,Sudeste,CONSELHEIRO LAFAIETE,Santa Fé
5482,509,"2025-03-07","2025-10-03","2026-01-31",1908000.0,Não,,Comércio varejista de combustíveis para veículos automotores,SP,Sudeste,RUBINEIA,AREA INDUSTRIAL E COMERCIAL I
5483,0,"2022-12-19","2025-03-12","2025-05-31",60000000,Não,,Sem Segmento,SP,Sudeste,OSASCO,Vila Yara
5484,1075,"2025-03-07","2025-09-26","2026-02-28",410000000,Não,,Incorporação de empreendimentos imobiliários,SP,Sudeste,IBITINGA,Área Rural de Ibitinga
5485,0,"2025-02-26","2025-03-13","2025-06-30",2500000.0,Não,,Fabricação de artefatos de material plástico para uso pessoal e doméstico,SP,Sudeste,PEDREIRA,JARDIM TRIUNFO
5486,896,"2023-08-28","2025-07-04","2025-10-31",2500000.0,Não,,Comércio por atacado de pneumáticos e câmaras-de-ar,MG,Sudeste,UBERLÂNDIA,Distrito Industrial
5487,896,"2023-09-30","2025-07-04","2025-10-31",2500000.0,Não,,Comércio a varejo de pneumáticos e câmaras-de-ar,MG,Sudeste,UBERLANDIA,DISTRITO INDUSTRIAL
5488,0,"2025-03-13","2025-03-13","2025-08-31",10000000,Não,,Obras de terraplenagem,SP,Sudeste,LIMEIRA,JARDIM RESIDENCIAL ROSEIRA
5489,0,"2025-01-31","2025-08-18","2026-01-31",15000000,Não,,Comércio atacadista de energia elétrica,SP,Sudeste,SAO PAULO,CIDADE MONCOES
5490,0,"2025-02-14","2025-10-21","2026-03-31",1000000.0,Não,,Comércio atacadista de café em grão,MG,Sudeste,MANHUAÇU,Baixada
5491,0,"2025-03-10","2025-03-14","2025-08-31",334000.0,Não,,Incorporação de empreendimentos imobiliários,SP,Sudeste,SAO PAULO,BARRA FUNDA
5492,0,"2025-03-10","2025-03-14","2025-08-31",307375.0,Não,,Incorporação de empreendimentos imobiliários,SP,Sudeste,SAO PAULO,BARRA FUNDA
5493,0,"2025-03-10","2025-03-14","2025-08-31",760000.0,Não,,Incorporação de empreendimentos imobiliários,SP,Sudeste,SAO PAULO,BARRA FUNDA
5494,0,"2025-03-10","2025-03-14","2025-08-31",338605.0,Não,,Incorporação de empreendimentos imobiliários,SP,Sudeste,SAO PAULO,BARRA FUNDA
5495,0,"2025-03-14","2025-03-14","2026-01-31",10000000,Não,,Perfurações e sondagens,MG,Sudeste,UBERABA,RESIDENCIAL ILHA DE MARAJO II
5496,0,"2025-03-17","2025-03-17","2026-01-31",10000000,Não,,Serviços de engenharia,SP,Sudeste,CAMPINAS,CENTRO
5497,0,"2025-03-17","2025-03-17","2026-01-31",30000000,Não,,Comércio atacadista de cereais e leguminosas beneficiados,BA,Nordeste,LUIS EDUARDO MAGALHAES,MIMOSO DO OESTE
5498,0,"2025-03-10","2025-03-18","2025-08-31",422000.0,Sim,"2024-07-04",Incorporação de empreendimentos imobiliários,SP,Sudeste,SÃO PAULO,Barra Funda
5500,0,"2025-03-10","2025-03-18","2025-08-31",592626.0,Não,,Incorporação de empreendimentos imobiliários,SP,Sudeste,SÃO PAULO,Barra Funda
5501,1036,"2025-01-21","2025-03-18","2025-06-30",100000.0,Não,,Hotéis,CE,Nordeste,JIJOCA DE JERICOACOARA,VILA DE JERICOACOARA
5502,0,"2025-02-20","2025-03-18","2025-08-31",12000000,Não,,Gestão e administração da propriedade imobiliária,SP,Sudeste,SAO PAULO,CERQUEIRA CESAR
5503,0,"2025-03-19","2025-03-19","2026-01-31",5000000.0,Não,,Comércio varejista de outros produtos não especificados anteriormente,GO,Centro Oeste,APARECIDA DE GOIANIA,PARQUE SANTA CECÍLIA
5504,0,"2025-03-20","2025-03-20","2026-01-31",10000000,Não,,"Fabricação de artigos de serralheria, exceto esquadrias",SP,Sudeste,AMERICANA,SAO MANOEL
5505,0,"2025-03-20","2025-03-20","2026-01-31",5000000.0,Não,,Rerrefino de óleos lubrificantes,SP,Sudeste,PRADOPOLIS,DISTRITO INDUSTRIAL
5506,0,"2025-03-20","2025-03-20","2026-01-31",10000000,Não,,Serviços domésticos,SP,Sudeste,SANTA BARBARA D'OESTE,JARDIM EUROPA I
5507,0,"2025-03-19","2025-07-28","2025-08-31",2400000.0,Não,,Sem Segmento,MG,Sudeste,BELO HORIZONTE,Belvedere
5508,0,"2025-03-20","2025-03-20","2026-01-31",10000000,Não,,Obras de alvenaria,SP,Sudeste,LIMEIRA,JARDIM MARAJOARA
5509,0,"2025-03-20","2025-03-20","2026-01-31",10000000,Não,,Atividades de monitoramento de sistemas de segurança eletrônico,SP,Sudeste,CAMPINAS,PARQUE SAO PAULO
5510,0,"2025-02-25","2025-03-21","2025-08-31",30000000,Não,,"Fabricação de adubos e fertilizantes, exceto organo-minerais",SP,Sudeste,COSMÓPOLIS,Itapavussu
5511,0,"2025-02-27","2025-08-18","2026-01-31",3750000.0,Não,,Comércio atacadista de cereais e leguminosas beneficiados,RS,Sul,CASEIROS,INTERIOR
5512,0,"2025-03-24","2025-03-24","2026-02-28",10000000,Não,,Restaurantes e similares,MG,Sudeste,MONTES CLAROS,SAO JOSE
5513,0,"2025-03-25","2025-03-25","2026-02-28",1000000.0,Não,,Agências de viagens,SP,Sudeste,SAO PAULO,VILA GERTRUDES
5514,1054,"2025-02-21","2025-03-25","2025-07-31",3000000.0,Não,,Comércio atacadista de medicamentos e drogas de uso veterinário,MG,Sudeste,PERDOES,VARZEA DE CIMA
5515,1054,"2025-02-17","2025-03-25","2025-07-31",3000000.0,Não,,Comércio atacadista de medicamentos e drogas de uso veterinário,MG,Sudeste,PERDOES,VARZEA DE CIMA
5516,0,"2025-02-05","2025-07-16","2025-11-30",17000000,Não,,"Comércio atacadista de sementes, flores, plantas e gramas",MG,Sudeste,UBERABA,Distrito Industrial II
5517,0,"2025-03-25","2025-03-25","2026-01-31",15000000,Não,,"Fabricação de estruturas pré-moldadas de concreto armado, em série e sob encomenda",SP,Sudeste,PIRACICABA,DOIS CORREGOS
5518,0,"2025-03-25","2025-03-25","2026-01-31",15000000,Não,,Construção de edifícios,SP,Sudeste,PIRACICABA,ALEMAES
5519,0,"2025-03-26","2025-03-26","2025-08-31",10000000,Não,,Sem Segmento,BA,"",CORRENTINA,""
5520,0,"2025-03-26","2025-03-26","2025-08-31",10000000,Não,,Sem Segmento,MG,Sudeste,SANTA JULIANA,RURAL
5521,0,"2025-03-26","2025-03-26","2025-08-31",10000000,Não,,Sem Segmento,GO,Sudeste,GUARULHOS,Vila Flora
5522,0,"2025-03-26","2025-03-26","2025-08-31",10000000,Não,,Sem Segmento,MG,Sudeste,PATOS DE MINAS,Planalto
5523,0,"2025-03-25","2025-03-26","2025-06-30",2000000.0,Não,,Sem Segmento,MT,Centro Oeste,PRIMAVERA DO LESTE,CENTRO
5524,0,"2025-03-27","2025-03-27","2025-08-31",1000000.0,Não,,"Fabricação de cosméticos, produtos de perfumaria e de higiene pessoal",SP,Sudeste,ATIBAIA,PONTE ALTA
5525,0,"2025-03-27","2025-03-27","2026-02-28",10000000,Não,,Instalação e manutenção elétrica,SP,Sudeste,CAMPINAS,CENTRO
5526,0,"2025-03-27","2025-03-27","1900-01-01",0.0,Não,,Comércio varejista de móveis,MG,Sudeste,MONTES CLAROS,VILA REGINA
5527,0,"2025-02-27","2025-03-27","2025-06-30",1000000.0,Não,,Fabricação de peças e acessórios para o sistema de freios de veículos automotores,RS,Sul,CAXIAS DO SUL,Nossa Senhora da Saúde
5528,1051,"2025-02-25","2025-09-10","2025-10-31",2000000.0,Sim,"2025-04-01",Comércio varejista de combustíveis para veículos automotores,SP,Sudeste,TANABI,ZONA RURAL
5529,1051,"2024-11-08","2025-09-10","2025-10-31",2000000.0,Sim,"2025-04-01",Comércio varejista de combustíveis para veículos automotores,SP,Sudeste,TANABI,PARQUE RESIDENCIAL JARDIM COVIZZI
5530,0,"2025-02-27","2025-07-18","2025-11-30",2000000.0,Não,,"Fabricação de motores elétricos, peças e acessórios",RS,Sul,CAXIAS DO SUL,SAO CRISTOVAO
5531,1105,"2025-03-26","2025-06-26","2025-09-30",5755000.0,Sim,"2025-07-15","Fabricação de refrescos, xaropes e pós para refrescos, exceto refrescos de frutas",SP,Sudeste,GUARULHOS,Vila Nova Bonsucesso
5532,0,"2025-03-28","2025-03-28","2026-03-31",10000000,Não,,Instalações de sistema de prevenção contra incêndio,MG,Sudeste,MONTES CLAROS,Ibituruna
5533,0,"2024-11-11","2025-03-28","2025-08-31",9000000.0,Não,,Comércio atacadista de equipamentos de informática,SP,Sudeste,SÃO PAULO,Santa Efigênia
5534,1062,"2023-08-18","2025-06-02","2025-09-30",10000000,Não,,Aluguel de máquinas e equipamentos para escritório,SP,Sudeste,SAO PAULO,BARRA FUNDA
5535,1062,"2025-03-12","2025-06-02","2025-09-30",10000000,Não,,Locação de automóveis sem condutor,SP,Sudeste,SAO PAULO,BARRA FUNDA
5536,1062,"2025-03-12","2025-06-02","2025-09-30",10000000,Não,,Aluguel de máquinas e equipamentos para escritório,SP,Sudeste,SÃO PAULO,Barra Funda
5537,1062,"2025-03-12","2025-06-02","2025-09-30",10000000,Não,,Locação de aeronaves sem tripulação,SP,Sudeste,SAO PAULO,BARRA FUNDA
5538,1065,"2024-10-25","2025-03-28","2025-07-31",2000000.0,Não,,"Transporte rodoviário de carga, exceto produtos perigosos e mudanças, intermunicipal, interestadual e internacional",SP,Sudeste,BARUERI,TAMBORE
5539,0,"2025-04-01","2025-04-01","2026-01-31",15000000,Não,,Comércio atacadista de outras máquinas e equipamentos não especificados anteriormente; partes e peças,SP,Sudeste,SAO PAULO,CASA VERDE
5542,0,"2025-03-31","2025-04-02","2025-08-31",5000000.0,Não,,Atividades de administração de fundos por contrato ou comissão,SP,Sudeste,SÃO PAULO,Vila Nova Conceição
5543,0,"2025-02-14","2025-09-04","2025-11-30",100000.0,Não,,Fabricação de outros produtos têxteis não especificados anteriormente,MG,Sudeste,JUIZ DE FORA,RETIRO
5544,470,"2023-08-22","2025-10-31","2026-03-31",236000000,Não,,"Comércio atacadista de instrumentos e materiais para uso médico, cirúrgico, hospitalar e de laboratórios",SP,Sudeste,VALINHOS,CHACARAS SAO BENTO
5545,470,"2025-03-17","2025-10-31","2026-03-31",236000000,Não,,"Comércio atacadista de instrumentos e materiais para uso médico, cirúrgico, hospitalar e de laboratórios",PA,Norte,BELEM,MARCO
5546,470,"2025-03-17","2025-10-31","2026-03-31",236000000,Não,,"Comércio atacadista de instrumentos e materiais para uso médico, cirúrgico, hospitalar e de laboratórios",SP,Sudeste,ITAPEVI,ITAQUI
5547,470,"2025-03-17","2025-10-31","2026-03-31",236000000,Não,,"Comércio atacadista de instrumentos e materiais para uso médico, cirúrgico, hospitalar e de laboratórios",SP,Sudeste,SAO JOSE DOS CAMPOS,ELDORADO
5548,470,"2025-03-17","2025-10-31","2026-03-31",236000000,Não,,"Comércio atacadista de mercadorias em geral, sem predominância de alimentos ou de insumos agropecuários",SP,Sudeste,RIBEIRAO PRETO,PARQUE RESIDENCIAL CANDIDO PORTINARI
5549,470,"2025-03-17","2025-10-31","2026-03-31",236000000,Não,,"Comércio atacadista de instrumentos e materiais para uso médico, cirúrgico, hospitalar e de laboratórios",RS,Sul,PORTO ALEGRE,ANCHIETA
5550,470,"2025-02-21","2025-10-31","2026-03-31",236000000,Não,,Holdings de instituições não-financeiras,SP,Sudeste,SAO JOSE DOS CAMPOS,ELDORADO
5551,470,"2022-09-14","2025-10-31","2026-03-31",236000000,Não,,Fabricação de embalagens de material plástico,SC,Sul,AURORA,SANTA TEREZA
5552,470,"2025-03-17","2025-10-31","2026-03-31",236000000,Não,,Fabricação de laminados planos e tubulares de material plástico,SC,Sul,AURORA,SANTA TEREZA
5553,0,"2025-04-03","2025-04-03","2026-02-28",10000000,Não,,"Transporte rodoviário de carga, exceto produtos perigosos e mudanças, intermunicipal, interestadual e internacional",BA,Nordeste,SALVADOR,JARDIM NOVA ESPERANCA
5554,1076,"2025-04-03","2025-10-28","2026-02-28",10542000,Não,,Atividades de pós-colheita,GO,Centro Oeste,RIO VERDE,Setor Central
5555,1076,"2025-04-03","2025-05-28","2025-07-31",10542000,Não,,Atividades de pós-colheita,GO,Centro Oeste,RIO VERDE,Eldorado
5556,0,"2025-03-24","2025-07-18","2025-11-30",2400000.0,Não,,Comércio atacadista de medicamentos e drogas de uso humano,SP,Sudeste,SAO PAULO,CHACARA SANTO ANTONIO (ZONA SUL)
5557,0,"2023-08-10","2025-09-18","2026-01-31",766000.0,Não,,Comércio atacadista de mármores e granitos,ES,Sudeste,CACHOEIRO DE ITAPEMIRIM,Área Rural de Cachoeiro de Itapemirim
5558,0,"2025-04-04","2025-04-04","2026-02-28",10000000,Não,,"Transporte rodoviário de carga, exceto produtos perigosos e mudanças, intermunicipal, interestadual e internacional",SP,Sudeste,GUARULHOS,JARDIM FATIMA
5559,0,"2025-04-04","2025-04-04","2026-02-28",15000000,Não,,Comércio varejista de ferragens e ferramentas,SP,Sudeste,PIRACICABA,CENTRO
5560,0,"2025-04-07","2025-04-07","1900-01-01",0.0,Não,,Preparação de massa de concreto e argamassa para construção,SP,Sudeste,BORBOREMA,DISTRITO INDUSTRIAL
5561,0,"2025-03-10","2025-04-07","2025-08-31",2500000.0,Não,,"Comércio varejista de cosméticos, produtos de perfumaria e de higiene pessoal",SP,Sudeste,SAO PAULO,PINHEIROS
5562,0,"2022-10-05","2025-04-07","2025-07-31",2000000.0,Não,,Fabricação de alimentos para animais,GO,Centro Oeste,GOIANIA,CHACARA DE RECREIO SAO JOAQUIM
5563,489,"2024-09-20","2025-04-07","2025-06-30",2000000.0,Não,,Sem Segmento,SP,Sudeste,COTIA,Jardim Santa Izabel
5564,489,"2025-02-17","2025-04-07","2025-06-30",2000000.0,Não,,Fabricação de artefatos de material plástico para outros usos não especificados anteriormente,AM,Norte,MANAUS,MORRO DA LIBERDADE
5565,489,"2025-02-17","2025-04-07","2025-06-30",2000000.0,Não,,Fabricação de resinas termoplásticas,MG,Sudeste,CAMBUÍ,SAO MIGUEL
5566,489,"2025-02-17","2025-04-07","2025-06-30",2000000.0,Não,,Sem Segmento,PR,Sul,SÃO JOSÉ DOS PINHAIS,Área Rural de São José dos Pinhais
5567,489,"2025-02-17","2025-04-07","2025-06-30",2000000.0,Não,,Fabricação de artefatos de material plástico para outros usos não especificados anteriormente,CE,Nordeste,MARANGUAPE,NOVO PARQUE IRACEMA
5568,489,"2025-02-17","2025-04-07","2025-06-30",2000000.0,Não,,Sem Segmento,PE,Nordeste,CABO DE SANTO AGOSTINHO,Distrito Industrial Diper
5569,0,"2025-04-07","2025-04-07","2026-03-31",10000000,Não,,Atividades paisagísticas,SP,Sudeste,CAMPINAS,PARQUE RURAL FAZENDA SANTA CANDIDA
5570,0,"2025-04-07","2025-04-07","2026-03-31",10000000,Não,,Serviços de engenharia,SP,Sudeste,FRANCA,CENTRO
5571,0,"2025-04-07","2025-04-07","2026-03-31",10000000,Não,,Preparação de documentos e serviços especializados de apoio administrativo não especificados anteriormente,SP,Sudeste,CORDEIRÓPOLIS,Jardim Juventude
5572,0,"2025-04-07","2025-04-07","2026-03-31",10000000,Não,,Perfurações e sondagens,SP,Sudeste,AMERICANA,VILA JONES
5573,0,"2025-04-08","2025-04-08","2026-03-31",10000000,Não,,"Fabricação de outros artefatos e produtos de concreto, cimento, fibrocimento, gesso e materiais semelhantes",SP,Sudeste,LIMEIRA,BA LOPES
5574,0,"2025-04-08","2025-04-08","2025-09-30",10000000,Não,,Sem Segmento,MG,Sudeste,PARÁ DE MINAS,Distrito Industrial Fernando Antônio Almeida
5575,0,"2025-04-08","2025-04-08","2026-02-28",10000000,Não,,Fabricação de estruturas metálicas,SE,Nordeste,NOSSA SENHORA DO SOCORRO,DIS
5576,0,"2025-04-08","2025-04-08","2025-09-30",10000000,Não,,Sem Segmento,BA,"",CORRENTINA,""
5577,0,"2025-04-09","2025-04-09","1900-01-01",0.0,Não,,Serviços de engenharia,SP,Sudeste,SAO PAULO,PERDIZES
5578,0,"2025-04-09","2025-04-09","2025-09-30",10000000,Não,,"Transporte rodoviário de carga, exceto produtos perigosos e mudanças, intermunicipal, interestadual e internacional",SP,Sudeste,MAIRIPORÃ,Capoavinha
5579,0,"2025-04-10","2025-04-10","1900-01-01",0.0,Não,,Construção de edifícios,MG,Sudeste,CAMPO FLORIDO,SAO BENEDITO
5580,0,"2025-04-11","2025-04-11","2026-02-28",10000000,Não,,Serviço de poda de árvores para lavouras,MG,Sudeste,UBERABA,VILA OLIMPICA
5581,0,"2025-04-14","2025-04-14","2025-09-30",30000000,Não,,Comércio atacadista de soja,MA,Nordeste,PEDREIRAS,CENTRO
5582,0,"2025-02-21","2025-09-18","2026-01-31",2500000.0,Não,,"Confecção de peças do vestuário, exceto roupas íntimas e as confeccionadas sob medida",SP,Sudeste,SÃO PAULO,Pari
5583,0,"2023-06-09","2025-04-15","2025-07-31",2000000.0,Não,,Sem Segmento,RS,Sul,PAROBÉ,CAMPO VICENTE
5584,0,"2025-04-15","2025-04-15","2026-02-28",10000000,Não,,Instalação e manutenção elétrica,MG,Sudeste,UBERABA,PRQ BOM RETIRO
5585,0,"2025-04-15","2025-04-15","1900-01-01",0.0,Não,,Comércio varejista de vidros,SP,Sudeste,CAMPINAS,BARAO GERALDO
5586,0,"2025-02-14","2025-10-23","2026-01-31",3000000.0,Não,,Sem Segmento,SP,Sudeste,SÃO PAULO,Chácara Santo Antônio (Zona Sul)
5587,0,"2025-04-15","2025-04-15","2026-02-28",10000000,Não,,Comércio varejista de materiais de construção em geral,MG,Sudeste,UBERLANDIA,SANTA MONICA
5588,0,"2025-03-12","2025-04-15","2025-06-30",100000.0,Não,,Moagem e fabricação de produtos de origem vegetal não especificados anteriormente,MT,Centro Oeste,PRIMAVERA DO LESTE,PARQUE INDUSTRIAL
5589,1071,"2022-10-19","2025-04-15","2025-06-30",6000000.0,Não,,Construção de edifícios,SP,Sudeste,BARUERI,DEZOITO DO FORTE EMPRESARIAL/ALPHAVILLE.
5590,1072,"2025-03-26","2025-08-22","2026-01-31",6000000.0,Não,,"Comércio atacadista de produtos siderúrgicos e metalúrgicos, exceto para construção",RS,Sul,CAXIAS DO SUL,São Cristóvão
5591,1072,"2025-03-26","2025-08-22","2026-01-31",6000000.0,Não,,Fabricação de outros produtos de metal não especificados anteriormente,RS,Sul,CAXIAS DO SUL,DISTRITO INDUSTRIAL
5592,0,"2025-04-15","2025-04-15","1900-01-01",0.0,Não,,Administração de cartões de crédito,SP,Sudeste,JABOATÃO DOS GUARARAPES,PINHEIROS
5593,0,"2025-04-15","2025-04-15","2026-03-31",10000000,Não,,Preparação de documentos e serviços especializados de apoio administrativo não especificados anteriormente,SP,Sudeste,RIO CLARO,CIDADE NOVA
5594,0,"2025-04-15","2025-04-15","2026-03-31",10000000,Não,,Serviços de desenho técnico relacionados à arquitetura e engenharia,SP,Sudeste,OSASCO,ROCHDALE
5595,0,"2025-04-15","2025-04-15","2026-03-31",10000000,Não,,Construção de edifícios,BA,Nordeste,IPIRA,CENTRO
5596,0,"2025-04-15","2025-04-15","2026-03-31",10000000,Não,,Serviços de engenharia,SP,Sudeste,LIMEIRA,CHACARAS DE RECREIO SANTA HELENA
5597,0,"2025-04-16","2025-04-16","2026-03-31",10000000,Não,,Fabricação de esquadrias de metal,MG,Sudeste,MONSENHOR PAULO,SANTA CRUZ
5598,0,"2025-04-16","2025-04-16","2026-02-28",10000000,Não,,Fabricação de sabões e detergentes sintéticos,SE,Nordeste,ARACAJU,SANTA MARIA
5599,0,"2025-04-16","2025-04-16","2026-02-28",10000000,Não,,Serviços de desenho técnico relacionados à arquitetura e engenharia,SP,Sudeste,SAO PAULO,BELENZINHO
5600,1083,"2025-04-22","2025-05-23","2025-10-31",10000000,Não,,Fabricação de embalagens de material plástico,RJ,Sudeste,TRES RIOS,CANTAGALO
5601,1042,"2025-02-07","2025-10-15","2025-11-30",10000000,Não,,Indústria,SE,Norte,LARANJEIRAS,PEDRA BRANCA
5602,1064,"2025-02-21","2025-04-23","2025-08-31",7000000.0,Não,,Fabricação de cronômetros e relógios,SP,Sudeste,SÃO PAULO,Cerqueira César
5603,0,"2025-04-23","2025-05-23","2025-10-31",10000000,Não,,Fabricação de embalagens de material plástico,BA,Nordeste,CAMAÇARI,Pólo de Apoio
5604,0,"2025-04-23","2025-05-23","2025-10-31",10000000,Não,,Fabricação de embalagens de material plástico,BA,Nordeste,CAMACARI,POLO DE APOIO
5605,0,"2025-04-24","2025-04-24","2026-02-28",10000000,Não,,Refino e outros tratamentos do sal,RN,Nordeste,PORTO DO MANGUE,ZONA RURAL
5606,0,"2025-04-24","2025-04-24","2026-03-31",15000000,Não,,"Produção de relaminados, trefilados e perfilados de aço, exceto arames",RJ,Sudeste,PINHEIRAL,PARQUE MAIRA
5607,0,"2025-04-24","2025-04-24","2026-03-31",10000000,Não,,"Instalações hidráulicas, sanitárias e de gás",SP,Sudeste,SAO PAULO,JARDIM CIDALIA
5608,0,"2025-04-25","2025-04-25","2026-02-28",10000000,Não,,Fabricação de outros produtos de metal não especificados anteriormente,ES,Sudeste,SERRA,CIVIT II
5609,0,"2025-04-25","2025-04-25","2026-02-28",10000000,Não,,Comércio varejista de móveis,GO,Centro Oeste,ANAPOLIS,JARDIM EUROPA
5610,0,"2025-04-25","2025-04-25","2025-07-31",5104977.0,Não,,Correspondentes de instituições financeiras,SP,Sudeste,SAO PAULO,BELA VISTA
5611,0,"2025-02-21","2025-04-28","2025-05-05",0.0,Não,,"Obras portuárias, marítimas e fluviais",SP,Sudeste,SAO PAULO,CAXINGUI
5612,0,"2025-03-19","2025-10-28","2026-03-31",4000000.0,Não,,"Transporte rodoviário de carga, exceto produtos perigosos e mudanças, intermunicipal, interestadual e internacional",RS,Sul,PORTO ALEGRE,Rubem Berta
5613,0,"2025-01-15","2025-04-28","2025-07-31",100000.0,Não,,Fabricação de colchões,SP,Sudeste,SAO JOSE DO RIO PRETO,DIST INDUSTRIAL
5614,0,"2022-09-30","2025-07-21","2025-11-30",2500000.0,Sim,"2025-03-14",Fundição de ferro e aço,RS,Sul,BENTO GONCALVES,SAO FRANCISCO
5615,810,"2022-12-22","2025-11-06","2026-01-31",56000000,Não,,"Transporte rodoviário de carga, exceto produtos perigosos e mudanças, intermunicipal, interestadual e internacional",GO,Centro Oeste,ANÁPOLIS,Parque São João
5616,0,"2025-03-25","2025-04-28","2025-07-31",42500000,Não,,Cultivo de arroz,RS,Sul,SANTA VITORIA DO PALMAR,ARVORE SO
5617,0,"2025-03-31","2025-04-28","2025-08-31",1500000.0,Não,,Locação de automóveis sem condutor,SP,Sudeste,SÃO PAULO,Vila Nova Conceição
5618,0,"2022-10-06","2025-10-06","2026-01-31",4500000.0,Não,,Comércio varejista de medicamentos veterinários,GO,Centro Oeste,MINEIROS,CENTRO
5619,0,"2025-04-28","2025-04-28","2026-03-31",10000000,Não,,Incorporação de empreendimentos imobiliários,MG,Sudeste,UBERLANDIA,PLANALTO
5620,0,"2025-04-28","2025-04-28","2026-03-31",10000000,Não,,Outras obras de acabamento da construção,SP,Sudeste,RIO CLARO,JARDIM AMERICA
5621,1083,"2025-04-22","2025-04-28","2025-09-30",10000000,Não,,Sem Segmento,RJ,Sudeste,TRÊS RIOS,Cantagalo
5622,0,"2025-04-28","2025-04-28","2026-03-31",10000000,Não,,Construção de edifícios,SP,Sudeste,SAO PAULO,ITAIM PAULISTA
5623,0,"2025-04-28","2025-04-28","2026-02-28",10000000,Não,,"Transporte rodoviário de carga, exceto produtos perigosos e mudanças, intermunicipal, interestadual e internacional",MG,Sudeste,POCOS DE CALDAS,BORTOLAN
5624,0,"2025-04-16","2025-09-23","2026-01-31",1000000.0,Não,,Comércio atacadista de soja,SP,Sudeste,ASSIS,Vila Clementina
5625,0,"2025-04-28","2025-04-28","2026-02-28",10000000,Não,,Sem Segmento,RS,Sul,SANTA CRUZ DO SUL,Ana Nery
5626,0,"2025-04-29","2025-04-29","2026-03-31",5000000.0,Sim,"2025-05-08","Comércio atacadista de máquinas, aparelhos e equipamentos para uso agropecuário; partes e peças",SP,Sudeste,MATAO,JARDIM PARAISO
5627,0,"2025-04-29","2025-04-29","2026-02-28",10000000,Não,,Instalação e manutenção elétrica,SP,Sudeste,SAO PAULO,VILA GENIOLI
5628,356,"2025-04-29","2025-04-29","2025-11-30",6500000.0,Não,,Atividades de apoio à agricultura não especificadas anteriormente,TO,Norte,PALMAS,PLANO DIRETOR SUL
5629,509,"2025-03-07","2025-10-03","2026-01-31",1908000.0,Não,,Comércio varejista de combustíveis para veículos automotores,SP,Sudeste,SANTA FE DO SUL,DISTRITO INDUSTRIAL III
5630,509,"2025-03-07","2025-10-03","2026-01-31",1908000.0,Não,,Comércio varejista de combustíveis para veículos automotores,SP,Sudeste,URANIA,DISTRITO INDUSTRIAL
5631,509,"2025-03-07","2025-10-03","2026-01-31",1908000.0,Não,,Comércio varejista de combustíveis para veículos automotores,SP,Sudeste,CÂNDIDO MOTA,Área Rural de Nova Alexandria
5632,0,"2025-04-29","2025-04-29","2025-09-30",10000000,Não,,"Aluguel de máquinas e equipamentos para construção sem operador, exceto andaimes",MG,Sudeste,BELO HORIZONTE,CENTRO
5633,0,"2025-04-30","2025-04-30","1900-01-01",0.0,Não,,Instalação e manutenção elétrica,SP,Sudeste,RIO CLARO,CHACARA LUZA
5634,0,"2025-04-30","2025-04-30","2026-03-31",10000000,Não,,"Aluguel de máquinas e equipamentos para construção sem operador, exceto andaimes",SP,Sudeste,RIBEIRAO PRETO,JARDIM HELENA
5635,1067,"2022-03-23","2025-09-23","2026-01-31",3500000.0,Não,,"SERVICOS DE USINAGENS, TORNEARIA E SOLDA",SP,Sudeste,SÃO PAULO,Vila Vermelha
5636,0,"2025-04-02","2025-09-22","2026-02-28",2500000.0,Não,,Sem Segmento,RS,Sul,VERANÓPOLIS,Sao Peregrino
5637,1069,"2025-03-25","2025-11-10","2026-02-28",15000000,Não,,Holdings de instituições não-financeiras,DF,Centro Oeste,BRASILIA,ZONA INDUSTRIAL (GUARA)
5638,1069,"2025-03-25","2025-11-10","2026-02-28",15000000,Não,,Cultivo de arroz,GO,Centro Oeste,SAO DOMINGOS,ZONA RURAL
5639,1055,"2024-12-11","2025-05-02","2025-09-30",10000000,Não,,"Comércio atacadista de álcool carburante, biodiesel, gasolina e demais derivados de petróleo, exceto lubrificantes, não realizado por transportador retalhista (TRR)",MG,Sudeste,UBERABA,D.INDUSTRIAL 3
5640,0,"2023-03-02","2025-09-19","2026-02-28",1400000.0,Não,,Fabricação de artefatos de borracha não especificados anteriormente,PR,Sul,MARINGA,GLEBA PATRIMONIO
5641,0,"2025-05-06","2025-05-06","1900-01-01",0.0,Não,,"Serviços de cartografia, topografia e geodésia",GO,Centro Oeste,CATALAO,LOTEAMENTO SANTA HELENA II
5642,0,"2025-05-06","2025-05-06","1900-01-01",0.0,Não,,Comércio varejista de ferragens e ferramentas,RJ,Sudeste,DUQUE DE CAXIAS,PILAR
5644,0,"2025-05-07","2025-05-07","2026-03-31",10000000,Não,,Comércio atacadista de roupas e acessórios para uso profissional e de segurança do trabalho,SP,Sudeste,SAO BERNARDO DO CAMPO,CENTRO
5645,0,"2025-05-07","2025-05-07","1900-01-01",0.0,Não,,Comércio atacadista de madeira e produtos derivados,PE,Nordeste,RECIFE,CAMPO GRANDE
5646,0,"2025-05-08","2025-05-08","2026-03-31",15000000,Não,,Fabricação de outros produtos de metal não especificados anteriormente,SP,Sudeste,SAO PAULO,PARQUE DA MOOCA
5647,0,"2025-05-08","2025-05-08","2025-12-31",5000000.0,Não,,Comércio atacadista de máquinas e equipamentos para uso industrial; partes e peças,RJ,Sudeste,RIO DE JANEIRO,PENHA CIRCULAR
5648,0,"2025-03-20","2025-05-09","2025-07-31",1000000.0,Não,,Construção de edifícios,SP,Sudeste,ARUJA,CENTRO
5649,0,"2025-03-25","2025-05-09","2025-07-31",1000000.0,Não,,Agências de publicidade,SP,Sudeste,SAO PAULO,CERQUEIRA CESAR
5650,0,"2023-08-21","2025-09-18","2025-12-31",1000000.0,Não,,Comércio atacadista de equipamentos de informática,SP,Sudeste,SAO JOSE DO RIO,Distrito Industrial
5651,0,"2025-04-16","2025-05-09","2025-07-31",1000000.0,Não,,Beneficiamento de arroz,SC,Sul,JACINTO MACHADO,ARACA
5652,0,"2025-01-21","2025-06-10","2025-08-31",10000000,Não,,Compra e venda de imóveis próprios,BA,Nordeste,PORTO SEGURO,TRANCOSO
5653,0,"2024-11-05","2025-05-12","2025-08-31",3000000.0,Não,,Comércio atacadista de máquinas e equipamentos para uso comercial; partes e peças,ES,Sudeste,SERRA,Civit II
5654,0,"2024-12-13","2025-05-28","2025-08-31",4000000.0,Não,,"Transporte rodoviário de carga, exceto produtos perigosos e mudanças, intermunicipal, interestadual e internacional",MG,Sudeste,UBERABA,RECREIO DOS BANDEIRANTES
5655,0,"2025-03-31","2025-05-12","2025-09-30",1700000.0,Não,,Fabricação de painéis e letreiros luminosos,SP,Sudeste,SAO JOSE DO RIO PRETO,DISTRITO INDUSTRIAL WALDEMAR DE OLIVEIRA VERDI
5656,0,"2025-05-13","2025-05-13","2026-04-30",30000000,Não,,Comércio atacadista de soja,BA,Nordeste,LUIS EDUARDO MAGALHAES,SANTA CRUZ
5657,0,"2025-05-13","2025-05-13","2026-03-31",10000000,Não,,"Fabricação de estruturas pré-moldadas de concreto armado, em série e sob encomenda",SP,Sudeste,LIMEIRA,DISTRITO INDUSTRIAL AEROPORTO II
5658,0,"2025-05-14","2025-05-14","2026-03-31",10000000,Não,,Instalação e manutenção elétrica,MG,Sudeste,PATOS DE MINAS,ZONA RURAL
5659,0,"2025-05-14","2025-05-14","2026-03-31",10000000,Não,,Fabricação de estruturas metálicas,SP,Sudeste,NOVA ODESSA,JARDIM FLORIDA
5660,240,"2024-06-17","2025-10-21","2026-02-28",43000000,Não,,Preparação de documentos e serviços especializados de apoio administrativo não especificados anteriormente,SP,Sudeste,CUBATÃO,Jardim das Indústrias
5661,0,"2025-05-14","2025-05-14","2026-03-31",10000000,Não,,Construção de edifícios,RJ,Sudeste,RIO DE JANEIRO,Campo Grande
5663,0,"2025-02-21","2025-09-12","2026-01-31",2500000.0,Não,,"Confecção de peças do vestuário, exceto roupas íntimas e as confeccionadas sob medida",SP,Sudeste,SÃO PAULO,Pari
5668,0,"2025-05-15","2025-05-15","2026-03-31",5000000.0,Não,,Sem Segmento,SP,Sudeste,SÃO PAULO,Jardim Sapopemba
5673,0,"2025-05-05","2025-05-27","2025-08-31",31000000,Não,,Incorporação de empreendimentos imobiliários,SP,Sudeste,SÃO PAULO,Cidade Monções
5674,0,"2025-05-16","2025-05-16","1900-01-01",0.0,Não,,Serviços de pintura de edifícios em geral,SP,Sudeste,RIO CLARO,JARDIM PANORAMA
5675,0,"2025-05-08","2025-05-16","2025-05-31",0.0,Não,,"Representantes comerciais e agentes do comércio de produtos alimentícios, bebidas e fumo",SP,Sudeste,LENÇÓIS PAULISTA,Jardim Itamaraty
5676,0,"2025-05-16","2025-05-16","1900-01-01",0.0,Não,,Serviços combinados de escritório e apoio administrativo,SP,Sudeste,SAO PAULO,JARDIM DANFER
5677,0,"2025-05-19","2025-05-19","2026-04-30",10000000,Não,,"Transporte rodoviário de carga, exceto produtos perigosos e mudanças, intermunicipal, interestadual e internacional",RJ,Sudeste,BARRA DO PIRAI,SANTO ANTONIO
5678,0,"2025-05-19","2025-05-19","2026-04-30",10000000,Não,,Fabricação de artefatos de cimento para uso na construção,SP,Sudeste,RIO CLARO,JARDIM SAO CAETANO
5679,1069,"2025-05-13","2025-11-10","2026-02-28",15000000,Não,,Sem Segmento,DF,Centro Oeste,BRASÍLIA,Zona Industrial (Guará)
5680,1069,"2025-05-13","2025-11-10","2026-02-28",15000000,Não,,Sem Segmento,GO,Centro Oeste,LUZIÂNIA,Residencial Alto das Caraíbas
5681,1069,"2025-05-13","2025-11-10","2026-02-28",15000000,Não,,Sem Segmento,DF,Centro Oeste,BRASÍLIA,Setor de Habitações Individuais Sul
5682,0,"2023-12-07","2025-08-13","2025-10-31",5000000.0,Não,,"Fabricação de produtos de papel, cartolina, papel-cartão e papelão ondulado para uso comercial e de escritório",SP,Sudeste,GUARULHOS,AGUA CHATA
5683,0,"2025-05-20","2025-05-20","2025-11-30",10000000,Não,,"Instalação de portas, janelas, tetos, divisórias e armários embutidos de qualquer material",SP,Sudeste,PIRACICABA,CIDADE ALTA
5684,0,"2025-04-14","2025-05-20","2025-08-31",4000000.0,Não,,Sem Segmento,SP,Sudeste,PORTO FELIZ,Porto Feliz
5685,0,"2025-05-20","2025-05-20","1900-01-01",0.0,Não,,Sem Segmento,SP,Sudeste,PIRACICABA,Jardim dos Manacás
5686,0,"2025-05-23","2025-05-23","2026-04-30",10000000,Não,,Construção de edifícios,SP,Sudeste,SANTA GERTRUDES,JARDIM PAULISTA
5687,0,"2025-05-23","2025-05-23","2026-03-31",10000000,Não,,"Aluguel de outras máquinas e equipamentos comerciais e industriais não especificados anteriormente, sem operador",SP,Sudeste,PIRACICABA,JARDIM ORIENTE
5688,0,"2025-04-29","2025-05-26","2025-08-31",800000.0,Não,,Sem Segmento,SP,Sudeste,ITAQUAQUECETUBA,Parque São Pedro
5689,0,"2025-03-14","2025-05-26","2025-09-30",1000000.0,Não,,Sem Segmento,SP,Sudeste,FERRAZ DE VASCONCELOS,Jardim Barão
5691,0,"2025-04-28","2025-05-26","2025-09-30",1000000.0,Sim,"2025-06-23",Comércio atacadista especializado em outros produtos intermediários não especificados anteriormente,SP,Sudeste,BARUERI,Alphaville Industrial
5692,0,"2022-03-07","2025-07-07","2025-12-31",30600000,Não,,Abate de aves,PR,Sul,MARINGA,"LOTE 152, GLEBA PATRIMONIO MARINGA"
5693,1091,"2025-04-30","2025-10-07","2026-01-31",4200000.0,Não,,Serviços combinados de escritório e apoio administrativo,SP,Sudeste,GUARULHOS,Vila Nova Bonsucesso
5694,1137,"2025-03-19","2025-11-04","2026-01-31",190000000,Não,,Fabricação de laticínios,MG,Sudeste,SÃO VICENTE DE MINAS,ROSARIO
5700,0,"2025-05-27","2025-05-27","2026-03-31",10000000,Não,,Preparação de documentos e serviços especializados de apoio administrativo não especificados anteriormente,SP,Sudeste,BARRETOS,CLEMENTINA
5701,0,"2025-05-27","2025-05-27","2026-03-31",10000000,Não,,"Manutenção e reparação de máquinas, aparelhos e materiais elétricos não especificados anteriormente",GO,Centro Oeste,FORMOSA,PARQUE LAGUNA II
5702,0,"2025-05-27","2025-05-27","2025-11-30",5000000.0,Não,,Comércio a varejo de peças e acessórios novos para veículos automotores,PB,Nordeste,SANTA RITA,LOTEAMENTO BEIRA RIO II
5703,327,"2025-05-22","2025-05-28","2025-09-30",20000000,Não,,"Atividades de intermediação e agenciamento de serviços e negócios em geral, exceto imobiliários",SP,Sudeste,SANTANA DE PARNAIBA,ALPHAVILLE
5704,0,"2025-04-28","2025-05-28","2025-09-30",2200000.0,Sim,"2025-06-20","Fabricação de sucos concentrados de frutas, hortaliças e legumes",RS,Sul,FARROUPILHA,Vicentina
5705,0,"2025-05-29","2025-05-29","2026-04-30",10000000,Não,,Fabricação de embalagens de material plástico,RJ,Sudeste,DUQUE DE CAXIAS,MANTIQUIRA
5706,0,"2025-05-29","2025-05-29","2026-04-30",10000000,Não,,Recuperação de materiais plásticos,RJ,Sudeste,DUQUE DE CAXIAS,MANTIQUIRA
5707,0,"2025-05-02","2025-05-29","2025-10-31",2400000.0,Não,,Comércio atacadista especializado em outros produtos alimentícios não especificados anteriormente,SP,Sudeste,VINHEDO,SANTA ROSA
5708,0,"2025-05-30","2025-05-30","2026-03-31",10000000,Não,,"Transporte rodoviário coletivo de passageiros, com itinerário fixo, municipal",SP,Sudeste,RIBEIRAO PRETO,VILA VIRGINIA
5709,1080,"2022-05-03","2025-06-13","2025-09-30",1500000.0,Não,,Serviços de engenharia,SP,Sudeste,JARDINÓPOLIS,DISTRITO DE JURUCE
5710,1080,"2025-03-25","2025-06-13","2025-09-30",1500000.0,Não,,"Extração de areia, cascalho ou pedregulho e beneficiamento associado",SP,Sudeste,JARDINOPOLIS,DISTRITO DE JURUCE
5711,0,"2025-04-16","2025-06-02","2025-09-30",2500000.0,Não,,Sem Segmento,SP,Sudeste,GUARULHOS,Cidade Industrial Satélite de São Paulo
5712,0,"2025-03-21","2025-11-06","2026-02-28",2000000.0,Não,,"Fabricação de fios, cabos e condutores elétricos isolados",SP,Sudeste,SÃO PAULO,indaiatuba
5713,0,"2025-06-02","2025-06-02","2026-04-30",10000000,Não,,Comércio atacadista de materiais de construção em geral,SP,Sudeste,SANTA BARBARA D'OESTE,JARDIM BRASILIA
5714,0,"2025-06-02","2025-06-02","2025-11-30",10000000,Não,,Serviços de engenharia,SP,Sudeste,LIMEIRA,VALE DAS OLIVEIRAS
5715,0,"2025-06-03","2025-06-03","2025-11-30",5000000.0,Não,,Comércio varejista de material elétrico,MG,Sudeste,UBERLANDIA,SANTA MONICA
5716,0,"2025-06-03","2025-06-03","2025-11-30",5000000.0,Não,,Pesquisa e desenvolvimento experimental em ciências físicas e naturais,SP,Sudeste,SAO PAULO,VILA OLÍMPIA
5717,0,"2025-06-03","2025-06-03","2025-11-30",5000000.0,Não,,Agências de publicidade,SP,Sudeste,SAO PAULO,JARDIM CABORE
5718,0,"2025-06-03","2025-06-03","2025-11-30",5000000.0,Não,,Construção de edifícios,TO,Norte,PALMAS,PLANO DIRETOR SUL
5719,0,"2025-06-03","2025-06-03","2025-11-30",10000000,Não,,Impermeabilização em obras de engenharia civil,SP,Sudeste,SAO PAULO,VILA DOS PALMARES
5720,0,"2025-06-04","2025-06-04","2025-11-30",5000000.0,Não,,Comércio varejista de materiais de construção em geral,PE,Nordeste,RECIFE,BOA VIAGEM
5721,0,"2025-06-04","2025-06-04","2025-11-30",5000000.0,Não,,Serviços combinados de escritório e apoio administrativo,SP,Sudeste,SOROCABA,VILA ASSIS
5722,0,"2025-06-04","2025-06-04","1900-01-01",8753000.0,Não,,"Fundos de investimento, exceto previdenciários e imobiliários",SP,Sudeste,SAO PAULO,JARDIM PAULISTANO
5723,0,"2025-05-15","2025-09-19","2026-01-31",10000000,Não,,Indústria,PA,Norte,TERRA SANTA,ZONA RURAL
5724,810,"2024-07-04","2025-11-06","2026-01-31",56000000,Não,,Fabricação de açúcar de cana refinado,GO,Centro Oeste,ANÁPOLIS,Polocentro I
5725,1098,"2022-08-26","2025-10-10","2026-01-31",1500000.0,Não,,"Comércio varejista de cosméticos, produtos de perfumaria e de higiene pessoal",SP,Sudeste,SÃO PAULO,Vila Olímpia
5726,1098,"2025-03-24","2025-10-10","2026-01-31",1500000.0,Não,,"Comércio varejista de cosméticos, produtos de perfumaria e de higiene pessoal",SP,Sudeste,VOTORANTIM,PARQUE BELA VISTA
5727,1098,"2025-05-07","2025-10-10","2026-01-31",1500000.0,Não,,Sem Segmento,SP,Sudeste,CAJAMAR,EMPRESARIAL ANHANGUERA
5728,1098,"2025-04-17","2025-10-10","2026-01-31",1500000.0,Não,,"Comércio varejista de cosméticos, produtos de perfumaria e de higiene pessoal",SP,Sudeste,SANTANA DE PARNAIBA,SITIO OUTRA BANDA
5729,1098,"2025-05-07","2025-10-10","2026-01-31",1500000.0,Não,,Comércio atacadista de cosméticos e produtos de perfumaria,SP,Sudeste,ITU,City Castello
5730,1098,"2025-04-17","2025-10-10","2026-01-31",1500000.0,Não,,Comércio atacadista de cosméticos e produtos de perfumaria,SP,Sudeste,SÃO PAULO,Jardim Jaraguá
5731,1098,"2025-04-17","2025-10-10","2026-01-31",1500000.0,Não,,Comércio atacadista de cosméticos e produtos de perfumaria,ES,Sudeste,SERRA,TIMS
5732,1098,"2025-05-07","2025-10-10","2026-01-31",1500000.0,Não,,Sem Segmento,RJ,Sudeste,RIO DE JANEIRO,Barra da Tijuca
5733,1098,"2025-04-17","2025-10-10","2026-01-31",1500000.0,Não,,Comércio atacadista de cosméticos e produtos de perfumaria,RJ,Sudeste,QUEIMADOS,CAMPO ALEGRE
5734,0,"2025-06-05","2025-06-05","2025-11-30",5000000.0,Não,,Gestão de ativos intangíveis não-financeiros,PR,Sul,SARANDI,PARQUE INDUSTRIAL
5735,0,"2025-06-05","2025-06-05","2025-12-31",10000000,Não,,Construção de edifícios,SP,Sudeste,SAO PAULO,JARDIM IRIS
5736,0,"2025-06-05","2025-06-05","2025-11-30",10000000,Não,,Atividades técnicas relacionadas à engenharia e arquitetura não especificadas anteriormente,SP,Sudeste,JUNDIAI,CENTRO
5737,1120,"2025-06-05","2025-06-05","2025-11-30",10000000,Não,,"Fabricação de válvulas, registros e dispositivos semelhantes, peças e acessórios",SP,Sudeste,VARZEA PAULISTA,LOTEAMENTO OLARIA PARQUE EMPRESARIAL
5738,0,"2025-06-05","2025-06-05","2026-01-31",10000000,Não,,Recuperação de materiais não especificados anteriormente,SP,Sudeste,PEDREIRA,CASCALHO
5739,0,"2025-06-06","2025-06-06","2025-11-30",5000000.0,Não,,Tratamento e disposição de resíduos perigosos,TO,Norte,PARAISO DO TOCANTINS,PARQUE AGROINDUSTRIAL JOSE ANTONIO DE DEUS
5740,0,"2025-04-28","2025-10-30","2026-03-31",2500000.0,Não,,Comércio atacadista de outros produtos químicos e petroquímicos não especificados anteriormente,SP,Sudeste,SÃO PAULO,Cidade Monções
5741,1096,"2024-11-11","2025-06-06","2025-09-30",3000000.0,Não,,"Comércio atacadista de produtos siderúrgicos e metalúrgicos, exceto para construção",SP,Sudeste,SAO CAETANO DO SUL,CERAMICA
5742,1074,"2025-03-31","2025-07-29","2025-11-30",100000.0,Não,,Serviços combinados de escritório e apoio administrativo,SP,Sudeste,SAO PAULO,VILA ALMEIDA
5743,0,"2025-06-09","2025-06-09","2025-11-30",10000000,Não,,Sem Segmento,GO,Centro Oeste,GAMELEIRA DE GOIAS,ZONA RURAL
5744,0,"2025-06-09","2025-06-09","1900-01-01",0.0,Não,,Sem Segmento,GO,Centro Oeste,CRISTALINA,ZONA RURAL
5745,0,"2025-06-09","2025-06-09","2025-11-30",10000000,Não,,Sem Segmento,GO,Centro Oeste,GOIANIA,ST OESTE
5746,0,"2025-06-09","2025-06-09","2025-11-30",10000000,Não,,Sem Segmento,MG,Sudeste,BURITIS,CENTRO
5747,0,"2025-06-09","2025-06-09","2025-11-30",10000000,Não,,Sem Segmento,GO,Centro Oeste,CRISTALINA,ZONA RURAL
5748,0,"2025-06-09","2025-06-09","2025-11-30",10000000,Não,,Sem Segmento,RS,Sul,CAMPINAS DO SUL,CENTRO
5749,0,"2025-06-09","2025-06-09","2025-11-30",10000000,Não,,Sem Segmento,GO,Centro Oeste,CRISTALINA,ZONA RURAL
5750,0,"2025-06-09","2025-06-09","2025-12-31",5000000.0,Não,,Obras de terraplenagem,RJ,Sudeste,SAO JOAO DE MERITI,CENTRO
5751,0,"2025-06-10","2025-06-10","2025-12-31",10000000,Não,,Construção de rodovias e ferrovias,DF,Centro Oeste,BRASILIA,ZONA INDUSTRIAL (GUARA)
5752,0,"2025-06-10","2025-06-10","2025-11-30",5000000.0,Não,,Manutenção de redes de distribuição de energia elétrica,MG,Sudeste,ARAXA,GUILHERMINA VIEIRA CHAER
5753,0,"2025-06-10","2025-06-10","2025-11-30",5000000.0,Não,,Comércio varejista especializado de equipamentos e suprimentos de informática,SP,Sudeste,SAO PAULO,JARDIM MIRANTE
5754,470,"2025-06-02","2025-10-31","2026-03-31",236000000,Não,,Transporte rodoviário de produtos perigosos,SP,Sudeste,SAO JOSE DOS CAMPOS,ELDORADO
5755,470,"2025-06-02","2025-10-31","2026-03-31",236000000,Não,,Armazéns gerais - emissão de warrant,RS,Sul,PORTO ALEGRE,ANCHIETA
5756,470,"2025-06-02","2025-10-31","2026-03-31",236000000,Não,,Armazéns gerais - emissão de warrant,SP,Sudeste,SAO JOSE DOS CAMPOS,ELDORADO
5757,470,"2025-06-02","2025-10-31","2026-03-31",236000000,Não,,Armazéns gerais - emissão de warrant,RJ,Sudeste,RIO DE JANEIRO,CORDOVIL
5758,0,"2025-06-11","2025-06-11","2025-11-30",5000000.0,Não,,Comércio varejista de tintas e materiais para pintura,GO,Centro Oeste,FORMOSA,FORMOSINHA
5759,0,"2025-06-11","2025-06-11","2025-11-30",5000000.0,Não,,"Comércio varejista especializado de peças e acessórios para aparelhos eletroeletrônicos para uso doméstico, exceto informática e comunicação",RS,Sul,SANTA ROSA,GLORIA
5760,0,"2025-06-11","2025-06-11","2025-11-30",5000000.0,Não,,Impressão de material para uso publicitário,SP,Sudeste,CAJATI,BICO DO PATO
5761,0,"2025-04-16","2025-06-12","2025-09-30",1000000.0,Não,,Comércio atacadista de produtos alimentícios em geral,SP,Sudeste,SÃO PAULO,Vila Leopoldina
5762,0,"2025-05-05","2025-06-12","2025-09-30",1500000.0,Não,,"Transporte rodoviário de carga, exceto produtos perigosos e mudanças, intermunicipal, interestadual e internacional",RS,Sul,CARLOS BARBOSA,TRIANGULO
5763,0,"2025-06-12","2025-06-12","2025-11-30",5000000.0,Não,,"Manutenção e reparação de tanques, reservatórios metálicos e caldeiras, exceto para veículos",SP,Sudeste,SANTA BARBARA D'OESTE,JARDIM ESMERALDA
5764,0,"2025-06-12","2025-06-12","2025-11-30",5000000.0,Não,,Instalação e manutenção elétrica,MG,Sudeste,MONTES CLAROS,CONJUNTO JOAQUIM COSTA
5765,0,"2025-06-13","2025-06-13","2025-11-30",5000000.0,Não,,"Fabricação de aparelhos e equipamentos de medida, teste e controle",RS,Sul,PASSO FUNDO,LOTEAMENTO VIA SUL I
5766,0,"2025-04-08","2025-06-13","2025-09-30",2000000.0,Não,,"Comércio atacadista de mercadorias em geral, sem predominância de alimentos ou de insumos agropecuários",SC,Sul,ITAJAI,CENTRO
5767,0,"2024-12-19","2025-06-13","2025-08-31",2000000.0,Sim,"2025-08-08","Fabricação de sucos concentrados de frutas, hortaliças e legumes",SP,Sudeste,RIO CLARO,DISTRITO INDUSTRIAL
5768,1088,"2025-04-16","2025-06-13","2025-09-30",2000000.0,Não,,"Transporte rodoviário de carga, exceto produtos perigosos e mudanças, intermunicipal, interestadual e internacional",GO,Centro Oeste,ITUMBIARA,NOSSA SENHORA DA SAUDE
5769,1088,"2025-04-16","2025-06-13","2025-09-30",2000000.0,Não,,"Transporte rodoviário de carga, exceto produtos perigosos e mudanças, intermunicipal, interestadual e internacional",GO,Centro Oeste,ITUMBIARA,Setor Nossa Senhora da Saúde
5770,0,"2025-05-08","2025-06-13","2025-09-30",1500000.0,Não,,Fabricação de produtos de padaria e confeitaria com predominância de produção própria,RS,Sul,ERECHIM,INDUSTRIAL
5771,1103,"2024-10-29","2025-10-28","2026-02-28",1500000.0,Não,,"Comércio atacadista de defensivos agrícolas, adubos, fertilizantes e corretivos do solo",MS,Centro Oeste,IVINHEMA,GUIRAI
5772,1103,"2025-05-21","2025-10-28","2026-02-28",1500000.0,Não,,Fabricação de adubos e fertilizantes organo-minerais,PR,Sul,JESUITAS,RURAL
5773,1103,"2025-05-21","2025-10-28","2026-02-28",1500000.0,Não,,Holdings de instituições não-financeiras,PR,Sul,MARINGÁ,Zona 01
5774,0,"2025-06-16","2025-06-16","2025-11-30",10000000,Não,,Sem Segmento,MG,Sudeste,PAPAGAIOS,ZONA RURAL
5775,0,"2025-06-16","2025-06-16","2025-11-30",10000000,Não,,Sem Segmento,MG,Sudeste,BETIM,ZONA RURAL
5776,0,"2025-06-16","2025-06-16","2025-11-30",10000000,Não,,Sem Segmento,MG,Sudeste,BELO HORIZONTE,SION
5777,956,"2024-07-26","2025-06-16","2026-01-31",21000000,Não,,Sem Segmento,PI,Nordeste,SAO RAIMUNDO NONATO,CENTRO
5778,0,"2025-06-16","2025-06-16","2025-11-30",10000000,Não,,Sem Segmento,MG,Sudeste,PERDIGAO,CENTRO
5779,0,"2025-06-16","2025-06-16","2025-11-30",10000000,Não,,Sem Segmento,MG,Sudeste,ARAUJOS,CENTRO
5780,0,"2025-06-16","2025-06-16","2025-11-30",10000000,Não,,Sem Segmento,"","","",""
5781,0,"2025-06-16","2025-06-16","2025-11-30",10000000,Não,,Sem Segmento,MG,Sudeste,MARAVILHAS,ZONA RURAL
5782,0,"2025-06-16","2025-06-16","2025-11-30",10000000,Não,,Sem Segmento,MG,Sudeste,PAPAGAIOS,CENTRO
5783,0,"2025-06-16","2025-06-16","2025-11-30",10000000,Não,,Sem Segmento,MG,Sudeste,PERDIGAO,ZONA RURAL
5784,0,"2025-06-16","2025-06-16","2025-11-30",10000000,Não,,Sem Segmento,MG,Sudeste,IBERTIOGA,ZONA RURAL
5785,0,"2025-06-16","2025-06-16","2025-11-30",10000000,Não,,Sem Segmento,MG,Sudeste,SANTA BARBARA DO TUGURIO,CENTRO
5786,0,"2025-06-16","2025-06-16","2025-11-30",10000000,Não,,Sem Segmento,MG,Sudeste,BONFIM,ZONA RURAL - POVOADO DE VELUDO
5787,0,"2025-06-16","2025-06-16","2025-11-30",10000000,Não,,Sem Segmento,MG,Sudeste,BOM DESPACHO,ZONA RURAL
5788,0,"2025-06-16","2025-06-16","2025-11-30",10000000,Não,,Sem Segmento,MG,Sudeste,ARAUJOS,ZONA RURAL
5789,0,"2025-06-16","2025-06-16","2025-11-30",10000000,Não,,Sem Segmento,MG,Sudeste,ARAUJOS,ZONA RURAL
5790,0,"2025-06-16","2025-06-16","2025-11-30",10000000,Não,,Sem Segmento,MG,Sudeste,BONFIM,CENTRO
5791,0,"2025-06-16","2025-06-16","2025-11-30",10000000,Não,,Sem Segmento,MG,Sudeste,ARAUJOS,CENTRO
5792,0,"2025-06-16","2025-06-16","2025-11-30",10000000,Não,,Sem Segmento,MG,Sudeste,PIRACEMA,CENTRO
5793,0,"2025-06-16","2025-06-16","2025-11-30",5000000.0,Não,,Sem Segmento,GO,Centro Oeste,RIO VERDE,Setor Central
5794,1126,"2025-05-13","2025-10-23","2026-02-28",16000000,Não,,Aluguel de imóveis próprios,SP,Sudeste,PRESIDENTE PRUDENTE,Jardim Paulista
5795,0,"2025-06-17","2025-06-17","2025-11-30",5000000.0,Não,,Comércio varejista de materiais de construção em geral,MG,Sudeste,UBERLANDIA,PLANALTO
5796,0,"2025-06-18","2025-06-18","2025-11-30",5000000.0,Não,,"Montagem e instalação de sistemas e equipamentos de iluminação e sinalização em vias públicas, portos e aeroportos",CE,Nordeste,FORTALEZA,EDSON QUEIROZ
5797,0,"2025-06-20","2025-06-20","2025-12-31",5000000.0,Não,,Obras de montagem industrial,GO,Centro Oeste,FORMOSA,PARQUE VILA VERDE
5798,0,"2025-02-21","2025-06-23","2025-10-31",2000000.0,Não,,Sem Segmento,SP,Sudeste,SÃO PAULO,Vila Mariana
5799,0,"2022-10-04","2025-06-23","2025-10-31",2000000.0,Não,,Fabricação de laticínios,GO,Centro Oeste,ORIZONA,CENTRO
5800,1145,"2025-05-20","2025-08-01","2025-10-31",4300000.0,Não,,Transporte rodoviário de produtos perigosos,SP,Sudeste,SANTOS,ALEMOA
5801,0,"2025-05-21","2025-07-14","2025-10-31",2500000.0,Não,,Sem Segmento,SP,Sudeste,EMBU DAS ARTES,Jardim Santa Bárbara
5802,1085,"2023-06-29","2025-10-28","2025-12-31",5000000.0,Não,,Comércio varejista de calçados,RJ,Sudeste,RIO DE JANEIRO,MEIER
5803,0,"2025-02-13","2025-06-23","2025-11-30",10000000,Não,,Comércio atacadista de matérias-primas agrícolas com atividade de fracionamento e acondicionamento associada,GO,Centro Oeste,GOIANIA,SETOR BUENO
5804,1091,"2025-06-18","2025-10-07","2026-01-31",4200000.0,Não,,Montagem de estruturas metálicas,SP,Sudeste,GUARULHOS,VILA NOVA BONSUCESSO
5805,1091,"2025-06-18","2025-10-07","2026-01-31",4200000.0,Não,,Serviços combinados de escritório e apoio administrativo,SP,Sudeste,GUARULHOS,CIDADE INDUSTRIAL SATELITE DE SAO PAULO
5806,0,"2025-06-24","2025-06-24","2025-11-30",5000000.0,Não,,"Transporte rodoviário de carga, exceto produtos perigosos e mudanças, intermunicipal, interestadual e internacional",MT,Centro Oeste,NOVA XAVANTINA,UNIAO
5807,0,"2025-06-25","2025-06-25","2025-11-30",5000000.0,Não,,Comércio varejista de produtos saneantes domissanitários,MT,Centro Oeste,SORRISO,CENTRO-NORTE
5808,0,"2025-06-25","2025-06-25","2025-11-30",5000000.0,Não,,Atividades de contabilidade,PR,Sul,PARANAGUA,JARDIM OURO FINO
5809,0,"2025-06-25","2025-06-25","2025-12-31",5000000.0,Não,,Construção de edifícios,RJ,Sudeste,TRES RIOS,TRIANGULO
5810,0,"2025-06-26","2025-06-26","2025-12-31",5000000.0,Não,,Instalação e manutenção elétrica,MG,Sudeste,UBERLANDIA,BOTANICO (LOTEAMENTO)
5815,1105,"2025-06-04","2025-06-26","2025-09-30",5755000.0,Não,,Comércio atacadista especializado em outros produtos alimentícios não especificados anteriormente,SP,Sudeste,GUARULHOS,VILA NOVA BONSUCESSO
5816,1105,"2025-06-04","2025-06-26","2025-09-30",5755000.0,Não,,Fabricação de produtos derivados do cacau e de chocolates,SP,Sudeste,GUARULHOS,VILA NOVA BONSUCESSO
5821,0,"2025-06-26","2025-06-26","2025-12-31",5000000.0,Não,,Representantes comerciais e agentes do comércio de mercadorias em geral não especializado,RJ,Sudeste,RIO DE JANEIRO,BARRA DA TIJUCA
5826,0,"2025-06-27","2025-06-27","2026-04-30",30000000,Não,,Serviços combinados de escritório e apoio administrativo,TO,Norte,FORMOSO DO ARAGUAIA,ZONA RURAL
5827,0,"2025-06-27","2025-06-27","2026-04-30",10000000,Não,,Fabricação de embalagens de material plástico,MG,Sudeste,ITAMONTE,PARQUE MONTE VERDE
5828,0,"2025-06-27","2025-06-27","2025-11-30",10000000,Não,,Obras de alvenaria,SP,Sudeste,SANTO ANDRE,VILA ALTO DE SANTO ANDRE
5829,0,"2025-06-27","2025-06-27","2026-04-30",30000000,Não,,Comércio atacadista de cereais e leguminosas beneficiados,TO,Norte,MIRACEMA DO TOCANTINS,CENTRO
5830,0,"2025-06-27","2025-06-27","2025-11-30",10000000,Não,,Obras de acabamento em gesso e estuque,SP,Sudeste,NOVA ODESSA,ZONA PREDOMINANTEMENTE RESIDENCIAL DOIS ( ZPR 2)
5835,0,"2025-06-30","2025-06-30","2025-11-30",10000000,Não,,Sem Segmento,GO,Centro Oeste,MORRINHOS,ZONA RURAL
5836,0,"2025-06-30","2025-06-30","2025-11-30",10000000,Não,,Sem Segmento,RS,Sul,MUITOS CAPÕES,ZONA RURAL
5837,0,"2025-06-30","2025-06-30","2025-11-30",10000000,Não,,Sem Segmento,BA,Centro Oeste,COCOS,Setor Central
5838,0,"2025-06-30","2025-06-30","2025-11-30",10000000,Não,,Sem Segmento,SP,Sudeste,ITAPEVA,Centro
5839,0,"2025-06-30","2025-06-30","2025-11-30",10000000,Não,,Sem Segmento,MG,Sudeste,UBERABA,ZONA RURAL
5840,0,"2025-06-30","2025-06-30","2025-11-30",10000000,Não,,Sem Segmento,GO,Centro Oeste,CRISTALINA,ZONA RURAL
5841,0,"2025-06-30","2025-06-30","2025-11-30",10000000,Não,,Comércio atacadista de cimento,SP,Sudeste,SAO JOAO DA BOA VISTA,DISTRITO INDUSTRIAL
5846,0,"2025-06-30","2025-11-04","2026-04-30",30000000,Não,,Sem Segmento,DF,Centro Oeste,BRASILIA,PLANALTINA
5847,0,"2025-06-30","2025-11-04","2026-04-30",30000000,Não,,Comércio atacadista de matérias-primas agrícolas não especificadas anteriormente,MS,Centro Oeste,ELDORADO,ZONA RURAL
5880,1058,"2022-08-19","2025-06-30","2025-10-31",4000000.0,Não,,Metalurgia do cobre,SP,Sudeste,ITAPEVI,São João
5881,1058,"2023-01-06","2025-06-30","2025-10-31",4000000.0,Não,,"Comércio atacadista de produtos siderúrgicos e metalúrgicos, exceto para construção",SC,Sul,JOINVILLE,Zona Industrial Norte
5882,1095,"2025-04-23","2025-06-30","2025-09-30",4000000.0,Não,,Sem Segmento,SP,Sudeste,SÃO BERNARDO DO CAMPO,Cooperativa
5891,0,"2025-05-30","2025-06-30","2025-11-30",2000000.0,Não,,"Comércio atacadista de defensivos agrícolas, adubos, fertilizantes e corretivos do solo",PR,Sul,SERTANÓPOLIS,CENTRO
5896,0,"2025-06-30","2025-06-30","2025-11-30",5000000.0,Não,,Serviços de engenharia,MG,Sudeste,UBERLANDIA,CIDADE JARDIM
5900,1067,"2022-03-23","2025-09-23","2026-01-31",3500000.0,Não,,Sem Segmento,SP,Sudeste,SÃO PAULO,Vila Vermelha
5901,1067,"2022-03-23","2025-09-23","2026-01-31",3500000.0,Não,,Sem Segmento,SP,Sudeste,SÃO BERNARDO DO CAMPO,Planalto
5902,1067,"2022-03-23","2025-09-23","2026-01-31",3500000.0,Não,,Sem Segmento,SP,Sudeste,SÃO PAULO,Vila Liviero
5903,1120,"2025-06-05","2025-07-01","2025-11-30",10000000,Não,,Sem Segmento,SP,Sudeste,VÁRZEA PAULISTA,Loteamento Olaria Parque Empresarial
5904,0,"2025-07-02","2025-07-02","2026-04-30",30000000,Não,,Fabricação de alimentos para animais,TO,Norte,FORMOSO DO ARAGUAIA,SETOR SAO JOSE- I
5905,0,"2025-07-03","2025-07-03","1900-01-01",0.0,Não,,Fabricação de embalagens de material plástico,RJ,Sudeste,DUQUE DE CAXIAS,MANTIQUIRA
5906,0,"2025-07-03","2025-07-03","2030-07-03",0.0,Não,,Fabricação de embalagens de material plástico,MG,Sudeste,BETIM,JARDIM DAS ALTEROSAS 1A SECAO
5907,0,"2025-07-03","2025-07-03","2030-07-03",0.0,Não,,Fabricação de embalagens de material plástico,MG,Sudeste,POÇOS DE CALDAS,Bortolan Sul
5908,1227,"2023-05-16","2025-07-04","2025-11-30",1020000000,Não,,Sem Segmento,SP,Sudeste,SÃO PAULO,Itaim Bibi
5909,0,"2025-05-05","2025-07-04","2025-12-31",25000000,Não,,Distribuidoras de títulos e valores mobiliários,SP,Sudeste,SAO PAULO,PINHEIROS
5910,0,"2023-02-23","2025-07-07","2025-09-30",1000000.0,Sim,"2025-07-14","Impressão de livros, revistas e outras publicações periódicas",MG,Sudeste,JUIZ DE FORA,POCO RICO
5911,0,"2025-07-08","2025-07-08","2025-12-31",10000000,Não,,Sem Segmento,GO,Centro Oeste,CALDAS NOVAS,ZONA RURAL
5912,0,"2025-07-08","2025-07-08","2025-12-31",10000000,Não,,Sem Segmento,MG,Sudeste,ESTRELA DO SUL,ZONA RURAL
5913,0,"2025-07-08","2025-07-08","2025-12-31",10000000,Não,,Sem Segmento,GO,Centro Oeste,CRISTALINA,ZONA RURAL
5914,0,"2025-07-08","2025-07-08","2025-12-31",10000000,Não,,Sem Segmento,GO,Centro Oeste,CRISTALINA,ZONA RURAL
5915,0,"2025-07-08","2025-07-08","2025-12-31",10000000,Não,,Sem Segmento,MG,Sudeste,ARAGUARI,ZONA RURAL
5916,0,"2025-07-08","2025-07-08","2025-12-31",10000000,Não,,Sem Segmento,GO,Centro Oeste,CRISTALINA,ZONA RURAL
5917,0,"2025-07-08","2025-07-08","2025-12-31",10000000,Não,,Sem Segmento,GO,Centro Oeste,LUZIÂNIA,ZONA RURAL
5918,0,"2025-07-10","2025-07-10","2025-12-31",5000000.0,Não,,Instalação e manutenção elétrica,BA,Nordeste,SALVADOR,CAMINHO DAS ARVORES
5919,0,"2025-07-10","2025-07-10","2025-12-31",30000000,Não,,Sem Segmento,TO,Norte,PALMAS,Plano Diretor Sul
5920,0,"2025-07-11","2025-07-11","2025-12-31",10000000,Não,,Serviços de lanternagem ou funilaria e pintura de veículos automotores,SP,Sudeste,BOITUVA,CENTRO EMPRESARIAL CASTELO BRANCO
5921,242,"2025-07-04","2025-07-11","2025-07-31",6300000.0,Não,,Sem Segmento,SP,Sudeste,SÃO JOÃO DA BOA VISTA,JARDIM SANTA CLARA
5922,0,"2025-07-11","2025-07-11","2025-12-31",30000000,Não,,Comércio atacadista de soja,SP,Sudeste,SAO PAULO,BELA VISTA
5923,1132,"2025-07-11","2025-10-30","2026-02-28",23700000,Não,,Sem Segmento,PR,Sul,TOLEDO,Vila Industrial
5924,0,"2025-05-09","2025-09-05","2026-01-31",2500000.0,Não,,Comércio atacadista de matérias-primas agrícolas não especificadas anteriormente,SP,Sudeste,NEVES PAULISTA,FAZENDA SAO JOAO - ZONA RURAL
5925,1207,"2023-01-06","2025-11-04","2026-01-31",30000000,Não,,Planos de saúde,SP,Sudeste,SAO PAULO,CONSOLACAO
5926,0,"2024-03-22","2025-07-14","2025-10-31",2500000.0,Não,,"Transporte rodoviário de carga, exceto produtos perigosos e mudanças, intermunicipal, interestadual e internacional",RJ,Sudeste,RIO DE JANEIRO,JACAREPAGUA
5927,0,"2025-07-14","2025-07-14","2025-12-31",10000000,Não,,Holdings de instituições não-financeiras,SP,Sudeste,SAO PAULO,CIDADE MONCOES
5928,0,"2025-07-15","2025-07-15","2025-12-31",5000000.0,Não,,Manutenção de redes de distribuição de energia elétrica,MG,Sudeste,ITUIUTABA,MARTA HELENA
5929,1010,"2024-11-07","2025-07-15","2025-11-30",10000000,Não,,Comércio atacadista de outros equipamentos e artigos de uso pessoal e doméstico não especificados anteriormente,SC,Sul,ITAJAI,CENTRO
5930,0,"2025-07-16","2025-07-16","2026-02-28",10000000,Não,,Construção de edifícios,MG,Sudeste,MONTES CLAROS,JARDIM PRIMAVERA
5931,892,"2025-07-17","2025-10-24","2025-12-31",710000000,Não,,Incorporação de empreendimentos imobiliários,SP,Sudeste,RIO CLARO,JARDIM EUROPA
5932,0,"2025-07-18","2025-07-18","2025-12-31",5000000.0,Não,,Administração de obras,SP,Sudeste,PAULINIA,CASCATA
5933,0,"2025-07-18","2025-07-18","2026-01-31",10000000,Não,,Administração de obras,SP,Sudeste,PAULINIA,CASCATA
5934,0,"2025-05-30","2025-07-21","2025-11-30",3000000.0,Não,,"Transporte rodoviário de carga, exceto produtos perigosos e mudanças, intermunicipal, interestadual e internacional",PR,Sul,CAMBE,JARDIM SANTO AMARO
5935,1117,"2024-12-05","2025-09-23","2025-11-30",50000000,Não,,Comércio atacadista especializado em outros produtos intermediários não especificados anteriormente,SP,Sudeste,SÃO PAULO,Vila Carmosina
5936,0,"2025-07-22","2025-07-22","2026-02-28",10000000,Não,,"Transporte rodoviário de carga, exceto produtos perigosos e mudanças, intermunicipal, interestadual e internacional",RJ,Sudeste,RIO DE JANEIRO,PAVUNA
5937,0,"2025-07-22","2025-07-22","2025-12-31",10000000,Não,,"Manutenção e reparação de tanques, reservatórios metálicos e caldeiras, exceto para veículos",SP,Sudeste,CATANDUVA,JARDIM DA TORRE
5938,0,"2025-07-23","2025-07-23","2025-12-31",10000000,Não,,Instalação e manutenção elétrica,SP,Sudeste,SUMARE,CONJUNTO HABITACIONAL ANGELO TOMAZIN
5940,0,"2023-08-25","2025-11-04","2026-01-31",6000000.0,Sim,"2024-06-28",Alimentar,SP,Sudeste,VÁRZEA PAULISTA,Jardim Paulista
5941,0,"2025-07-24","2025-07-24","2026-01-31",10000000,Não,,Locação de mão-de-obra temporária,SP,Sudeste,BARUERI,CONDOMINIO CENTRO COMERCIAL ALPHAVILLE
5942,0,"2025-07-24","2025-07-24","2025-12-31",10000000,Não,,"Aluguel de outras máquinas e equipamentos comerciais e industriais não especificados anteriormente, sem operador",SP,Sudeste,BARUERI,ALPHAVILLE INDUSTRIAL
5943,0,"2025-07-24","2025-07-24","2026-01-31",10000000,Não,,"Suporte técnico, manutenção e outros serviços em tecnologia da informação",SP,Sudeste,SAO PAULO,JARDIM KAGOHARA
5944,0,"2025-07-24","2025-07-24","2025-12-31",10000000,Não,,Fabricação de outras peças e acessórios para veículos automotores não especificadas anteriormente,SP,Sudeste,GUARULHOS,VILA PARAISO
5945,0,"2025-07-24","2025-07-24","2025-12-31",10000000,Não,,"Serviços de organização de feiras, congressos, exposições e festas",SP,Sudeste,SAO PAULO,VILA MONTE SANTO
5946,0,"2025-07-24","2025-07-24","2025-12-31",10000000,Não,,Fabricação de outros produtos de metal não especificados anteriormente,MG,Sudeste,MONTES CLAROS,JARDIM PRIMAVERA
5947,0,"2024-10-10","2025-07-28","2025-11-30",100000.0,Não,,"Aluguel de outras máquinas e equipamentos comerciais e industriais não especificados anteriormente, sem operador",SP,Sudeste,SAO PAULO,VILA OLIMPIA
5948,1114,"2025-04-08","2025-08-22","2025-11-30",3500000.0,Não,,"Comércio atacadista de mercadorias em geral, com predominância de produtos alimentícios",SP,Sudeste,SANTANA DE PARNAÍBA,Chácara do Solar I (Fazendinha)
5949,1114,"2024-10-21","2025-08-22","2025-11-30",3500000.0,Não,,Fornecimento de alimentos preparados preponderantemente para empresas,SP,Sudeste,LOUVEIRA,CENTRO
5950,1114,"2025-06-03","2025-08-22","2025-11-30",3500000.0,Não,,Fornecimento de alimentos preparados preponderantemente para empresas,SP,Sudeste,SÃO PAULO,Cidade Monções
5951,1114,"2025-06-10","2025-08-22","2025-11-30",3500000.0,Não,,Fornecimento de alimentos preparados preponderantemente para empresas,SP,Sudeste,SÃO PAULO,Cidade Monções
5952,1133,"2025-07-14","2025-08-29","2026-01-31",4000000.0,Não,,Desenvolvimento e licenciamento de programas de computador customizáveis,SP,Sudeste,SÃO PAULO,Itaim Bibi
5953,1017,"2025-06-27","2025-07-28","2025-11-30",15000000,Não,,Sem Segmento,GO,Centro Oeste,FORMOSA,Centro
5997,1098,"2022-08-26","2025-10-10","2026-01-31",1500000.0,Não,,"Comércio varejista de cosméticos, produtos de perfumaria e de higiene pessoal",SP,Sudeste,BARUERI,JARDIM BELVAL
5998,0,"2025-07-28","2025-07-28","2026-01-31",10000000,Não,,"Fabricação de artefatos de material plástico para uso na construção, exceto tubos e acessórios",SP,Sudeste,COTIA,PARQUE INDUSTRIAL SAN JOSE
5999,0,"2025-07-28","2025-07-28","2026-01-31",10000000,Não,,Fundição de ferro e aço,SP,Sudeste,ITAPIRA,MACUCOS
6000,0,"2025-07-29","2025-07-29","2026-01-31",10000000,Não,,Serviços especializados para construção não especificados anteriormente,SP,Sudeste,PIRACICABA,AGUA SANTA (UNINORTE IPEZINHO)
6001,0,"2025-07-29","2025-07-29","2030-08-08",0.0,Não,,Perfurações e sondagens,RJ,Sudeste,SAO FIDELIS,BARAO DE MACAUBAS
6002,0,"2025-07-29","2025-07-29","1900-01-01",0.0,Não,,Outras obras de engenharia civil não especificadas anteriormente,MG,Sudeste,JUIZ DE FORA,AEROPORTO
6003,0,"2025-07-29","2025-07-29","2026-01-31",10000000,Não,,Pintura para sinalização em pistas rodoviárias e aeroportos,PI,Nordeste,TERESINA,PLANALTO
6004,0,"2025-07-28","2025-07-29","2025-10-31",13900000,Não,,Sem Segmento,MA,Nordeste,SAO LUIS,JD ELDORADO
6005,0,"2025-07-29","2025-07-29","2026-01-31",10000000,Não,,Sem Segmento,GO,Centro Oeste,BRASILIA,ST SUDOESTE
6006,0,"2025-07-29","2025-07-29","2026-01-31",10000000,Não,,Sem Segmento,MG,Sudeste,PARACATU,CENTRO
6007,0,"2025-07-30","2025-07-30","2026-01-31",10000000,Não,,"Transporte rodoviário de carga, exceto produtos perigosos e mudanças, intermunicipal, interestadual e internacional",SP,Sudeste,CHARQUEADA,CENTRO
6008,0,"2025-07-30","2025-07-30","2025-12-31",700000000,Não,,Sem Segmento,SP,Sudeste,SÃO PAULO,Jardim Paulistano
6009,0,"2025-07-31","2025-07-31","2026-01-31",10000000,Não,,Comércio a varejo de peças e acessórios novos para veículos automotores,MG,Sudeste,MONTES CLAROS,REGINA PERES
6010,0,"2025-08-01","2025-08-01","1900-01-01",0.0,Não,,"Outras atividades profissionais, científicas e técnicas não especificadas anteriormente",MG,Sudeste,POCOS DE CALDAS,JARDIM CASCATINHA
6011,0,"2025-08-01","2025-08-01","2026-01-31",30000000,Não,,"Comércio atacadista de cereais e leguminosas beneficiados, farinhas, amidos e féculas, com atividade de fracionamento e acondicionamento associada",TO,Norte,ARAGUAINA,LOTEAMENTO CIDADE NOVA
6014,0,"2023-03-03","2025-08-01","2025-11-30",3000000.0,Não,,Fabricação de papel,SP,Sudeste,GUARULHOS,TABOAO
6015,1145,"2025-07-29","2025-08-01","2025-10-31",4300000.0,Não,,Armazéns gerais - emissão de warrant,SP,Sudeste,SANTOS,Alemoa
6016,0,"2022-10-06","2025-09-23","2026-02-28",30000000,Não,,Sem Segmento,GO,Centro Oeste,FORMOSA,Formosinha
6017,1127,"2025-07-04","2025-08-01","2025-11-30",2000000.0,Não,,Comércio atacadista de algodão,SP,Sudeste,SÃO PAULO,Santana
6018,1127,"2025-07-04","2025-08-01","2025-11-30",2000000.0,Não,,Comércio atacadista de algodão,SP,Sudeste,SÃO PAULO,Vila Mariana
6025,959,"2025-07-31","2025-09-29","2026-01-31",10000000,Não,,"Comércio atacadista de instrumentos e materiais para uso médico, cirúrgico, hospitalar e de laboratórios",SP,Sudeste,SAO PAULO,VILA SAO FRANCISCO (ZONA SUL)
6026,959,"2025-07-31","2025-09-29","2026-01-31",10000000,Não,,Comércio atacadista de medicamentos e drogas de uso humano,SC,Sul,PALHOCA,BREJARU
6027,0,"2025-08-05","2025-08-05","2026-01-31",10000000,Não,,Sem Segmento,GO,Centro Oeste,ORIZONA,ZONA RURAL
6028,0,"2025-08-05","2025-08-05","2026-01-31",10000000,Não,,Sem Segmento,GO,Centro Oeste,CRISTALINA,CENTRO
6029,0,"2025-08-05","2025-08-05","2026-01-31",10000000,Não,,Sem Segmento,GO,Centro Oeste,SILVANIA,ZONA RURAL
6030,0,"2025-08-05","2025-08-05","2026-01-31",10000000,Não,,Sem Segmento,GO,Centro Oeste,CRISTALINA,ZONA RURAL
6031,0,"2025-08-05","2025-08-05","2026-01-31",10000000,Não,,Sem Segmento,GO,Centro Oeste,ORIZONA,ZONA RURAL
6032,0,"2025-08-05","2025-08-05","2026-01-31",10000000,Não,,Sem Segmento,GO,Centro Oeste,CRISTALINA,ZONA RURAL
6033,0,"2025-08-05","2025-08-05","2026-01-31",10000000,Não,,Sem Segmento,MG,Sudeste,IRAI DE MINAS,CENTRO
6034,0,"2025-08-05","2025-08-05","2026-01-31",10000000,Não,,Sem Segmento,GO,Centro Oeste,CRISTALINA,ZONA RURAL
6035,0,"2025-08-05","2025-08-05","2026-01-31",10000000,Não,,"Serviços de instalação, manutenção e reparação de acessórios para veículos automotores",SP,Sudeste,ARACARIGUAMA,VILA ALUMINIO
6036,0,"2025-08-06","2025-08-06","2026-01-31",10000000,Não,,Obras de acabamento em gesso e estuque,SP,Sudeste,ARARAS,JARDIM ESPLANADA
6037,0,"2025-08-06","2025-08-06","2026-01-31",10000000,Não,,Construção de edifícios,SP,Sudeste,SALTO,JARDIM BURU
6038,0,"2025-08-06","2025-08-06","2026-01-31",10000000,Não,,Comércio atacadista de máquinas e equipamentos para uso industrial; partes e peças,SP,Sudeste,AMERICANA,VILA BELVEDERE
6039,0,"2025-07-01","2025-08-06","2025-11-30",65500000,Não,,Atividades de atenção ambulatorial não especificadas anteriormente,SP,Sudeste,SAO PAULO,VILA NOVA CONCEICAO
6040,1150,"2025-08-05","2025-10-08","2026-02-28",30000000,Não,,"Transporte rodoviário de carga, exceto produtos perigosos e mudanças, intermunicipal, interestadual e internacional",SP,Sudeste,SÃO PAULO,Parque Novo Mundo
6041,0,"2025-08-07","2025-08-07","2026-01-31",5000000.0,Não,,Fabricação de luminárias e outros equipamentos de iluminação,SP,Sudeste,COTIA,JARDIM DO RIO COTIA
6042,219,"2025-07-25","2025-10-07","2026-01-31",5500000.0,Não,,Comércio atacadista de algodão,TO,Norte,PALMAS,PLANO DIRETOR NORTE
6043,0,"2025-06-30","2025-08-08","2025-11-30",1000000.0,Não,,Gestão de ativos intangíveis não-financeiros,SP,Sudeste,SAO PAULO,VILA PRUDENTE
6044,0,"2025-08-15","2025-08-15","2026-02-28",10000000,Não,,Comércio,RJ,Sudeste,RIO DE JANEIRO,VARGEM GRANDE
6046,0,"2025-07-07","2025-08-18","2025-12-31",20200000,Não,,Fabricação de amidos e féculas de vegetais,PR,Sul,NOVA LONDRINA,GLEBA RIB TIGRE
6047,0,"2025-08-19","2025-08-19","2026-01-31",10000000,Não,,Construção de edifícios,SP,Sudeste,RIO CLARO,CENTRO
6048,0,"2025-08-19","2025-08-19","2026-01-31",10000000,Não,,"Aluguel de máquinas e equipamentos para construção sem operador, exceto andaimes",SP,Sudeste,SUZANO,JARDIM SANTA HELENA
6049,0,"2025-08-19","2025-08-19","2026-02-28",10000000,Não,,Construção Civil,SP,Sudeste,CAMPINAS,VILA IPE
6050,0,"2025-08-19","2025-08-19","2026-02-28",10000000,Não,,Construção de edifícios,SP,Sudeste,EMBU DAS ARTES,JARDIM VITORIA
6051,0,"2025-08-19","2025-08-19","2026-01-31",10000000,Não,,Construção de edifícios,SP,Sudeste,EMBU DAS ARTES,JARDIM VITORIA
6052,0,"2025-08-19","2025-08-19","2026-01-31",10000000,Não,,"Fabricação de artefatos diversos de madeira, exceto móveis",SP,Sudeste,AMERICANA,RESIDENCIAL VALE DAS NOGUEIRAS
6053,0,"2025-08-19","2025-08-19","2026-01-31",10000000,Não,,Atividades paisagísticas,SP,Sudeste,AMERICANA,VILA CONQUISTA
6054,0,"2025-08-21","2025-08-21","2026-01-31",5000000.0,Não,,"Fabricação de adubos e fertilizantes, exceto organo-minerais",SP,Sudeste,SAO JOSE DO RIO PRETO,JARDIM BELA VISTA
6056,470,"2025-08-12","2025-10-31","2026-03-31",236000000,Não,,Fabricação de medicamentos alopáticos para uso humano,SP,Sudeste,ATIBAIA,Atibaia Jardim
6057,0,"2025-06-18","2025-10-28","2026-01-31",4500000.0,Não,,Fabricação de artefatos de borracha não especificados anteriormente,SP,Sudeste,DIADEMA,Serraria
6058,0,"2025-01-21","2025-08-22","2025-12-31",3500000.0,Não,,Fabricação de embalagens de material plástico,SC,Sul,ORLEANS,RIO BELO
6059,1153,"2023-11-27","2025-08-22","2026-01-31",4000000.0,Não,,Indústria,SP,Sudeste,SÃO BERNARDO DO CAMPO,Cooperativa
6060,0,"2025-08-25","2025-08-25","2026-01-31",10000000,Não,,"Transporte rodoviário de carga, exceto produtos perigosos e mudanças, intermunicipal, interestadual e internacional",RS,Sul,SANTA CRUZ DO SUL,DISTRITO INDUSTRIAL
6061,0,"2025-08-25","2025-08-25","2026-01-31",10000000,Não,,Demolição de edifícios e outras estruturas,SP,Sudeste,SAO PAULO,TUCURUVI
6062,0,"2025-08-25","2025-08-25","2026-01-31",10000000,Não,,Comércio varejista de materiais de construção em geral,TO,Norte,PALMAS,JARDIM SANTA BARBARA
6063,1154,"2022-10-24","2025-09-29","2026-01-31",4000000.0,Não,,Fabricação de medicamentos alopáticos para uso humano,SC,Sul,PEDRAS GRANDES,ILHOTA
6064,1154,"2025-08-07","2025-09-29","2026-01-31",4000000.0,Não,,Sem Segmento,BA,Nordeste,SANTO ANTONIO DE JESUS,ERNESTO MELO
6065,1154,"2025-08-07","2025-09-29","2026-01-31",4000000.0,Não,,Sem Segmento,BA,Nordeste,FEIRA DE SANTANA,SIM
6066,1158,"2025-08-15","2025-09-01","2026-01-31",20000000,Não,,Sem Segmento,SC,Sul,TUBARÃO,São Cristóvão
6067,1158,"2025-08-15","2025-09-01","2026-01-31",20000000,Não,,Sem Segmento,AM,Norte,MANAUS,Tarumã
6068,0,"2025-08-27","2025-08-27","2026-01-31",30000000,Não,,"Comércio atacadista de cereais e leguminosas beneficiados, farinhas, amidos e féculas, com atividade de fracionamento e acondicionamento associada",TO,Norte,ARAGUAINA,LOTEAMENTO PEDRO BORGES
6069,0,"2025-08-27","2025-08-27","2026-01-31",30000000,Não,,Comércio atacadista de cereais e leguminosas beneficiados,TO,Norte,PALMAS,LOTEAMENTO LAGO NORTE
6070,0,"2025-08-28","2025-08-28","2026-02-28",10000000,Não,,Serviços de pintura de edifícios em geral,SP,Sudeste,SAO PAULO,BELA VISTA
6071,0,"2025-08-28","2025-08-28","2026-01-31",10000000,Não,,"Instalação e manutenção de sistemas centrais de ar condicionado, de ventilação e refrigeração",MG,Sudeste,UBERABA,SAO BENEDITO
6072,0,"2025-08-26","2025-08-28","2026-01-31",11000000,Não,,Sem Segmento,GO,Centro Oeste,MINEIROS,Residencial Portal do Cerrado
6073,0,"2025-08-26","2025-08-28","2026-01-31",11000000,Não,,Sem Segmento,GO,Centro Oeste,MINEIROS,Residencial Portal do Cerrado
6074,0,"2025-08-25","2025-09-30","2026-01-31",10000000,Não,,"Fundos de investimento, exceto previdenciários e imobiliários",SP,Sudeste,SÃO PAULO,Cerqueira César
6075,0,"2025-08-29","2025-08-29","2026-02-28",10000000,Não,,Indústria,GO,Centro Oeste,ANAPOLIS,PARQUE SAO JOAO
6076,0,"2025-08-29","2025-08-29","1900-01-01",0.0,Não,,Agências de publicidade,SP,Sudeste,SAO PAULO,VILA OLIMPIA
6077,1140,"2025-07-24","2025-08-29","2026-01-31",10000000,Não,,Indústria,BA,Nordeste,DIAS D'ÁVILA,DIAS D AVILA
6078,1140,"2024-11-11","2025-08-29","2026-01-31",10000000,Não,,Indústria,BA,Nordeste,DIAS D'ÁVILA,DIAS DAVILA
6079,0,"2025-04-03","2025-08-29","2025-11-30",1000000.0,Não,,Transporte,SP,Sudeste,CATANDUVA,Centro
6080,1149,"2025-07-28","2025-10-21","2026-02-28",2060000.0,Não,,Obras de fundações,GO,Centro Oeste,GOIANIA,BRO RODOVIARIO
6081,1149,"2025-07-28","2025-10-21","2026-02-28",2060000.0,Não,,Serviços especializados para construção não especificados anteriormente,SP,Sudeste,MOGI MIRIM,CDHU
6082,1139,"2025-07-21","2025-08-29","2025-11-30",1000000.0,Não,,Sem Segmento,BA,Nordeste,CANDEIAS,Distrito Industrial
6083,0,"2025-08-07","2025-10-24","2026-02-28",5000000.0,Não,,Construção Civil,SC,Sul,CRICIÚMA,Michel
6084,0,"2025-09-03","2025-09-03","2026-02-28",10000000,Não,,Fabricação de artefatos de cimento para uso na construção,MG,Sudeste,UBERLANDIA,NOVO MUNDO
6085,0,"2025-09-03","2025-09-03","2099-09-03",0.0,Não,,Comércio atacadista de soja,GO,Centro Oeste,JATAI,CENTRO
6086,0,"2025-09-03","2025-09-03","2026-02-28",10000000,Não,,Sem Segmento,"","","",""
6087,0,"2025-09-05","2025-09-05","2026-02-28",10000000,Não,,Comércio varejista de materiais de construção em geral,SP,Sudeste,SÃO PAULO,Vila Gomes Cardim
6088,0,"2024-07-16","2025-09-05","2025-11-30",2000000.0,Não,,Papel,MG,Sudeste,EXTREMA,BARREIRO
6089,1157,"2022-09-02","2025-10-06","2026-02-28",7500000.0,Não,,Plastico,SP,Sudeste,DIADEMA,Casa Grande
6090,1157,"2025-08-14","2025-10-06","2026-02-28",7500000.0,Não,,Sem Segmento,SP,Sudeste,SAO BERNARDO DO CAMPO,COOPERATIVA
6091,0,"2023-11-16","2025-09-29","2025-12-31",2500000.0,Não,,Comércio atacadista de cosméticos e produtos de perfumaria,SP,Sudeste,COTIA,Parque São George
6092,0,"2025-04-03","2025-09-05","2026-01-31",2000000.0,Não,,Sem Segmento,SP,Sudeste,CATANDUVA,Distrito Industrial José Antônio Boso
6093,0,"2025-08-11","2025-09-05","2026-01-31",2000000.0,Não,,Sem Segmento,MG,Sudeste,SAO JOSE DA LAPA,ZONA RURAL
6094,0,"2025-09-08","2025-09-08","1900-01-01",0.0,Não,,Coleta de resíduos não-perigosos,RJ,Sudeste,TRES RIOS,NOVA NITEROI
6095,0,"2025-09-09","2025-09-09","2026-02-28",10000000,Não,,Comércio varejista de artigos do vestuário e acessórios,SP,Sudeste,SAO PAULO,JARDIM CELESTE
6096,0,"2025-09-09","2025-09-09","2026-02-28",10000000,Não,,Serviços,SP,Sudeste,SAO PAULO,BELA VISTA
6097,0,"2025-09-09","2025-09-09","2026-02-28",10000000,Não,,"Serviços combinados para apoio a edifícios, exceto condomínios prediais",SP,Sudeste,HOLAMBRA,COND NOVA HOLANDA
6098,0,"2025-09-09","2025-09-09","2026-02-28",10000000,Não,,Comercio Varejista,SP,Sudeste,MOGI DAS CRUZES,VILA SAO PAULO
6099,0,"2025-09-09","2025-09-09","2026-02-28",10000000,Não,,Construção,SP,Sudeste,MOGI DAS CRUZES,VILA INDUSTRIAL
6100,0,"2025-09-09","2025-09-09","2026-02-28",10000000,Não,,Comércio,PR,Sul,FAZENDA RIO GRANDE,VENEZA
6101,0,"2025-09-09","2025-09-09","2026-02-28",10000000,Não,,"Fabricação de máquinas, equipamentos e aparelhos para transporte e elevação de pessoas, peças e acessórios",SP,Sudeste,SAO PAULO,CAMBUCI
6102,0,"2025-09-09","2025-09-09","2026-02-28",10000000,Não,,Construção Civil,SP,Sudeste,HORTOLANDIA,JARDIM SAO CAMILO
6107,1181,"2025-09-09","2025-11-04","2026-01-31",48000000,Não,,Incorporação de empreendimentos imobiliários,SP,Sudeste,SÃO PAULO,Cerqueira César
6108,0,"2025-08-29","2025-09-10","2026-02-28",5000000.0,Não,,Sem Segmento,SP,Sudeste,SAO PAULO,SOCORRO
6109,0,"2025-09-11","2025-09-11","2026-02-28",10000000,Não,,Carga e descarga,TO,Norte,PALMAS,CENTRO (TAQUARALTO)
6110,0,"2025-09-11","2025-09-11","2026-02-28",10000000,Não,,Comércio varejista especializado de equipamentos e suprimentos de informática,SP,Sudeste,SAO PAULO,VILA MARIA ALTA
6111,0,"2025-09-12","2025-09-12","2026-02-28",10000000,Não,,"Fabricação de produtos de trefilados de metal, exceto padronizados",MG,Sudeste,TRÊS PONTAS,Santana
6112,1167,"2024-10-21","2025-09-22","2025-12-31",20000000,Não,,Holdings de instituições não-financeiras,SP,Sudeste,SÃO PAULO,Chácara Santo Antônio (Zona Sul)
6113,1167,"2025-08-25","2025-09-22","2025-12-31",20000000,Não,,Transporte aéreo de passageiros regular,RJ,Sudeste,RIO DE JANEIRO,CENTRO
6114,1164,"2025-08-25","2025-09-12","2025-11-30",100000.0,Não,,Atividades de teleatendimento,SP,Sudeste,SÃO PAULO,Parque Industrial Tomas Edson
6115,1164,"2025-08-22","2025-09-12","2025-11-30",100000.0,Não,,Serviços,SP,Sudeste,SAO PAULO,PARQUE INDUSTRIAL TOMAS EDSON
6116,1164,"2025-08-22","2025-09-12","2025-11-30",100000.0,Não,,Serviços,SP,Sudeste,SAO BERNARDO DO CAMPO,CENTRO
6117,0,"2025-08-11","2025-09-19","2026-01-31",3000000.0,Não,,Plastico,SC,Sul,ICARA,liri
6118,1151,"2025-08-05","2025-09-19","2026-01-31",3300000.0,Não,,Comércio por atacado de peças e acessórios novos para veículos automotores,SC,Sul,ITAJAI,SAO VICENTE
6119,0,"2025-05-12","2025-09-19","2025-12-31",5000000.0,Não,,"Fabricação de cosméticos, produtos de perfumaria e de higiene pessoal",GO,Centro Oeste,APARECIDA DE GOIÂNIA,Parque Industrial Vice-Presidente José Alencar
6120,0,"2023-10-19","2025-09-18","2026-01-31",2000000.0,Não,,Indústria,SP,Sudeste,BARRETOS,DISTRITO INDUSTRIAL II
6135,1195,"2025-05-12","2025-09-12","2025-11-30",2520000.0,Não,,Sem Segmento,SP,Sudeste,NOVA ODESSA,Parque Industrial Harmonia
6136,1195,"2025-05-12","2025-09-12","2025-11-30",2520000.0,Não,,Sem Segmento,SC,Sul,NAVEGANTES,VOLTA GRANDE
6137,0,"2025-09-16","2025-09-16","2026-04-30",10000000,Não,,Construção de edifícios,MG,Sudeste,UBERABA,FABRICIO
6138,1160,"2025-08-19","2025-10-23","2026-02-28",1500000.0,Não,,Serviços,SP,Sudeste,SÃO PAULO,Água Branca
6139,1160,"2025-08-19","2025-10-23","2026-02-28",1500000.0,Não,,Sem Segmento,SP,Sudeste,ARUJA,CENTRO INDUSTRIAL DE ARUJA
6140,465,"2023-09-12","2025-10-06","2026-01-31",85000000,Não,,Sem Segmento,SP,Sudeste,SÃO PAULO,Jardim Europa
6141,0,"2025-09-11","2025-09-17","2026-01-31",6600000.0,Sim,"2025-09-11",Representantes comerciais e agentes do comércio de mercadorias em geral não especializado,GO,Centro Oeste,MINEIROS,VILA SAO SEBASTIAO
6142,0,"2025-09-18","2025-09-18","2026-02-28",10000000,Não,,"Transporte rodoviário de carga, exceto produtos perigosos e mudanças, intermunicipal, interestadual e internacional",SP,Sudeste,SANTANA DE PARNAIBA,TAMBORE
6143,0,"2025-09-18","2025-09-18","2026-02-28",10000000,Não,,Serviços,SP,Sudeste,SAO PAULO,BROOKLIN PAULISTA
6144,0,"2025-09-18","2025-09-18","2026-02-28",10000000,Não,,Fabricação de vidro plano e de segurança,SP,Sudeste,OSASCO,PIRATININGA
6145,0,"2023-10-20","2025-09-18","2026-01-31",2000000.0,Não,,Sem Segmento,RS,Sul,VENANCIO AIRES,LEOPOLDINA
6146,0,"2025-09-19","2025-09-19","2026-02-28",10000000,Não,,Perfuração e construção de poços de água,MT,Centro Oeste,CUIABA,CIDADE VERDE
6147,0,"2025-09-19","2025-09-19","2026-02-28",10000000,Não,,Comercio Varejista,MG,Sudeste,TRES PONTAS,SANTANA
6148,0,"2025-09-19","2025-09-19","2026-02-28",10000000,Não,,"Fabricação de produtos de trefilados de metal, exceto padronizados",MG,Sudeste,TRES PONTAS,SANTANA
6149,0,"2025-09-19","2025-09-19","2026-02-28",10000000,Não,,Fabricação de artefatos de cimento para uso na construção,SP,Sudeste,ITUPEVA,ANA LUCIA
6150,0,"2025-09-12","2025-09-29","2026-01-31",30000000,Não,,Fabricação de produtos químicos orgânicos não especificados anteriormente,RS,Sul,MONTENEGRO,TANAC
6151,0,"2025-09-23","2025-09-23","2026-03-31",10000000,Não,,Construção Civil,SP,Sudeste,CAMPINAS,JARDIM BARONESA
6152,1163,"2025-07-07","2025-09-23","2026-01-31",3500000.0,Não,,"Obras de urbanização - ruas, praças e calçadas",SP,Sudeste,CAMPINAS,Parque Santa Bárbara
6153,1163,"2025-08-13","2025-09-23","2026-01-31",3500000.0,Não,,Extração e britamento de pedras e outros materiais para construção e beneficiamento associado,SP,Sudeste,LIMEIRA,PEREIRAS
6154,0,"2025-08-15","2025-10-20","2026-03-31",11000000,Não,,"Produção de relaminados, trefilados e perfilados de aço, exceto arames",SC,Sul,NOVA VENEZA,CARAVAGGIO
6155,0,"2025-08-29","2025-09-23","2026-01-31",3000000.0,Não,,Comércio atacadista de máquinas e equipamentos para uso industrial; partes e peças,SC,Sul,ITAJAI,CIDADE NOVA
6311,0,"2025-09-23","2025-09-23","1900-01-01",0.0,Não,,Outras obras de acabamento da construção,SP,Sudeste,SANTO ANDRE,VILA PIRES
6312,0,"2025-09-23","2025-09-23","2026-03-31",10000000,Não,,Construção,SP,Sudeste,SANTO ANDRE,VILA PIRES
6393,0,"2025-09-23","2025-09-23","2026-03-31",10000000,Não,,Serviços,SP,Sudeste,SAO PAULO,LIMOEIRO
6439,1162,"2025-08-19","2025-09-23","2025-12-31",7500000.0,Não,,"Extração de minerais para fabricação de adubos, fertilizantes e outros produtos químicos",SP,Sudeste,SALTO DE PIRAPORA,ITUPAVA
6440,1162,"2025-08-19","2025-09-23","2025-12-31",7500000.0,Não,,Extração e britamento de pedras e outros materiais para construção e beneficiamento associado,RJ,Sudeste,SÃO PEDRO DA ALDEIA,Baleia
6441,1162,"2025-08-19","2025-09-23","2025-12-31",7500000.0,Não,,Extração e britamento de pedras e outros materiais para construção e beneficiamento associado,RJ,Sudeste,NOVA IGUACU,COMENDADOR SOARES
6442,1162,"2025-08-19","2025-09-23","2025-12-31",7500000.0,Não,,Extração de granito e beneficiamento associado,SP,Sudeste,ASSIS,AGUA DO CERVINHO
6443,0,"2025-09-25","2025-09-25","2026-02-28",30000000,Não,,Agropecuária / Pesca,BA,Nordeste,LUIS EDUARDO MAGALHAES,ZONA RURAL
6444,0,"2025-09-26","2025-09-26","2026-02-28",10000000,Não,,Serviços de engenharia,MG,Sudeste,UBERLANDIA,SANTA MONICA
6445,1075,"2025-09-16","2025-09-26","2026-02-28",410000000,Não,,Incorporação de empreendimentos imobiliários,SP,Sudeste,IBITINGA,Área Rural de Ibitinga
6446,1178,"2024-10-30","2025-09-29","2026-01-31",4000000.0,Não,,Desenvolvimento e licenciamento de programas de computador customizáveis,SP,Sudeste,SAO PAULO,BROOKLIN PAULISTA
6447,1178,"2025-09-04","2025-09-29","2026-01-31",4000000.0,Não,,Holdings de instituições não-financeiras,SP,Sudeste,SAO PAULO,BROOKLIN PAULISTA
6448,1178,"2025-09-04","2025-09-29","2026-01-31",4000000.0,Não,,Sem Segmento,SP,Sudeste,ITAPEVI,Itaqui
6449,0,"2025-09-09","2025-09-29","2026-02-28",2000000.0,Não,,Indústria,RS,Sul,TRÊS PASSOS,LINHA CANHADA FUNDA
6450,0,"2025-10-01","2025-10-01","2026-03-31",10000000,Não,,Montagem de estruturas metálicas,SP,Sudeste,SALTINHO,CENTRO
6451,0,"2025-10-03","2025-10-03","2026-03-31",10000000,Não,,Instalação e manutenção elétrica,SP,Sudeste,BADY BASSITT,JD DAS PALMEIRAS 3
6452,0,"2025-10-03","2025-10-03","2026-03-31",5000000.0,Não,,Comércio atacadista especializado em outros produtos intermediários não especificados anteriormente,ES,Sudeste,VITÓRIA,Enseada do Suá
6453,0,"2025-10-06","2025-10-06","2026-03-31",10000000,Não,,Instalação e manutenção elétrica,SC,Sul,BLUMENAU,DO SALTO
6454,1194,"2024-09-18","2025-10-06","2026-01-31",1000000.0,Não,,Alimentar,SP,Sudeste,CAMPINAS,Nova Campinas
6455,1194,"2024-11-06","2025-10-06","2026-01-31",1000000.0,Não,,Fornecimento de alimentos preparados preponderantemente para empresas,SP,Sudeste,TAUBATE,PARQUE PADUAN
6456,0,"2025-09-12","2025-10-13","2026-03-31",2500000.0,Não,,Comércio atacadista de açúcar,SC,Sul,ARARANGUA,CENTRO
6457,0,"2025-10-06","2025-10-06","2026-03-31",5000000.0,Não,,Comércio,ES,Sudeste,SERRA,COLINA DE LARANJEIRAS
6458,1168,"2025-08-13","2025-10-06","2026-01-31",53000000,Não,,Sem Segmento,SP,Sudeste,SAO PAULO,VILA INDEPENDENCIA
6459,1168,"2025-08-26","2025-10-06","2026-01-31",53000000,Não,,Outras atividades de telecomunicações não especificadas anteriormente,SP,Sudeste,SAO PAULO,VILA INDEPENDENCIA
6460,1179,"2025-09-05","2025-10-07","2026-01-31",2000000.0,Não,,Sem Segmento,RS,Sul,SAO JOSE DO NORTE,DISTRITO INDUSTRIAL
6461,1179,"2025-09-05","2025-10-07","2026-01-31",2000000.0,Não,,Fabricação de produtos químicos orgânicos não especificados anteriormente,RS,Sul,SAO JOSE DO NORTE,VENEZA
6462,0,"2025-10-07","2025-10-07","2026-03-31",10000000,Não,,Serviços de pintura de edifícios em geral,SP,Sudeste,ARARAS,SITIOS DE RECREIO INDEPENDENCIA
6463,0,"2025-10-08","2025-10-08","2026-03-31",30000000,Não,,Comércio atacadista de cereais e leguminosas beneficiados,MA,Nordeste,SAO LUIS,CONJUNTO HABITACIONAL VINHAIS
6464,0,"2025-10-08","2025-10-08","2026-03-31",10000000,Não,,Serviços de pintura de edifícios em geral,SP,Sudeste,SANTA BARBARA D'OESTE,RESIDENCIAL PARQUE ZABANI
6465,0,"2025-10-08","2025-10-08","2026-03-31",10000000,Não,,Obras de alvenaria,SP,Sudeste,SANTA BARBARA D'OESTE,JARDIM EUROPA I
6466,0,"2025-10-08","2025-10-08","2026-03-31",10000000,Não,,Construção de edifícios,SP,Sudeste,GUARA,JD NELIO DOS SANTOS
6467,0,"2025-10-08","2025-10-08","2026-03-31",10000000,Não,,Serviços,SP,Sudeste,SALTINHO,SAO JUDAS TADEU
6468,0,"2025-10-08","2025-10-08","2026-03-31",10000000,Não,,Comércio varejista de materiais de construção em geral,SP,Sudeste,ARARAS,JARDIM ENCOSTA DO SOL
6469,0,"2025-10-08","2025-10-08","2026-03-31",30000000,Não,,Comércio atacadista de cereais e leguminosas beneficiados,TO,Norte,TAGUATINGA,CENTRO
6470,0,"2025-10-09","2025-10-09","2026-03-31",10000000,Não,,Comércio varejista de ferragens e ferramentas,SP,Sudeste,JUNDIAI,JARDIM DO LAGO
6471,0,"2025-10-09","2025-10-09","2026-03-31",10000000,Não,,Indústria,RS,Sul,ESTEIO,CENTRO
6472,0,"2025-10-09","2025-10-09","2026-03-31",10000000,Não,,Indústria,SP,Sudeste,SAO PAULO,VILA SANTA MARIA
6473,1183,"2023-03-07","2025-10-10","2026-01-31",10000000,Não,,Indústria,GO,Centro Oeste,RIO VERDE,Setor Central
6474,1183,"2025-09-11","2025-10-10","2026-01-31",10000000,Não,,Sem Segmento,GO,Centro Oeste,RIO VERDE,ZONA RURAL
6797,1207,"2023-01-06","2025-11-04","2026-01-31",30000000,Não,,Sem Segmento,SP,Sudeste,SÃO PAULO,Jardim Paulista
6798,1207,"2023-01-06","2025-11-04","2026-01-31",30000000,Não,,Sem Segmento,BA,Nordeste,SALVADOR,Caminho das Árvores
6799,1207,"2023-01-06","2025-11-04","2026-01-31",30000000,Não,,Sem Segmento,DF,Centro Oeste,BRASÍLIA,Asa Sul
6800,1207,"2023-01-06","2025-11-04","2026-01-31",30000000,Não,,Sem Segmento,MA,Nordeste,SÃO LUÍS,Jardim Renascença
6801,1207,"2023-01-06","2025-11-04","2026-01-31",30000000,Não,,Sem Segmento,SP,Sudeste,SÃO PAULO,Vila Gomes Cardim
6802,1207,"2023-01-06","2025-11-04","2026-01-31",30000000,Não,,Sem Segmento,SP,Sudeste,SÃO PAULO,Cerqueira César
6805,842,"2023-02-15","2025-10-10","2026-01-31",100000.0,Não,,"Construção de redes de transportes por dutos, exceto para água e esgoto",SP,Sudeste,SAO PAULO,BROOKLIN PAULISTA
6806,842,"2023-02-10","2025-10-10","2026-01-31",100000.0,Não,,Construção de rodovias e ferrovias,SP,Sudeste,SAO PAULO,VILA MIRANTE
6807,842,"2023-02-15","2025-10-10","2026-01-31",100000.0,Não,,Obras de montagem industrial,SP,Sudeste,SAO PAULO,BROOKLIN PAULISTA
6808,842,"2023-02-15","2025-10-10","2026-01-31",100000.0,Não,,Sem Segmento,BA,Nordeste,CAMACARI,PONTO CERTO
6871,0,"2025-09-15","2025-10-10","2026-02-28",4550000.0,Não,,Comércio a varejo de motocicletas e motonetas novas,RS,Sul,FARROUPILHA,Medianeira
6896,972,"2025-08-04","2025-10-10","2026-02-28",5000000.0,Não,,Comércio varejista de combustíveis para veículos automotores,MT,Centro Oeste,GENERAL CARNEIRO,CENTRO
6897,972,"2025-08-04","2025-10-10","2026-02-28",5000000.0,Não,,Comércio varejista de combustíveis para veículos automotores,GO,Centro Oeste,BOM JARDIM DE GOIAS,SETOR ALVES E MORAES
6898,972,"2025-08-04","2025-10-10","2026-02-28",5000000.0,Não,,Comércio varejista de combustíveis para veículos automotores,GO,Centro Oeste,JATAI,ZONA RURAL
6899,972,"2025-08-04","2025-10-10","2026-02-28",5000000.0,Não,,Comércio varejista de combustíveis para veículos automotores,TO,Norte,RIO DOS BOIS,ZONA RURAL
6900,972,"2025-08-04","2025-10-10","2026-02-28",5000000.0,Não,,Comércio varejista de combustíveis para veículos automotores,TO,Norte,BRASILANDIA DO TOCANTINS,BAIRRO CHACARA
6901,972,"2025-08-04","2025-10-10","2026-02-28",5000000.0,Não,,Comércio varejista de combustíveis para veículos automotores,GO,Centro Oeste,SAO SIMAO,ZONA RURAL
6902,972,"2025-08-04","2025-10-10","2026-02-28",5000000.0,Não,,Comércio varejista de combustíveis para veículos automotores,GO,Centro Oeste,URUACU,ZONA RURAL
6903,972,"2025-08-04","2025-10-10","2026-02-28",5000000.0,Não,,Comércio varejista de combustíveis para veículos automotores,GO,Centro Oeste,PORANGATU,ZONA RURAL
6904,972,"2025-08-04","2025-10-10","2026-02-28",5000000.0,Não,,Comércio varejista de combustíveis para veículos automotores,MT,Centro Oeste,JACIARA,PLANALTO
6905,972,"2025-08-04","2025-10-10","2026-02-28",5000000.0,Não,,Comércio varejista de combustíveis para veículos automotores,GO,Centro Oeste,GUAPO,CIDADE NOVA DE GUAPO
6906,972,"2025-08-04","2025-10-10","2026-02-28",5000000.0,Não,,Comércio varejista de combustíveis para veículos automotores,PA,Norte,REDENCAO,ZONA RURAL
6907,1190,"2023-11-16","2025-10-27","2025-12-31",2000000.0,Não,,Comércio,SP,Sudeste,EMBU DAS ARTES,JARDIM VISTA ALEGRE
6908,1190,"2023-11-29","2025-10-27","2025-12-31",2000000.0,Não,,Comércio,SP,Sudeste,BARUERI,FAZENDA TAMBORE
6909,1190,"2025-09-11","2025-10-27","2025-12-31",2000000.0,Não,,Comércio,SP,Sudeste,BARUERI,Jardim Mutinga
7048,209,"2022-06-23","2025-10-30","2026-02-28",2520000.0,Não,,Comércio atacadista de componentes eletrônicos e equipamentos de telefonia e comunicação,ES,Sudeste,SERRA,CIVIT I
7049,0,"2025-09-02","2025-10-13","2026-01-31",1732800.0,Não,,Holdings de instituições não-financeiras,SP,Sudeste,SÃO PAULO,Vila Bertioga
7050,0,"2025-08-28","2025-10-13","2026-01-31",1200000.0,Não,,Treinamento em desenvolvimento profissional e gerencial,SP,Sudeste,SANTOS,GONZAGA
7051,0,"2025-09-29","2025-10-13","2026-01-31",1267200.0,Não,,Holdings de instituições não-financeiras,SP,Sudeste,SAO PAULO,VILA BERTIOGA
7052,0,"2025-09-12","2025-10-13","2026-01-31",6000000.0,Não,,Extração e britamento de pedras e outros materiais para construção e beneficiamento associado,SP,Sudeste,SANTA ISABEL,MORRO GRANDE
7053,0,"2025-10-13","2025-10-13","2026-03-31",10000000,Não,,Sem Segmento,SP,Sudeste,OSASCO,Industrial Anhangüera
7054,0,"2025-10-13","2025-10-13","2026-03-31",10000000,Não,,Serviços,RJ,Sudeste,RIO DE JANEIRO,BARRA DA TIJUCA
7055,0,"2025-10-13","2025-10-13","2026-03-31",10000000,Não,,Comércio,GO,Centro Oeste,GOIANIA,SETOR MARISTA
7056,0,"2025-10-13","2025-10-13","2026-03-31",10000000,Não,,Serviços,BA,Nordeste,LAURO DE FREITAS,PITANGUEIRAS
7057,0,"2025-10-13","2025-10-13","2026-03-31",10000000,Não,,Serviços,SP,Sudeste,CAMPINAS,JARDIM EULINA
7058,0,"2025-10-13","2025-10-13","2026-03-31",10000000,Não,,Serviços,PA,Norte,BELEM,CREMACAO
7059,0,"2025-10-13","2025-10-13","2026-03-31",10000000,Não,,Serviços,SP,Sudeste,SAO PAULO,JARDIM RAPOSO TAVARES
7060,0,"2025-10-13","2025-10-13","2026-03-31",10000000,Não,,Serviços,SP,Sudeste,BARUERI,ALPHAVILLE CENTRO INDUSTRIAL E EMPRESARIAL/ALPHAV
7061,0,"2025-10-14","2025-10-14","2026-03-31",10000000,Não,,Serviços,SP,Sudeste,CAMPINAS,PARQUE RESIDENCIAL VILA UNIAO
7062,0,"2025-10-14","2025-10-14","2026-03-31",30000000,Não,,Comércio atacadista de cereais e leguminosas beneficiados,TO,Norte,PRESIDENTE KENNEDY,ENTRONCAMENTO
7063,0,"2025-10-14","2025-10-14","2026-03-31",10000000,Não,,Serviços,SP,Sudeste,SAO CAETANO DO SUL,BARCELONA
7064,0,"2025-10-14","2025-10-14","2026-03-31",10000000,Não,,Serviços combinados de escritório e apoio administrativo,SP,Sudeste,SANTA BARBARA D'OESTE,JARDIM CANDIDO BERTINI II
7065,0,"2025-10-14","2025-10-14","2026-03-31",10000000,Não,,Obras de acabamento em gesso e estuque,SP,Sudeste,SANTA BARBARA D'OESTE,JARDIM SAO FERNANDO III
7066,0,"2025-10-14","2025-10-14","2026-03-31",10000000,Não,,Administração de obras,SP,Sudeste,AMERICANA,PARQUE SAO JERONIMO
7067,0,"2025-10-14","2025-10-14","2026-03-31",30000000,Não,,Comércio varejista de outros produtos não especificados anteriormente,GO,Centro Oeste,GOIANIA,PRQ DAS FLORES
7068,0,"2025-10-15","2025-10-15","2026-03-31",10000000,Não,,"Fabricação de outros artefatos e produtos de concreto, cimento, fibrocimento, gesso e materiais semelhantes",PE,Nordeste,TRINDADE,ZONA RURAL
7069,0,"2025-10-15","2025-10-15","2026-03-31",10000000,Não,,Administração de obras,SP,Sudeste,RIO CLARO,JARDIM CLARET
7070,0,"2025-10-16","2025-10-16","2026-03-31",10000000,Não,,"Comércio atacadista de máquinas, equipamentos para terraplenagem, mineração e construção; partes e peças",SP,Sudeste,CAJAMAR,Empresarial Paineira (Jordanésia)
7071,0,"2025-10-16","2025-10-16","2026-03-31",10000000,Não,,"Transporte rodoviário de carga, exceto produtos perigosos e mudanças, intermunicipal, interestadual e internacional",SP,Sudeste,GUARULHOS,PARQUE INDUSTRIAL CUMBICA
7072,0,"2025-10-16","2025-10-16","2026-03-31",10000000,Não,,Construção de edifícios,MG,Sudeste,ARAGUARI,PARAISO
7073,0,"2025-10-21","2025-10-21","2026-03-31",5000000.0,Não,,Comércio atacadista de resinas e elastômeros,SC,Sul,ITAJAI,CENTRO
7074,516,"2022-10-17","2025-10-21","2026-03-31",10000000,Não,,Sem Segmento,SP,Sudeste,LINS,Jardim Americano
7075,0,"2025-09-12","2025-10-21","2026-02-28",500000.0,Não,,Comércio,SC,Sul,CRICIÚMA,Centro
7076,0,"2025-10-10","2025-10-21","2026-03-31",100000000,Não,,Sem Segmento,SP,Sudeste,SAO PAULO,VILA NOVA CONCEICAO
7077,1169,"2025-08-26","2025-10-21","2026-03-31",1150000.0,Não,,Indústria,SC,Sul,TUBARÃO,São Martinho
7078,1169,"2025-08-01","2025-10-21","2026-03-31",1150000.0,Não,,Indústria,SC,Sul,TUBARAO,SAO MARTINHO
7079,1191,"2025-02-21","2025-10-21","2026-03-31",1500000.0,Não,,Serviços,SP,Sudeste,SAO PAULO,CERQUEIRA CESAR
7080,0,"2025-09-22","2025-10-21","2026-02-28",100000.0,Não,,Sem Segmento,SP,Sudeste,ÁLVARES MACHADO,CENTRO
7081,0,"2025-10-21","2025-10-21","2026-03-31",10000000,Não,,"Aluguel de máquinas e equipamentos para construção sem operador, exceto andaimes",TO,Norte,PALMAS,PLANO DIRETOR NORTE
7082,0,"2023-02-16","2025-10-21","2026-01-31",2500000.0,Não,,"Transporte rodoviário de carga, exceto produtos perigosos e mudanças, intermunicipal, interestadual e internacional",PR,Sul,LONDRINA,Gleba Fazenda Palhano
7083,0,"2025-10-22","2025-10-22","2026-03-31",10000000,Não,,Atividades paisagísticas,SP,Sudeste,VALINHOS,LOTEAMENTO PAIQUERE
7084,0,"2025-10-22","2025-10-22","2026-03-31",10000000,Não,,Atividades paisagísticas,SP,Sudeste,VALINHOS,LOTEAMENTO PAIQUERE
7085,0,"2025-10-22","2025-10-22","2026-03-31",10000000,Não,,Preparação de documentos e serviços especializados de apoio administrativo não especificados anteriormente,SP,Sudeste,JUNDIAI,JARDIM FLORIDA
7086,0,"2025-10-22","2025-10-22","2026-03-31",10000000,Não,,Serviços de engenharia,SP,Sudeste,RIO CLARO,VILA INDAIA
7087,0,"2025-10-22","2025-10-22","1900-01-01",0.0,Não,,Comércio varejista de tintas e materiais para pintura,MG,Sudeste,UBERLANDIA,SANTA MONICA
7088,0,"2025-10-22","2025-10-22","2026-03-31",10000000,Não,,Comércio varejista de produtos alimentícios em geral ou especializado em produtos alimentícios não especificados anteriormente,MG,Sudeste,UBERLANDIA,BRASIL
7089,0,"2025-10-27","2025-10-27","2026-03-31",10000000,Não,,"Instalação de portas, janelas, tetos, divisórias e armários embutidos de qualquer material",SP,Sudeste,SAO PAULO,VILA SOCORRO
7090,0,"2025-10-27","2025-10-27","2026-03-31",10000000,Não,,Comércio atacadista de outros produtos químicos e petroquímicos não especificados anteriormente,SP,Sudeste,SÃO PAULO,Parque Industrial Tomas Edson
7091,0,"2025-10-27","2025-10-27","2026-03-31",30000000,Não,,Moagem e fabricação de produtos de origem vegetal não especificados anteriormente,MG,Sudeste,UNAI,AGUA BRANCA
7092,0,"2025-10-27","2025-10-27","2026-03-31",10000000,Não,,Construção de edifícios,SP,Sudeste,CAMPINAS,JARDIM DO LAGO
7093,0,"2025-10-27","2025-10-27","2026-03-31",10000000,Não,,Instalação e manutenção elétrica,SP,Sudeste,SUMARE,PARQUE SANTO ANTONIO (NOVA VENEZA)
7094,0,"2025-10-27","2025-10-27","2026-03-31",10000000,Não,,Comércio varejista de materiais de construção não especificados anteriormente,SP,Sudeste,SAO PAULO,QUINTA DA PAINEIRA
7095,0,"2025-10-27","2025-10-27","2026-03-31",10000000,Não,,"Comércio a varejo de automóveis, camionetas e utilitários novos",PR,Sul,CURITIBA,CIDADE INDUSTRIAL
7096,0,"2025-10-27","2025-10-27","2026-03-31",10000000,Não,,Comércio varejista de produtos saneantes domissanitários,SP,Sudeste,SAO PAULO,JARDIM GUAIANAZES
7097,0,"2025-10-27","2025-10-27","2026-03-31",10000000,Não,,Serviços combinados de escritório e apoio administrativo,SP,Sudeste,SAO PAULO,PERDIZES
7098,0,"2025-10-27","2025-10-27","2026-03-31",10000000,Não,,"Comércio varejista especializado de peças e acessórios para aparelhos eletroeletrônicos para uso doméstico, exceto informática e comunicação",SP,Sudeste,SAO PAULO,MARANHAO
7099,0,"2025-10-28","2025-10-28","2026-03-31",10000000,Não,,Sem Segmento,GO,Sudeste,UNAI,CENTRO
7100,0,"2025-10-28","2025-10-28","2026-03-31",10000000,Não,,Sem Segmento,DF,Centro Oeste,BRASÍLIA,ZONA RURAL
7101,0,"2025-10-28","2025-10-28","2026-03-31",10000000,Não,,Sem Segmento,GO,Centro Oeste,FORMOSA,FORMOSINHA
7102,0,"2025-09-25","2025-10-28","2026-02-28",1000000.0,Não,,Sem Segmento,SP,Sudeste,SUMARÉ,Residencial Real Parque Sumaré
7103,0,"2024-03-22","2025-11-11","2026-02-28",1000000.0,Não,,Fabricação de vidro plano e de segurança,SP,Sudeste,SOROCABA,Iporanga
7104,0,"2025-09-25","2025-10-28","2026-02-28",1000000.0,Não,,Indústria,SC,Sul,GARUVA,DISTR INDL SUL
7105,0,"2025-10-02","2025-10-28","2026-01-31",2500000.0,Não,,Fabricação de laticínios,MG,Sudeste,INGAÍ,ZONA RURAL
7106,1203,"2025-04-08","2025-10-28","2026-02-28",13000000,Não,,Comércio,SC,Sul,BRUSQUE,JARDIM MALUCHE - URBANO
7107,0,"2025-10-22","2025-11-04","2026-02-28",54000000,Não,,Sem Segmento,SP,Sudeste,SÃO PAULO,Pinheiros
7108,1085,"2025-04-10","2025-10-28","2025-12-31",5000000.0,Não,,Fabricação de calçados de couro,RJ,Sudeste,QUEIMADOS,Campo Alegre
7109,1085,"2025-04-10","2025-10-28","2025-12-31",5000000.0,Não,,Comércio,RJ,Sudeste,QUEIMADOS,Campo Alegre
7110,0,"2025-10-28","2025-10-28","2026-03-31",10000000,Não,,Serviços de manutenção e reparação mecânica de veículos automotores,SP,Sudeste,BARUERI,ALPHAVILLE EMPRESARIAL
7111,0,"2025-10-28","2025-10-28","2026-03-31",10000000,Não,,Serviços de capotaria,SP,Sudeste,SAO PAULO,INDIANOPOLIS
7112,0,"2025-10-28","2025-10-28","2026-03-31",10000000,Não,,"Transporte rodoviário de carga, exceto produtos perigosos e mudanças, intermunicipal, interestadual e internacional",SP,Sudeste,SAO PAULO,VILA PRUDENTE
7113,348,"2025-10-27","2025-10-29","2026-02-28",11000000,Não,,"Comércio atacadista de defensivos agrícolas, adubos, fertilizantes e corretivos do solo",PR,Sul,MARIALVA,JD RESIDENCIAL HAMADA III
7114,348,"2025-10-27","2025-10-29","2026-02-28",11000000,Não,,"Comércio atacadista de defensivos agrícolas, adubos, fertilizantes e corretivos do solo",PR,Sul,PRIMEIRO DE MAIO,JD ED GUELLI
7115,348,"2025-10-27","2025-10-29","2026-02-28",11000000,Não,,"Comércio atacadista de defensivos agrícolas, adubos, fertilizantes e corretivos do solo",SP,Sudeste,RIBEIRAO DO SUL,CABECEIRA DOS PINTOS
7116,348,"2025-10-27","2025-10-29","2026-02-28",11000000,Não,,"Comércio atacadista de defensivos agrícolas, adubos, fertilizantes e corretivos do solo",SP,Sudeste,ASSIS,VILA TENIS CLUBE
7117,0,"2025-10-29","2025-10-29","2026-03-31",10000000,Não,,"Serviços de instalação, manutenção e reparação de acessórios para veículos automotores",PR,Sul,LONDRINA,VILA SIAM
7118,0,"2025-10-29","2025-10-29","2026-03-31",30000000,Não,,Fabricação de alimentos para animais,GO,Centro Oeste,NEROPOLIS,FAZENDA MACAÚBA
7119,0,"2025-10-29","2025-10-29","2026-03-31",10000000,Não,,Sem Segmento,"","","",""
7120,0,"2025-10-29","2025-10-29","2026-03-31",10000000,Não,,Sem Segmento,MG,Sudeste,LAGOA DOURADA,ZONA RURAL
7121,0,"2025-10-29","2025-10-29","2026-03-31",10000000,Não,,Sem Segmento,MG,Sudeste,LAGOA DA PRATA,S JOSE
7122,0,"2025-10-29","2025-10-29","2026-03-31",10000000,Não,,Sem Segmento,MG,Sudeste,CARANDAI,ESTACAO
7123,0,"2025-10-29","2025-10-29","2026-03-31",10000000,Não,,Sem Segmento,MG,Sudeste,BARROSO,DR J GUIMARAES
7124,0,"2025-10-29","2025-10-29","2026-03-31",10000000,Não,,Sem Segmento,MG,Sudeste,ENTRE RIOS DE MINAS,ZONA RURAL
7125,0,"2025-10-29","2025-10-29","2026-03-31",10000000,Não,,Sem Segmento,MG,Sudeste,ARAUJOS,ZONA RURAL
7126,0,"2025-10-29","2025-10-29","2026-03-31",10000000,Não,,Sem Segmento,MG,Sudeste,DIVINOPOLIS,VLE DO SOL
7127,0,"2025-10-29","2025-10-29","2026-03-31",10000000,Não,,Sem Segmento,MG,Sudeste,BELO HTE,DAS IND
7128,0,"2025-10-29","2025-10-29","2026-03-31",10000000,Não,,Sem Segmento,MG,Sudeste,BOM SUCESSO,APARECIDA
7129,0,"2025-10-29","2025-10-29","2026-03-31",10000000,Não,,Comércio atacadista de leite e laticínios,MG,Sudeste,PAPAGAIOS,ZONA RURAL
7130,0,"2025-10-29","2025-10-29","2026-03-31",10000000,Não,,Sem Segmento,MG,Sudeste,DESTERRO DE ENTRE RIOS,""
7131,0,"2025-10-30","2025-10-30","2026-04-30",10000000,Não,,Comércio varejista de material elétrico,MG,Sudeste,UBERLANDIA,TRIANON (LOTEAMENTO)
7132,0,"2025-07-01","2025-10-30","2026-02-28",100000.0,Não,,Desenvolvimento e licenciamento de programas de computador não-customizáveis,PR,Sul,CURITIBA,CENTRO
7133,1205,"2025-10-02","2025-10-30","2026-02-28",100000.0,Não,,Sem Segmento,PE,Nordeste,RECIFE,PASSARINHO
7134,0,"2025-10-22","2025-10-30","2026-03-31",500000000,Não,,"Bancos múltiplos, com carteira comercial",CE,Nordeste,FORTALEZA,PASSARE
7479,0,"2025-10-31","2025-10-31","2026-03-31",10000000,Não,,Comércio atacadista especializado em outros produtos intermediários não especificados anteriormente,SP,Sudeste,JACAREI,JARDIM CALIFORNIA
7576,0,"2025-10-31","2025-10-31","2026-04-30",10000000,Não,,Serviços de engenharia,MG,Sudeste,UBERLANDIA,JARDIM HOLANDA
7577,470,"2025-10-28","2025-10-31","2026-03-31",236000000,Não,,Recuperação de materiais plásticos,PR,Sul,CURITIBA,CIDADE INDUSTRIAL
7578,470,"2025-10-28","2025-10-31","2026-03-31",236000000,Não,,Indústria,MS,Centro Oeste,CAMPO GRANDE,Loteamento Polo Empresarial Oeste
7581,1218,"2025-10-27","2025-10-31","2026-01-31",12000000,Não,,Sem Segmento,PR,Sul,CURITIBA,Cidade Industrial
7594,0,"2025-10-31","2025-10-31","2026-04-30",10000000,Não,,Comércio a varejo de peças e acessórios novos para veículos automotores,SP,Sudeste,SAO PAULO,BARRA FUNDA
7597,0,"2025-10-31","2025-10-31","2026-04-30",10000000,Não,,"Transporte rodoviário de carga, exceto produtos perigosos e mudanças, intermunicipal, interestadual e internacional",SP,Sudeste,SAO PAULO,CONSOLACAO
7604,0,"2025-10-31","2025-10-31","2026-04-30",10000000,Não,,Instalação e manutenção elétrica,SP,Sudeste,RIO CLARO,RESIDENCIAL BOSQUES DE RIO CLARO
7637,1211,"2025-10-06","2025-10-31","2026-02-28",3000000.0,Não,,Sem Segmento,MG,Sudeste,BELO HORIZONTE,Estoril
7638,1211,"2025-09-18","2025-10-31","2026-02-28",3000000.0,Não,,Sem Segmento,MG,Sudeste,BELO HORIZONTE,ESTORIL
7639,1211,"2025-09-18","2025-10-31","2026-02-28",3000000.0,Não,,Sem Segmento,MG,Sudeste,NOVA LIMA,VILA DA SERRA
7640,1211,"2025-09-18","2025-10-31","2026-02-28",3000000.0,Não,,Sem Segmento,MG,Sudeste,BELO HORIZONTE,LOURDES
7739,137,"2024-03-07","2025-10-31","2025-11-30",5000000.0,Não,,Sem Segmento,MT,Centro Oeste,VARZEA GRANDE,CAPAO GRANDE
7740,1201,"2025-10-01","2025-11-06","2026-03-31",3000000.0,Não,,Sem Segmento,SP,Sudeste,SÃO PAULO,Catumbi
7741,1201,"2025-09-30","2025-11-06","2026-03-31",3000000.0,Não,,Sem Segmento,SP,Sudeste,SÃO PAULO,Catumbi
7742,1201,"2025-09-30","2025-11-06","2026-03-31",3000000.0,Não,,Sem Segmento,SP,Sudeste,SÃO PAULO,Catumbi
7743,1181,"2025-10-31","2025-11-04","2026-01-31",48000000,Não,,Incorporação de empreendimentos imobiliários,SP,Sudeste,SAO PAULO,CERQUEIRA CESAR
7744,0,"2025-11-04","2025-11-04","2026-04-30",10000000,Não,,Sem Segmento,MG,Sudeste,CONCEICAO DO PARA,CASTILHO
7745,0,"2025-11-04","2025-11-04","2026-04-30",10000000,Não,,Sem Segmento,MG,Sudeste,BELO VLE,ZONA RURAL
7746,0,"2025-11-04","2025-11-04","2026-04-30",10000000,Não,,Sem Segmento,MG,Sudeste,LAVRAS,S VICENTE
7747,0,"2025-11-04","2025-11-04","2026-04-30",10000000,Não,,Obras de alvenaria,SP,Sudeste,PIRACICABA,BOSQUE DOS LENHEIROS
7748,0,"2025-11-04","2025-11-04","2026-04-30",10000000,Não,,Construção de edifícios,SP,Sudeste,SAO PAULO,CHÁCARA SANTO ANTÔNIO (ZONA SUL)
7749,0,"2025-11-04","2025-11-04","2026-04-30",10000000,Não,,"Transporte rodoviário de carga, exceto produtos perigosos e mudanças, municipal",MG,Sudeste,UBERABA,RECREIO DOS BANDEIRANTES
7750,0,"2025-10-31","2025-11-05","2026-02-28",1000000.0,Não,,Serviços,SP,Sudeste,RIBEIRÃO PRETO,Jardim Botânico
7751,0,"2025-11-06","2025-11-06","1900-01-01",0.0,Não,,Aplicação de revestimentos e de resinas em interiores e exteriores,SP,Sudeste,SAO PAULO,PIQUERI
7752,0,"2025-11-06","2025-11-06","2026-04-30",10000000,Não,,Coleta de resíduos não-perigosos,SP,Sudeste,SAO PAULO,VILA GUARANI
7753,0,"2023-08-18","2025-11-06","2026-02-28",100000.0,Não,,Indústria,SC,Sul,JARAGUÁ DO SUL,Vila Lalau
7754,0,"2025-11-07","2025-11-07","2026-04-30",30000000,Não,,Comércio atacadista de matérias-primas agrícolas não especificadas anteriormente,ES,Sudeste,SERRA,JARDIM LIMOEIRO
7755,0,"2025-08-28","2025-11-10","2026-01-31",1000000.0,Não,,Sem Segmento,SP,Sudeste,SAO PAULO,PARQUE RESIDENCIAL DA LAPA
7756,0,"2025-10-09","2025-11-10","2026-02-28",90000.0,Não,,Sem Segmento,PI,Nordeste,TERESINA,Livramento
7757,0,"2025-10-16","2025-11-10","2026-02-28",5000000.0,Não,,Sem Segmento,CE,Nordeste,LIMOEIRO DO NORTE,ZONA RURAL
7758,1100,"2025-10-20","2025-11-10","2026-02-28",10000000,Não,,Serviços de funerárias,SP,Sudeste,SOROCABA,VILA ASSIS
7759,1199,"2025-09-23","2025-11-10","2026-02-28",3000000.0,Não,,Sem Segmento,PR,Sul,CAMBE,DISTRITO INDUSTRIAL DOUTOR JEHOVAH ALMEIDA GOMES
7760,0,"2022-08-26","2025-11-10","2026-02-28",100000.0,Não,,Serviços de engenharia,SP,Sudeste,SÃO PAULO,Vila Nova Conceição
7761,0,"2025-10-23","2025-11-10","2026-02-28",6000000.0,Não,,Comercio Varejista,PE,Nordeste,RECIFE,PRADO
7762,0,"2025-11-10","2025-11-10","2026-04-30",10000000,Não,,Sem Segmento,MG,Sudeste,UNAÍ,Área Rural de Unaí
7763,0,"2025-11-10","2025-11-10","2026-04-30",10000000,Não,,Sem Segmento,GO,Centro Oeste,CRISTALINA,ZONA RURAL
7764,0,"2025-11-10","2025-11-10","2026-04-30",10000000,Não,,Sem Segmento,MG,Sudeste,DIVINÓPOLIS,Vila Belo Horizonte
7765,0,"2025-11-10","2025-11-10","2026-04-30",10000000,Não,,Sem Segmento,MG,Sudeste,BURITIS,ZONA RURAL
7766,0,"2025-11-10","2025-11-10","2026-04-30",10000000,Não,,Sem Segmento,GO,"",SÃO JOÃO D'ALIANÇA,""
7767,0,"2025-11-10","2025-11-10","2026-04-30",10000000,Não,,Sem Segmento,SP,Sudeste,ITAPEVA,Área Rural de Itapeva
7768,0,"2025-11-10","2025-11-10","2026-04-30",10000000,Não,,Sem Segmento,MT,Centro Oeste,TANGARA DA SERRA,JD TANGARA II
7769,0,"2025-11-11","2025-11-11","2026-04-30",10000000,Não,,"Montagem e instalação de sistemas e equipamentos de iluminação e sinalização em vias públicas, portos e aeroportos",RJ,Sudeste,RIO DE JANEIRO,FREGUESIA (JACAREPAGUA)
7770,0,"2025-11-11","2025-11-11","2026-04-30",10000000,Não,,Sem Segmento,MG,Sudeste,UBERABA,Nossa Senhora da Abadia
7771,0,"2025-11-12","2025-11-12","1900-01-01",0.0,Não,,Instalação e manutenção elétrica,RJ,Sudeste,RIO DE JANEIRO,CENTRO
7772,0,"2025-11-13","2025-11-13","1900-01-01",0.0,Não,,Instalação e manutenção elétrica,SP,Sudeste,SAO PAULO,VILA CLEMENTINO
7773,0,"2025-11-13","2025-11-13","1900-01-01",0.0,Não,,"Fabricação de artigos de serralheria, exceto esquadrias",SP,Sudeste,SOROCABA,JARDIM VERA CRUZ
7774,0,"2025-11-17","2025-11-17","1900-01-01",0.0,Não,,Sem Segmento,MG,Sudeste,BONFIM DA FEIRA,CENTRO
7775,0,"2025-11-17","2025-11-17","1900-01-01",0.0,Não,,Sem Segmento,MG,Sudeste,CARANAIBA,ZONA RURAL
7776,0,"2025-11-17","2025-11-17","1900-01-01",0.0,Não,,Sem Segmento,"","","",""
7777,0,"2025-11-17","2025-11-17","1900-01-01",0.0,Não,,Sem Segmento,MG,Sudeste,FORMIGA,STA LUZIA
7778,0,"2025-11-17","2025-11-17","1900-01-01",0.0,Não,,Sem Segmento,MG,Sudeste,DIVINOPOLIS,S JOSE
7779,0,"2025-09-22","2025-11-17","2026-03-31",1000000.0,Não,,Sem Segmento,SP,Sudeste,JANDIRA,Núcleo Micro Industrial Presidente Wilson
7780,0,"2025-11-04","2025-11-17","2026-03-31",2000000.0,Não,,Sem Segmento,SP,Sudeste,ITUPEVA,PAINEIRAS
7781,1168,"2025-11-12","2025-11-17","2026-03-31",53000000,Não,,Instalação e manutenção elétrica,SP,Sudeste,SAO PAULO,VILA INDEPENDENCIA
7782,0,"2025-10-31","2025-11-17","2026-03-31",1000000.0,Não,,Sem Segmento,BA,Nordeste,CONCEICAO DO JACUIPE,COLONIA BRASILIA
7783,0,"2025-05-12","2025-11-17","2025-12-31",5000000.0,Não,,"Fabricação de cosméticos, produtos de perfumaria e de higiene pessoal",SP,Sudeste,SUMARE,RESIDENCIAL REAL PARQUE SUMARE
7784,0,"2023-10-20","2025-11-17","2026-03-31",100000.0,Não,,Comércio por atacado de pneumáticos e câmaras-de-ar,RS,Sul,TAPERA,RODOVIA
7785,0,"2025-04-11","2025-11-17","2026-03-31",1500000.0,Não,,Comércio varejista de outros produtos não especificados anteriormente,RS,Sul,BOA VISTA DO BURICA,VILA IVAGACI
7786,0,"2025-10-24","2025-11-17","2026-03-31",2500000.0,Não,,Sem Segmento,SC,Sul,SAO JOAO BATISTA,KREQUER
